Protocol,Flow Duration,Total Fwd Packets,Total Backward Packets,Fwd Packet Length Max,Fwd Packet Length Min,Flow Bytes/s,Flow Packets/s,Label
17,73037,5,0,396.3027891576775,324.6309995189912,-2804798.054613117,14151.970109225551,DrDoS_UDP
17,80025,2,0,232.19165736759396,231.3168306060082,419314204.75227875,1999696.706879864,DrDoS_SNMP
17,-48489,1,0,448.78321064731534,453.86443966476037,892703990.7440225,1998518.6662290785,DrDoS_NetBIOS
6,53525,4,0,1468.9664305183912,1461.4013923449334,889404344.6981604,1996624.2778803217,DrDoS_DNS
17,23994,3,0,229.00366166153148,228.52337573330067,444490775.76913345,2001143.763594172,DrDoS_SNMP
17,18561,2,0,1471.3623850456154,1478.7029936700599,207611477.8018816,1004378.7165951938,DrDoS_SNMP
17,250709,219,0,437.9725303939514,328.65831300164757,-7660646.609981992,1084.1108351150178,DrDoS_DNS
6,74827,1,2,-2.367871248865918,0.8265761788907671,2928787.825400638,31991.267843591526,DrDoS_NTP
6,63698,5,22,-1.2199551736816292,4.918400463052059,6170412.402638582,15507.021163816487,TFTP
17,26188,3,0,390.9612431701207,389.23493396836193,790459388.3125926,2002886.808128857,UDP-lag
17,-25404,4,0,1471.4218980389378,1473.2195372683468,2931115707.236771,2000909.492997034,DrDoS_MSSQL
0,116756395,41,0,1.0370769788454035,-0.8504098641230606,-1816042.8196551532,-14917.82243048404,BENIGN
17,49501,3,0,453.8650500972798,444.228998696637,958395619.9799176,1999746.2594649347,DrDoS_NetBIOS
17,-119,1,0,441.7420472020474,440.08974772486204,903649991.2213145,1999017.3096544172,DrDoS_NetBIOS
6,117582014,23,7,0.6758521486798782,0.5908053583521796,-4241389.564635262,-958.0317377735773,Syn
0,104315205,34,0,-0.003866463391149072,-2.7093795406839103,-553962.0172261656,-6982.1671413902,BENIGN
6,-115486,2,0,-3.1414091342495003,-0.1612477500356858,116529.06210554647,10672.43974884876,TFTP
6,109990431,21,0,5.12004298974488,2.5123635925845313,2244221.243276277,1524.1822283484307,BENIGN
6,71777,4,0,-4.249400460621523,-0.40854297752552887,2865051.7025911226,27572.86749785135,TFTP
0,83286149,7,0,-0.5417847842623655,-2.0523842677519255,633734.5869079629,7874.426039416996,BENIGN
0,112806986,48,37,6.371136641012807,3.4673916276598447,-3340045.2346534813,-15764.97529706515,DrDoS_NetBIOS
6,6917907,8,9,452.9619896767405,11.849875293072202,3599323.0603303574,-2933.709919530769,DrDoS_NTP
17,-30190,2,0,1469.4487737948,1475.0630940838494,108331042.56664623,997496.7938523269,DrDoS_MSSQL
6,81318,5,7,51.44456682488651,49.52774236145769,3587189.128840347,-956.8651182895064,BENIGN
6,12601873,5,0,-2.3827896750883264,-2.7142127723735157,-5314266.44804675,5234.165598142754,TFTP
6,69625,3,0,-5.838313014410036,2.6289928063653076,-4187828.9584643347,2001371.6827687158,TFTP
6,31560,0,1,51.54304455255064,-0.003671944820749354,1772917.844857028,8060.0326004280305,BENIGN
6,151343,2,2,-6.442388743565987,5.45228820345675,-7082678.5533410115,26629.73880993261,BENIGN
17,132116,209,0,399.0078016874309,326.21997736652463,-1410491.7705194599,-113.16821754636112,DrDoS_UDP
17,-35431,3,0,385.42877750960497,391.51911606734734,-1051117.545244809,389086.514725653,DrDoS_UDP
17,14577,3,0,1385.649487787193,1415.2133488584304,1470549974.6069722,998177.2595767522,DrDoS_SSDP
6,5432089,8,24,559.603566918043,3.796486501771885,6629182.892200114,-10574.902365363312,DrDoS_NTP
17,-56485,1,0,1467.8579101606358,1469.9324939940807,2929868072.034416,1999623.9066503032,DrDoS_MSSQL
6,119367131,32,10,1131.5966953122245,-1.802655935921956,-6723330.365105915,9367.465077597706,Syn
6,3684658,3,0,-1.1204215943012579,-0.6972435832988575,1168689.45420529,4783.837771534276,DrDoS_NTP
6,-57491,1,0,-2.6112324116787575,0.035909027102865775,-7041718.263775823,1997880.0936165457,Syn
6,4058030,192,2,594.715239093325,-0.8206454188685199,-4943816.81773036,12492.457502723382,BENIGN
6,13672900,4,0,3.1460342806766946,0.047664978452796596,-2786860.1448987545,400176.24459920794,TFTP
17,-31882,1,0,1470.1148935514334,1471.4132793813442,907964003.2421554,999353.1356866576,DrDoS_LDAP
17,-138,4,0,390.6972405668197,391.43836191188336,774653373.6153973,2002669.5484809284,UDP-lag
6,136034,2,2,40.75940739115155,1.1467106070743636,2580634.4904815247,27429.68516988547,DrDoS_NTP
17,-35268,3,0,382.5998014678134,392.0062240979155,787586173.3063982,2002832.9956722618,UDP-lag
17,44800,163,0,432.86487566337644,351.4755321211627,797382.8831798581,11071.93996424908,DrDoS_DNS
17,45634,4,0,1465.5559894075654,1471.346401296472,2922546129.114716,1991718.9806381483,DrDoS_MSSQL
17,71212,3,0,1470.9702310268704,1476.342188955298,2910535836.4106336,1997193.6647051072,DrDoS_MSSQL
17,39415,2,0,1358.4295176175526,1342.6300014758167,1304451465.9951904,999457.913453719,DrDoS_SSDP
17,-5083,1,0,403.20608315459697,393.16220600606147,788448992.3021384,2001185.0878442135,DrDoS_UDP
17,58793,2,0,384.77096434754185,394.8521713057365,768522127.4159158,1998778.9409538428,DrDoS_UDP
17,-17656,1,0,1338.866028224806,1361.456463340803,2576003513.617147,1999247.3792735995,DrDoS_MSSQL
17,19418,2,0,1467.0615318394343,1476.9143221788402,2935190467.6416383,667299.2251806925,DrDoS_MSSQL
6,90684714,15,2,-1.178582090483691,3.115823266404938,1694623.124801897,12066.355511510132,BENIGN
0,74852598,33,0,-2.406736424180026,2.1664902912177517,6474494.961246578,15232.244735581702,DrDoS_LDAP
17,26881,1,0,650.8125856794692,457.83864003156395,950649882.8094522,1997936.7499706305,DrDoS_NetBIOS
17,142582,4,0,395.3293959042129,396.3428229311568,767694606.4592776,1999808.5117548476,UDP-lag
0,-155780,6,0,-2.155377894538333,-0.27699128816329455,4042430.3916383795,14615.902336114621,BENIGN
6,119501840,4,2,-0.8495880964877923,-2.7930946192897004,-6120813.406511581,999282.5806954028,Syn
17,-5047,1,0,439.5633371989431,681.0148139333605,2602779072.5251784,996344.4951986807,DrDoS_DNS
17,157005,4,0,394.5179895594648,335.6887047173453,461844.56103056064,8202.096388648479,DrDoS_UDP
0,117854315,45,3,-2.146974790363995,3.6915946621185403,-4101907.801627597,-11963.921105575875,DrDoS_NTP
6,37960,1,4,7.560634367307237,3.0846566904121624,-4382498.508403526,26587.873341417577,BENIGN
17,-4916,3,0,1383.1097012600883,1375.1844800984138,1168174651.7771225,998102.5407984693,DrDoS_SSDP
17,172576,208,0,442.11888581420055,436.7381951095921,1477774.6139078534,12390.114075879988,DrDoS_UDP
0,103043042,34,0,1.3754340957138458,3.708599280544026,-382333.50254243077,10820.498308025122,BENIGN
17,82625,2,0,378.6896028837303,230.51677956352972,987906343.8128524,1000098.680228331,DrDoS_UDP
17,4361,1,0,392.7491370531308,406.9215522490571,801231219.4622489,18489.828662881722,DrDoS_UDP
17,61301,2,0,1470.886406174852,1474.3905461804466,1469191606.6984105,997324.4702360412,DrDoS_MSSQL
17,41958,3,0,1474.3462367641846,1476.18571546586,1461363597.9590073,1005193.4142632021,DrDoS_LDAP
17,-1591,3,0,390.1766528064083,339.0213565324569,35683.78586644982,12216.769725208465,BENIGN
17,96393,206,0,437.3806135398001,428.55276668962233,9742164.899154525,8990.297864698885,DrDoS_DNS
0,71901700,4,0,-2.9384247790725864,-1.1547894243639663,-1477457.6941376019,21296.82429555974,BENIGN
6,84441,2,2,3.4141422687932783,1.4842597635067283,-3823793.029417117,22134.659222162627,TFTP
0,109327112,36,0,-0.7484790411775948,-0.3872534252104667,-2666339.251994538,-2507.5830943384026,Syn
17,94839,211,0,1406.4019461994517,1353.4904838745385,1284037563.3227358,995498.7901358466,DrDoS_SSDP
17,69227,201,0,444.0677935236,446.7127434365267,-2022537.2118983052,4572.625934218258,DrDoS_DNS
6,-11801,2,0,-2.4482210669589106,0.4989137843078504,-1398147.7979629424,2000345.4904004317,TFTP
17,-69505,3,0,1467.926132128583,1470.2270529297846,2960142069.144932,2005440.4136936464,DrDoS_LDAP
6,-67928,4,0,3.7858553972135183,0.4737985414293375,-1666345.9476033917,1999171.9134376894,TFTP
6,115549840,12,0,4.382976599101631,0.2658364812075109,-1097630.1663891745,1165.5541583943868,Syn
17,-90136,1,0,220.72094284872662,227.98754349797628,439862502.35969174,2000260.0481195634,DrDoS_SNMP
17,19617,2,0,381.59617805371334,328.3473741747985,846256.2518319543,5604.875398936917,DrDoS_UDP
17,-2618,3,0,452.5920215324259,581.5586718166729,970718226.2652316,2002511.9880053736,DrDoS_NetBIOS
17,-94961,3,0,1405.99195759695,1351.7127567294954,1113462197.6856842,641668.0560107493,DrDoS_DNS
17,96438,3,0,380.8089195922318,325.1083706108434,-444968.41963265324,5130.425404357662,DrDoS_UDP
17,58673,4,0,381.77561358471763,388.4466594506322,752407788.5571147,2002322.2113787597,UDP-lag
6,116235016,24,27,-4.639827951266271,-1.5141669140617724,-3759368.8040210307,556.1935722653961,Syn
6,114138207,28,23,5.962441511508993,-0.7704782865582911,145516.47403363883,1448.176391426754,BENIGN
17,-17884,3,0,1478.4216032061806,1482.208102308482,997174581.1428587,675574.6334137283,DrDoS_MSSQL
0,80964790,4,0,-5.356890738962601,-3.1715967716640563,-7876751.890897729,17697.051237411924,BENIGN
0,108336231,228,0,1.4170030144805097,0.8872058701195193,-66458.31240105466,-5015.772247547349,DrDoS_NetBIOS
6,91724,1,2,51.02177605758062,43.57379147610742,-269513.53382679354,9355.231960553498,BENIGN
17,-31473,2,0,1474.1571189675387,1474.3175573275462,963639736.0284878,668446.0083862054,DrDoS_NetBIOS
6,56109,3,0,4.36266644982794,5.4928392784926,-3960158.937217092,1998289.4415723719,Syn
17,85406,1,2,41.36287580877036,46.64044800100437,3732076.9328441257,13838.576843464794,BENIGN
17,-33842,3,0,1472.2125475497087,1482.767960196586,2939703859.2846904,1999087.3182450694,DrDoS_MSSQL
17,-16757,1,0,886.7274707796905,701.0184810850091,953898031.0930779,2004128.501647842,DrDoS_NetBIOS
17,5064781,223,32,452.4736373365508,441.2432649247418,3482124.5742001915,-10764.7402321417,DrDoS_DNS
0,108714622,37,0,-2.184548784789068,0.5315375449074746,-4334021.29867671,15854.096235671834,DrDoS_NTP
17,-8365,3,0,1466.4920247137627,1471.5484757642025,807941918.9832078,999477.3961198003,DrDoS_MSSQL
17,-96187,2,0,225.41153428666075,227.71456147548525,434845839.3603195,2005668.5743044454,DrDoS_SNMP
6,27305,0,2,41.66335630500744,5.718945461559177,5368995.009389031,17020.458716936515,BENIGN
17,95468,3,0,1467.5756591213096,1476.7026281254332,1459355682.409416,997433.5580138469,DrDoS_LDAP
17,114451,3,0,392.0370300460841,332.78797240460347,-294422.3911414079,18857.250849114957,UDP-lag
17,20758,3,0,390.1438565641056,400.76610201405936,434786577.7127539,1997792.6543976013,UDP-lag
0,97160143,38,0,-0.0815748507268667,-2.8848005317700762,4648160.643021417,5172.39656166754,BENIGN
17,42440,5,0,1475.1292949608273,1471.4069020684872,931826378.4167275,662134.5149156869,DrDoS_DNS
17,-21925,1,0,217.86348316290224,231.3869944707146,2634663.3607297963,2006745.3800023184,DrDoS_SNMP
6,-23927,0,0,-4.993997608020278,-0.5543807308141492,-1308080.8465291348,10899.44689928029,BENIGN
6,52638,3,0,2.720678697841918,-1.211439135870846,-1934705.9563660186,2002569.1810848797,TFTP
17,-3426,172,0,443.33526595086647,1459.4000090770328,955685105.5104027,667117.0988206005,DrDoS_DNS
6,46186,1,0,-2.8085708819764945,1.076829929350241,2197247.0686317715,2002866.8529199152,TFTP
6,135832,5,0,1.0259339956151163,-0.44599084027875724,1533155.2963811278,15330.777879233927,BENIGN
17,16562,1,0,1458.341733857842,1469.4474636533994,1481224116.9444032,999644.7765401973,DrDoS_LDAP
6,88990,3,0,6.30038943511015,3.0208946830466274,-1496634.1079808658,2003014.5011101994,TFTP
17,-2005,2,0,446.0651564025744,448.43807106553305,929405883.7283562,1999345.657743586,DrDoS_NetBIOS
6,56674,2,0,2.12666297515818,-2.8606702274997997,2536101.8922471805,1996967.860481238,TFTP
6,-125296,1,0,8.53090296579323,-0.39627514969116195,1771036.6687492318,1996541.3678457686,TFTP
6,49011,1,0,3.887762164157686,3.363414512183308,1304154.8780383868,15628.78793876808,TFTP
17,28675,3,0,392.2600669739375,395.3558203152901,785551277.4014419,2001849.935652612,UDP-lag
17,51296,1,0,1469.7937980003105,1477.5445458522922,115439599.52394536,997477.9943903483,DrDoS_SSDP
6,10174,0,2,1.9985651713786738,-0.5107657281657448,-1248973.2772407953,8091.383910842866,BENIGN
17,-1501,4,0,390.00157260954,390.09013389782007,760936976.6153872,1998526.9575159703,DrDoS_UDP
6,-54585,2,0,2.429611747966662,-0.9627350826497005,802969.103173918,18571.514550608274,DrDoS_NTP
17,87812,5,29,443.6791127979082,331.1929627585772,10612274.444902357,20799.027761706297,BENIGN
17,-7207,1,0,223.56864130882985,228.50051629665026,455198390.4295325,2005421.6316536157,DrDoS_SNMP
17,58253,3,0,226.50086791507218,227.6041009088326,449583694.7165045,2007122.608561956,DrDoS_SNMP
0,87065300,38,0,4.396816292680458,2.2095715203279473,1029021.0700455614,-1676.0317419863622,BENIGN
17,-114958,2,0,1463.4828622116904,1469.9653389193286,1465868527.9895122,1004464.5041818595,DrDoS_SSDP
17,33828,1,0,1470.3640737109251,1473.545813318582,1461756112.3816998,1001318.2094915089,DrDoS_SSDP
17,38519,1,0,798.2358860031662,762.054015669765,1243770115.7663357,1001506.0160610565,DrDoS_SSDP
6,63330,2,0,3.225250313898117,3.6870580020226735,-2729692.4692687523,2003490.5440922363,TFTP
17,119577,162,0,430.3132382298281,290.07281218966483,-2586497.878105265,472.08781541099233,DrDoS_DNS
17,108062,3,0,386.58671142619585,329.84221507105116,5520469.915976952,9358.68503871947,UDP-lag
17,-50355,2,0,383.6984401542126,392.6633054917602,2823864.8639395023,21152.124207195768,DrDoS_UDP
6,105698806,5,0,3.007573561910624,0.3958822397737018,2481959.076397972,11483.449466018465,Syn
17,-50144,1,0,1463.5927349653534,1473.8373611724162,2938747721.054149,1999619.2225421676,DrDoS_MSSQL
17,64258,185,0,215.47286401156111,226.82923917029544,9095390.878625872,29228.493442238207,DrDoS_SNMP
17,-6324,4,0,1474.4735253087572,1476.208232446903,2901496093.626479,1994115.2367586454,DrDoS_MSSQL
6,24678,3,0,2.2235367073558896,0.6559433804499338,-1691903.0466759808,1999658.1713699503,TFTP
17,-4479,2,0,1469.7750297934358,1478.6415771740071,1462094230.6259832,996866.0999601613,DrDoS_SSDP
17,34368,3,0,1474.4811710130582,1473.7490511339,2933705023.440211,2000069.8519104926,DrDoS_MSSQL
17,-25473,3,0,1468.4367418915003,1470.337839032535,936506495.6655335,677563.5617877882,DrDoS_NetBIOS
17,177369,194,3,436.24771810502443,320.0649354937072,3590266.06270025,7126.570827647538,DrDoS_DNS
17,16987,1,0,226.26066397119564,228.83060892999524,428123796.8928591,995711.7477858887,DrDoS_SNMP
6,106385470,1,0,-1.6531050121516901,-0.6589985737264132,-4874899.189838001,4583.195391237069,Syn
6,12920,3,0,1475.3743290207524,1471.2913006282686,2933312085.3404074,1997694.5328482972,DrDoS_MSSQL
6,-8637,4,0,0.8366552806292731,0.14736544578531002,1416730.1015180915,1002184.289218916,BENIGN
17,-19911,2,0,1475.9505293032532,1378.8244749544501,2933884526.280829,1997715.269826287,DrDoS_MSSQL
17,-15816,2,0,392.29310960243424,392.65417416326756,805624562.345336,2000128.6585642772,DrDoS_UDP
17,62132,3,0,378.0808237304701,320.1829746074652,-96901.91958256881,4535.886083485967,DrDoS_UDP
6,143926,1,0,5.891050170286786,10.484053328150228,2154389.631785039,2001806.7184341094,Syn
6,11795570,10,0,-3.037723477030901,-2.4128986889997592,-540303.9794414218,18902.20728172838,BENIGN
0,-73296,7,2,-6.796668989817628,-4.972774770090568,-7030490.662843079,23700.926734344765,DrDoS_NTP
17,-12958,3,0,1365.832857075039,1358.3956091194057,2598067120.0382943,1000574.1904529016,DrDoS_SSDP
6,13010904,3,2,-3.524202554265952,-2.3314734086841358,-2249556.3071566913,18126.15351982307,Syn
17,-87094,2,0,399.2105860773832,395.7058996430627,774710014.8424907,2003161.1211994612,DrDoS_UDP
17,131332,208,0,424.76748727044736,311.5773055342559,-307595.38840579544,-69.1092733875139,DrDoS_DNS
17,10221,1,0,391.52252150866724,397.5045855050251,759965939.2063794,2003597.8525873679,UDP-lag
17,56095,2,0,225.81366950994956,230.5230719014,476887035.36920124,2006955.1435312137,DrDoS_SNMP
6,13428485,6,2,3.0360658788842145,1.4439709551414615,-3804214.786210835,22449.414314033995,TFTP
17,-6660,2,0,444.57543278893934,436.1990752443577,912005072.7021766,1995970.5257040472,DrDoS_NetBIOS
17,106,3,0,397.423335649227,1427.4408614415627,437962233.27511954,1997984.0144028573,DrDoS_MSSQL
6,110749398,24,0,3.4870867133989147,0.4347262299036126,2432109.352315477,3995.2099307145054,BENIGN
6,108668641,28,20,2.770708562000432,0.48115979696822203,1476545.5129752606,4153.699230366447,BENIGN
17,-72646,197,0,451.3954041280667,232.38619363710782,7353506.490291088,13359.82364008563,DrDoS_SNMP
17,41416,2,4,40.78802957309286,49.5508671578215,1709200.5452165718,3586.030274898675,BENIGN
6,115436651,24,0,-5.157219460818953,-2.1701227478221194,1841809.3686040607,1836.364404476466,Syn
17,-33372,3,0,1473.976162286832,1476.127548306083,2929834310.8367453,2000072.9641384843,DrDoS_MSSQL
6,108125,3,0,-1.0049445744183303,1.7009981573476396,3361208.4282986172,2002496.1472618768,TFTP
6,118349515,26,0,0.9147335880156681,-0.5021104853923499,-8442837.931116967,-2563.3613665025896,Syn
6,117864530,28,0,2.14863730235459,-0.862079347700955,-1614722.8192830079,6116.647110154505,BENIGN
17,-47006,1,0,710.0654742744772,389.98203582051457,2650733476.7923265,1991120.6119289785,DrDoS_NetBIOS
17,-30951,4,0,385.2969072406122,389.7534040212552,774901353.3061275,2004087.015581399,UDP-lag
6,79417,0,2,-4.1786906029264,0.3774099792728566,-1707232.1523962414,20645.027059396045,TFTP
17,-94715,194,0,443.25987072068807,429.95474530912077,1881702.5757350437,8819.01487867762,DrDoS_DNS
0,-208030,6,0,0.9956395063675931,2.1239152257156766,2869861.1732737375,14226.71287841868,BENIGN
17,33518,1,0,388.13282719876446,400.23128206032857,926379733.4062871,2000958.392212954,DrDoS_NetBIOS
6,91122,4,2,494.7862022022752,1.9118213864870108,-1772591.2954084876,10238.049498321192,DrDoS_NTP
17,-67639,0,0,569.8618810511208,591.6295641452596,2724691077.3333397,1997358.412611719,DrDoS_NetBIOS
17,128588,198,0,445.703114314824,548.9343104394005,4211163.829104459,-4993.515226915091,DrDoS_NetBIOS
17,10318,1,0,393.62416112768284,394.33940211875534,803357787.9191785,2001616.1557869017,UDP-lag
17,-31001,2,0,576.5699518065178,449.19374018390903,903763353.0102673,1995038.1442365604,DrDoS_NetBIOS
0,120492417,53,3,3.1957559008626384,-4.194067621698541,-6540631.411207573,-17904.88116025336,BENIGN
6,104587,2,0,-0.6128502381217542,1.255300628105008,4521523.46162974,21539.937400421142,TFTP
0,84978273,6,2,-0.5947503630455547,1.405341287785496,-1649718.2109824761,1885.7857555212577,BENIGN
17,-90953,2,0,391.7876623754598,391.6551093472789,753382099.1395241,1994736.5246482005,DrDoS_UDP
17,8985,2,0,225.19014688347207,228.6842894812846,450678875.82631844,1998189.0963358942,DrDoS_SNMP
17,40339,3,0,228.0070229866832,228.59244223526417,474631138.80774105,2008444.9366367655,DrDoS_SNMP
17,-15904,2,0,1472.6197854796255,1469.8933459039672,2932150972.6093874,998830.6897348232,DrDoS_LDAP
17,40008,5,0,1468.9883137857225,1468.63927382042,2934112151.100609,1994620.8692095806,DrDoS_LDAP
17,43023,201,0,435.8821605758625,442.9956382045489,1704581.2858448245,14796.661650922777,DrDoS_NetBIOS
17,24563,2,0,442.32207656518926,440.64177105908414,940713075.5346584,2007289.9071382473,DrDoS_NetBIOS
17,11661,3,0,1464.611340309546,1469.6918955456654,82257434.48950963,1997532.7257228803,DrDoS_MSSQL
17,89324,2,0,232.2990114217901,231.84527070308854,430754784.8703445,1999398.420841431,DrDoS_MSSQL
17,-106245,0,0,382.2008223986624,384.929977676429,771161079.1026667,2003340.6266072895,UDP-lag
17,-48626,0,0,226.79125476114672,228.35215539978137,446338925.5443817,1998164.7965627073,DrDoS_SNMP
17,90792,3,0,229.8052986333723,230.8387692973757,438174169.97389656,1998905.4451772738,DrDoS_SNMP
6,6403149,7,0,378.96715184070524,-0.8543119384710555,-3961609.4955856623,-152.36894234876672,TFTP
6,51241,2,0,-1.987925265892697,5.101459943253682,-268901.79760881234,999968.9708384848,TFTP
6,93448932,19,1,-3.509420182228132,-0.598382991780572,5995623.877149149,11521.701013037668,BENIGN
17,34180,3,0,387.7748649658308,338.538251726244,802076813.4585907,17722.11507521873,UDP-lag
17,143720,2,2,41.598965018612006,50.00671462529217,2804375.602986954,15919.313152503439,BENIGN
17,-16263,4,0,1472.453402487462,1477.2258790109654,1480291465.246467,996874.8218234056,DrDoS_SSDP
17,23625,3,0,1474.8849360297147,1475.9581465689803,1464010436.5490162,997020.6348657085,DrDoS_SSDP
0,80004979,31,0,2.9891143315973236,2.8697100095093955,1246624.973839096,-569.5566901280326,BENIGN
17,37148,5,0,392.5375646174241,327.4005919754297,-1384734.159399994,12805.37848973013,UDP-lag
17,-21121,4,0,392.26873162296994,327.6006646132757,3157076.1592315226,7041.647859619887,DrDoS_NetBIOS
6,113801257,11,0,-5.880986494288479,-5.957624849493011,-3401816.90309209,5966.56613380385,Syn
6,23322,3,2,-1.0684704801421923,-1.9472286121734033,802253.688538124,25814.045397082373,BENIGN
17,49306,2,0,392.7903605177699,393.0175915588689,780804157.2618754,1998498.1151595819,DrDoS_UDP
6,75619,-1,0,2.719876681463248,0.523085005498569,2202679.9519367036,12188.508368206825,TFTP
17,138257,6,0,392.260725497038,337.3869186521712,-6195461.3304905845,-519.2557541950027,DrDoS_UDP
17,-47730,0,0,230.2764452996488,439.21499038337345,449670175.544032,2000988.2409617153,DrDoS_SNMP
6,34048,5,2,-7.378938216190244,1.1953546561269708,-3287486.92029385,22311.057863498263,DrDoS_NTP
17,-40959,2,0,234.88919379105232,232.57245608300843,13040547.806812983,30221.291243458505,DrDoS_SNMP
17,29683,2,0,1464.122204017102,1465.5370314962756,63880025.30506235,2000496.8112819244,DrDoS_MSSQL
17,72311,201,0,439.30054332763706,437.3535979215108,6615050.416606997,5976.006222307264,DrDoS_NetBIOS
17,-64114,2,0,1470.5570582819446,1468.333491748074,2930223366.2800508,1999461.7399149893,DrDoS_LDAP
17,26012,2,0,1461.0090739801358,1473.7698851824402,157244461.20461884,10184.679282901621,DrDoS_DNS
6,104905,0,2,-3.977766462184563,0.9063477959186897,563344.9939057509,33187.420126642304,DrDoS_NTP
0,111088726,50,32,672.6444008313383,1.2501947276068308,1452064.5388396613,-25773.401540779658,BENIGN
6,97981,3,3,26.606252079812307,5.036426219188427,81667.8819501726,20670.710014077566,DrDoS_NTP
6,48836,2,0,1.5066127628336705,1.74375758414642,-394536.82140073786,1998387.1554886391,TFTP
17,77082,3,2,39.539144512744535,44.398402798922284,171409192.4593213,13572.244256896776,BENIGN
6,26802,24,2,1.152042946713226,-0.28941694630944137,-873911.0645769762,15442.688452148306,Syn
17,31019,164,0,442.22481745704937,436.20065654849435,217267355.59984946,655841.4160844856,DrDoS_DNS
17,-4191,2,0,384.176725034105,387.7918926868699,774516623.8389711,1999995.7484211677,UDP-lag
17,12967,2,0,389.3662094040665,397.4667425068534,771019858.2076751,1998319.928117388,UDP-lag
17,79402,2,0,1468.9267272749767,601.4689766153438,1466462048.6544533,1000897.8468594883,DrDoS_NetBIOS
6,43527,1,0,4.572075909304855,0.9860792429882067,-1422626.1046441027,2003039.6725790652,TFTP
0,1746097,8,0,0.18752887485864259,41.68597816725763,-4443906.195134551,-8225.901328427957,BENIGN
6,117144564,34,8,-2.38924970238758,-2.7460094523419443,-11142584.741190117,-10186.995611565453,Syn
17,-51301,1,0,451.20504001297263,443.573950493105,904301543.9626076,2001533.7192199246,DrDoS_NetBIOS
17,116692,4,0,1474.5835661251767,1477.0113695297675,2933739230.010154,1999718.9941098702,DrDoS_LDAP
6,116654717,2,2,-1.264544204321162,0.24943243409197663,-2007425.5288794774,16524.963657659322,Syn
17,69028,2,0,1473.915752647049,1477.5185312526562,2919972253.4730983,1996257.6397918921,DrDoS_MSSQL
17,9431,2,0,1472.35761304745,1475.5602764971673,2936567012.879055,1999590.3230475832,DrDoS_LDAP
17,134476,207,0,439.8881077885559,443.557418739023,-2975993.2002209723,-1857.7829721231792,DrDoS_DNS
6,121267868,23,2,-2.524508418659674,-0.21303675824917456,-10789518.190064803,-861.8318330894981,Syn
17,49734,2,0,1370.3979017896231,1377.9271231528428,427762656.51983345,1997729.4125282455,DrDoS_SNMP
17,60115,5,0,386.0652002775254,327.2115176141854,5222504.719548767,-5306.863444992801,DrDoS_UDP
6,56990,2,0,5.980390963041536,3.809801681042425,5981343.768857528,2006050.8578229446,TFTP
6,118412,3,0,5.954486343304235,2.3926905361704027,-3136742.124505801,2001631.5338849386,TFTP
6,110751,1,2,34.76493754628728,2.1589022635376476,-6872957.984000924,6749.125531936053,BENIGN
0,-185040,7,0,2.26170536285157,1.3413539745375533,4879176.021216751,31734.204972879495,BENIGN
0,-106144,6,0,-4.185694604443179,1.4051110021561786,2384243.1406431496,14941.243055967949,BENIGN
17,-24244,3,0,386.91340229410946,328.66090288287006,787555121.5190505,19044.615136066473,UDP-lag
17,-8920,3,0,1472.8207432111253,1475.1253570235112,1476605154.0802073,1000883.3950258177,DrDoS_SSDP
17,72772,4,0,1470.1890006655858,1467.047972864441,1465621446.267341,1000889.4929794439,DrDoS_SSDP
17,47351,3,0,225.7472247554174,227.56295983863095,442523331.66780096,2002554.0131162624,DrDoS_SNMP
6,21266,2,0,0.9047696804216068,-2.2262464873942824,4792219.55652887,23040.01369524216,TFTP
17,94602,2,0,1479.8535882531442,1479.137080753823,2931588649.0424175,1999908.3304478729,DrDoS_LDAP
0,106843938,37,0,3.837878055016886,-2.2289333375047233,356208.8020587405,-14543.152765089613,BENIGN
17,75200,4,0,393.48410992073525,332.2661651182314,1454349.68750107,11939.118619507359,DrDoS_UDP
17,165567,3,2,36.66839152022103,38.49596764020445,-698027.7755223678,11738.875315479208,BENIGN
17,43447,0,0,1464.3014020822188,1477.3265826703637,2922951455.491702,2002592.9338258684,DrDoS_LDAP
17,4834,5,0,393.24145739383613,396.56723440071937,786232901.6451392,17385.85260236378,UDP-lag
6,61765,2,0,-3.232699066900038,0.796962343314987,195225551.34583676,2002196.1053834318,TFTP
17,-8887,3,0,380.9709789914318,50.41569515845346,25400.899992586346,2394.818798623265,BENIGN
0,91906881,39,0,0.8882289111193337,-4.376220123996326,777935.2949117519,993.4662338058315,BENIGN
6,53433,1,2,-3.7734962615768333,0.024073302973966086,-5986570.1884929985,2000221.9087602925,Syn
0,107982863,37,0,-0.5613107424382549,-0.6620902219300994,-2257296.2869046023,1415.1108145348917,BENIGN
6,121421001,35,2,-3.381720355127609,-0.24460981991609249,-12282212.541326107,-9140.257252635583,Syn
17,28796,2,0,392.28449585964023,229.61572104184805,442597617.2481854,1998643.8460316437,DrDoS_SNMP
17,73790,199,0,431.8709080430509,433.4649345800489,3644493.7002453255,9474.252198483338,DrDoS_DNS
17,103000,3,0,1471.2600616083778,1473.0663093089697,2908691714.1240187,1992735.7271994546,DrDoS_LDAP
0,79636553,5,0,-3.6854274905656954,0.1931518463247854,2274458.1646798863,8759.311105209854,BENIGN
17,25123,4,0,237.73518252235579,238.01613185615298,452979876.2090918,1993918.393805606,DrDoS_SNMP
6,120219,4,4,-3.0235030257518893,5.599495719128692,-1384409.9043094625,16970.173374432234,DrDoS_NTP
17,186760,42,42,41.6701650717354,36.264628400627636,-710848.7359065961,-2520.7716698523946,BENIGN
17,-8203,2,0,376.2697345217272,390.26003559227155,775734479.0428212,2003368.0320701061,UDP-lag
17,46384,3,0,387.9982925990642,328.0743004760083,4351713.647580026,18079.463906481084,UDP-lag
17,-48750,1,0,1469.0796717216494,1474.832038401449,2914542268.7912045,2000052.033457501,DrDoS_MSSQL
17,-64104,1,0,1469.3874714655128,1473.254798920388,1465931059.7911584,999027.5672856632,DrDoS_SSDP
6,63597,4,0,4.778779806423003,-0.4393859252996889,-970277.6374674763,15484.300383062593,TFTP
17,-30090,2,0,395.45498200169516,395.84280452257207,950841686.4086667,8397.770096135617,UDP-lag
6,7362854,7,8,549.4175631115605,1.8684308597631958,3730194.4817266604,-10575.047904031624,DrDoS_NTP
17,-32926,2,0,433.69609792241533,495.45529379580597,798806466.1022744,1993383.554524875,DrDoS_DNS
17,-52996,4,0,1472.0515313423807,1469.6626209230737,1465065701.4539413,998462.8148404802,DrDoS_MSSQL
6,120778,3,2,6.735992735538122,3.8589431514807995,321536.72596899536,36502.80023129331,TFTP
6,10900272,1,0,6.4496838017902105,1.2113079946492775,-415283.51030990365,1999062.2547396945,Syn
17,155320,1,2,43.1351766533225,41.001358211211034,302313.0025564381,7396.6002118975075,BENIGN
6,12369209,1,0,-3.350286503029469,-0.9259296625783571,-6128910.65738987,15820.755752406498,TFTP
17,-89076,2,0,388.6889291873614,386.5597474354814,745919826.4549474,2006158.224551367,UDP-lag
0,-150743,218,2,2.2034938160348125,0.6242865760391495,-3700684.0010965876,8470.698974168054,DrDoS_NTP
17,-91551,2,0,1397.8173408685843,381.06924892320114,767634298.7939563,2002257.7795919804,DrDoS_NetBIOS
17,3700569,22,19,614.1638655556964,3.3474299672470327,4104472.8989729704,-4114.5598511706685,BENIGN
17,211917,6,0,393.60863187420915,333.38163485337463,1851515.7823431538,2159.7195610692806,UDP-lag
17,5598,2,0,1473.6952335905976,1473.7366818142355,2935445779.771011,1997968.4605742698,DrDoS_LDAP
17,153531,7,0,392.208263156701,324.9127088013594,1551670.95323993,-1595.7232737991726,UDP-lag
17,5872,4,0,1472.195241978038,1467.47121516395,2909980429.4750524,1995387.065748049,DrDoS_LDAP
17,131079,2,0,386.7255763141628,331.2100585443364,4855943.197664785,11733.618453004508,BENIGN
6,115659111,25,2,-6.714108109334453,-3.6009425826315975,-5240524.183567294,15455.310466417806,Syn
6,87996,2,0,-4.7439751256208265,0.07782442138201137,303842.34310139134,2000125.9932961192,TFTP
17,2960,2,0,439.26375794971807,442.57409299949217,944719367.5229131,2002206.2057673857,DrDoS_NetBIOS
6,33985,2,0,533.0353620068175,550.4467793316369,940733926.1166921,2001975.445400881,DrDoS_NetBIOS
6,159949,5,0,-2.432817114038559,5.869935371661715,1745204.3689054775,16967.69170912379,BENIGN
6,107384755,27,0,-2.947374040151903,-0.8887161245824953,941117.608702552,1569.564303813222,Syn
6,77756,4,0,6.16480089051178,2.972518987021937,1638714.5547728143,1996804.468688832,TFTP
6,115507,1,0,5.598764068208453,1.8345574040112975,-3486200.5324796857,-1735.3237334283167,BENIGN
17,4000,4,0,1478.2675075008488,1480.6607957787762,2934166934.3643894,1996260.415406983,DrDoS_MSSQL
17,-68482,2,0,1387.9207205800496,1472.7641459221256,1313301092.2273538,1002107.1689293582,DrDoS_SSDP
6,21062,2,2,54.181138502975074,2.5004429637708196,335939.9733523221,14153.243572573263,DrDoS_NTP
6,-80407,-1,0,-0.6709410701963031,-0.6969824232386993,5940107.003511505,2001467.9241041953,BENIGN
17,30451,4,0,971.8829958364968,236.62872046950838,1146551.1593482976,18758.23777437795,DrDoS_SNMP
17,9288,4,0,1477.6501893987704,1479.6233334750189,1470249917.0877488,991128.0284918969,DrDoS_SSDP
6,165339,2,2,-4.329931926814795,-1.8757391442142894,-2359722.779434043,18563.123553338926,BENIGN
6,91225,171,0,442.68866849442304,428.87778823235175,108904561.71674901,6614.758111487688,DrDoS_DNS
6,-37374,0,0,-0.24774316485441406,-3.3640761624423337,3306204.108547869,1999037.7566254644,TFTP
6,81821,2,0,-2.303786575154014,-0.7434057818221436,-6436003.849354988,1992292.3373758288,TFTP
6,14058440,3,0,3.6852584852621524,-1.5522329847285914,-5420364.9684226075,13227.461419067313,TFTP
17,-2863,5,0,1473.772842323935,1475.2557023124411,2956351025.7232475,1998659.8664995674,DrDoS_MSSQL
17,-25366,2,0,392.4893706633679,389.60713184045227,771471939.8224031,2001238.5743489808,DrDoS_UDP
6,17643,3,2,-2.9359285121885073,-0.3809342647082388,1221199.385303276,9737.028183844532,Syn
17,-52567,1,0,392.78853196568514,400.1154745314967,802007709.7699845,1999867.6761826344,DrDoS_UDP
17,54722,3,0,380.5632648190144,389.5421978521517,-1438100.6956781612,2003768.667578359,UDP-lag
0,108447660,43,0,1.048349104416677,-5.768252820786446,-1334501.9995226024,-8400.012933547296,BENIGN
6,-9198,0,0,1.102921747467558,3.694565689785967,-1981939.5619252583,2002587.483859772,BENIGN
17,-98384,1,0,1466.742895501128,393.39260885001534,2928151467.747083,1998665.76725833,DrDoS_MSSQL
6,-45296,2,0,0.602692648729886,1.2897951136270789,-3997338.7560082367,1999604.8814025398,TFTP
17,36656,3,0,386.1225295596947,394.63394496032254,782203298.4753755,1999552.431598512,DrDoS_UDP
17,-48323,0,0,227.29939307478222,237.14791634799352,458086552.72803646,2004460.1618842706,DrDoS_SNMP
17,-56533,2,0,446.33486096265904,441.5848267033618,931410270.7253035,2001216.0667955084,DrDoS_NetBIOS
17,-10519,3,0,1472.6721117037164,1471.4664594848093,2931907044.195294,2002063.7308062308,DrDoS_MSSQL
17,-65283,2,0,1467.4153206328024,1470.3624799546192,1464517643.5274813,998547.0243684726,DrDoS_SSDP
6,68095,-1,1,54.82721218239455,47.66632022555976,3524733.38416149,4898.5875035494955,BENIGN
17,-74935,1,0,390.7003096021228,392.50999019365344,764483870.4032277,2000271.5383724181,UDP-lag
17,-25468,2,0,1476.2003511372845,1470.9939872751481,2925817271.6680813,1994944.8596577807,DrDoS_LDAP
17,41350,3,0,861.9775802716513,775.9456157280682,4958869.76240752,14755.792140477191,BENIGN
6,12133085,4,0,4.771788901030943,-0.4960390119683632,-5787669.753837783,-2260.1754436930623,TFTP
6,42504,2,0,3.3610015899721697,4.513902482553975,-3893353.7990287757,24087.96718654554,BENIGN
0,106508093,37,0,-1.2833626079809433,1.0041137837356808,-1190909.3369193322,-5414.923596075347,BENIGN
0,114828968,44,0,-0.688322416688921,0.2632534864853998,-1934257.1529625675,-906.3643554547489,BENIGN
6,66607,3,0,1.9689642916996406,5.455518177963486,-5121465.12280135,2000706.0332863058,BENIGN
6,68027,1,2,-0.732058804726909,3.0909163429388182,-3629606.641036665,2002246.578444225,Syn
6,141738,2,0,-0.9829464801807622,7.832606783694989,-1885008.4952802982,1998224.6766190205,TFTP
6,113383897,17,0,1.9692988491820644,-3.292524945621538,1113627.6583607835,5194.102614484052,BENIGN
17,-20702,2,0,1465.7138809138507,1476.2921120514202,2941701347.6937323,1999264.3812687963,DrDoS_MSSQL
6,69712,2,0,4.63294718204386,-0.9239021309587732,-1760207.0593887416,2002982.6583221431,TFTP
17,170219,7,0,387.214572273873,331.23630977129875,2829811.106400594,5149.812079031584,UDP-lag
6,-21762,3,31,906.1462440103505,2.3615383461131443,1801682.465621924,13643.192336327484,BENIGN
17,8372,3,0,389.4728956442155,379.2950614867937,763810800.677877,2004301.318987967,DrDoS_UDP
17,69218,0,0,933.5663183598118,675.5824439101309,1413912.465409906,1995125.5487989667,DrDoS_NetBIOS
17,-22892,1,0,1471.3446116177356,1475.992647270852,2958188282.348856,2001570.998059928,DrDoS_LDAP
17,27103,1,0,1474.130679875727,1473.30661482524,2924413839.306587,1999910.0475529227,DrDoS_MSSQL
17,50026,207,0,430.78050092171213,437.4897768472554,4308775.079854888,-5663.054319787052,DrDoS_DNS
17,83598,3,0,390.82086534874736,329.7040233407842,-587928.5432286076,3441.0165853565586,DrDoS_UDP
17,78436,2,0,1467.9757889175228,1472.0804040874596,1470130354.7038825,995029.0532677934,DrDoS_SSDP
17,-20933,3,0,1465.9891820977546,1475.2997999456918,1521383912.2477913,14978.303149523963,DrDoS_LDAP
17,99758,205,0,442.6724359230793,446.9369014676668,1144068.3799940995,12764.381344182573,DrDoS_NetBIOS
17,43386,4,0,226.22126325576676,218.3288851283773,445056229.91160464,2008235.7209130763,DrDoS_SNMP
17,-20635,2,0,390.4863233962142,394.6148524782374,786657592.8688909,1997146.8508078775,DrDoS_UDP
0,93900466,44,2,2.1686440580722737,-1.7205183304761469,310524.40035298,-152.953407159599,DrDoS_NTP
17,11357,3,0,1406.6851729294021,1476.5964745520475,2920782953.7334456,1992986.1226206352,DrDoS_MSSQL
0,99608725,45,0,-4.058611265287796,-3.123117718225727,59394.40251539135,-1747.7730649127989,BENIGN
17,-6804,1,0,1466.9245995430988,1471.3807150912396,2935537454.2098203,1999750.0186042367,DrDoS_MSSQL
17,155922,2,0,440.06195281670574,447.48443074824104,950100497.2937199,14397.036435421176,DrDoS_NetBIOS
17,64273,3,0,220.7639893093903,224.65828582208027,434666155.8842265,1998280.3146635215,DrDoS_SNMP
6,112711227,14,0,-1.1603156642287642,-0.3746216332075149,-1389931.3672334969,4671.598004013004,Syn
6,7151746,41,10,446.66977857351475,4.5180474025596045,-5146843.988943383,-9190.145829008401,BENIGN
0,-109183,7,3,-1.8255952834395188,1.8545853927772842,5438029.132901664,4659.908707796364,DrDoS_NTP
6,12106708,2,2,0.8206295649357693,-2.587742914732728,-2388485.655448865,21875.36360346771,Syn
17,77281,3,0,226.10393102162678,229.47777767657598,433138697.3939165,2000127.5624707341,DrDoS_SNMP
17,29512,1,0,475.1659224957077,536.8514015958226,453574829.8568094,996764.4439999213,DrDoS_SSDP
6,-37509,1,0,923.1807345952097,1.9133607922483924,504719.1098491654,2002938.8674026562,TFTP
17,19428,151,0,437.65465783617805,397.167907830556,1149223.4621791998,8448.891997215482,DrDoS_DNS
6,-9497,5,2,5.95541568311768,3.0626196504206793,-386911.5925230272,20289.58813438806,BENIGN
17,186533,7,0,390.3903360183857,334.29203885790815,3668443.481865843,7666.260262899921,DrDoS_UDP
17,95862,3,0,1465.589832757355,1475.2197028403048,1469799313.73714,997100.9754592248,DrDoS_SSDP
17,37776,0,0,1466.0032924626028,1470.1366322719787,2930391271.626699,2000451.4075128546,DrDoS_MSSQL
17,32566,4,0,444.091445311411,566.1005464528128,1265602857.6729708,6597.741637983386,DrDoS_DNS
17,39649,2,0,1468.8300995356337,1475.740631642038,1469911923.057431,998772.1456821412,DrDoS_SSDP
0,-106067,7,0,-2.652147373032333,-3.22504915367172,1565549.769014709,15644.874581891516,BENIGN
0,81692805,210,0,2.58013035978719,0.6196439026646255,-2267777.1348060044,12128.346754344999,BENIGN
6,1622,1,0,2.3387285227449204,0.3729761232854168,-6488242.203393499,1999211.7465547442,Syn
6,73591,2,2,0.9156213355070867,-0.9487241774053414,-3922569.504793372,25351.328302566813,DrDoS_NTP
0,114607590,49,11,0.6853308327270318,-0.8737412509974422,-5106865.05418861,-12123.114997193446,BENIGN
6,3774765,5,7,46.730737404736395,3.795534816806902,6108985.926291383,10530.091200074168,BENIGN
17,-82206,2,0,386.50999842289684,391.8135448428104,760702385.0710691,2000219.4479045135,UDP-lag
6,-101160,9,0,-2.171911751997004,-0.4247801616216941,-157057.4126071958,1997158.0207776318,Syn
17,109968,3,1,47.41678718472931,35.767369368788785,-1087403.2467291986,7166.08717499848,BENIGN
17,60547,2,0,1478.3538710375678,1473.4685969322088,2922267096.458122,1998089.0076093331,DrDoS_MSSQL
17,56779,7,0,389.52703117079756,324.82182572104745,2149676.7263084,10610.505898494699,DrDoS_UDP
17,-15215,0,0,445.10436121344736,448.7595923162126,923778570.2941694,1998970.6184078357,DrDoS_NetBIOS
6,120600761,33,2,-5.7302699854721855,-2.6769994556997387,-10282393.96539702,8404.998227894479,Syn
6,151674,2,1,-6.297721674286901,0.3584913951225906,-2569019.2402947927,19302.560479338732,DrDoS_NTP
6,92634,0,0,-6.388484609177883,1.4939414981097958,1482421.797668994,14018.465236400683,BENIGN
17,181625,4,0,398.96949820462874,331.6084755194196,-1481016.1790177145,-983.3912731921882,DrDoS_UDP
6,-31955,2,2,4.375559827135351,3.336684780026118,-1744333.323222547,23226.40599180175,BENIGN
17,80634,2,0,239.34753449548265,228.54545109920414,424840970.5104236,2002049.1891031612,DrDoS_SNMP
6,104833,11,2,-0.533015231116703,-2.012334487238329,-2924234.7866641413,9685.194182851865,Syn
17,-49216,3,0,1473.1969401801598,1465.7333297036998,2564461502.670175,1999036.1801394795,DrDoS_MSSQL
17,186474,6,0,380.87298733318346,331.6982311478952,-4618982.470174521,-5060.940057750462,UDP-lag
17,-64396,3,0,230.97287635457687,224.06134107438584,439441068.65698826,1995417.2192553277,DrDoS_SNMP
17,-46389,3,0,1467.4606906703393,1468.391619967346,2913120070.421589,1994108.538384165,DrDoS_MSSQL
17,92707,5,0,396.6762804913662,328.6257590573629,-1264190.4505332813,1459.8038914628032,DrDoS_UDP
17,90712,5,0,389.7299464915951,387.78848278406593,-146869.54850655096,6824.190854090497,DrDoS_UDP
17,-50779,0,0,453.158940650481,719.9517219160737,141861184.1943016,8290.899377145866,DrDoS_DNS
6,13188834,4,0,0.7807737526689028,-1.6460400184217736,2412140.889044741,17751.851743840205,TFTP
17,74731,158,0,431.6134790263547,1467.7910420224264,-4167488.930533774,2158.0025513038618,DrDoS_DNS
0,86909188,6,2,2.4702827333671253,3.147888852706495,2268390.1923483005,12711.798858610025,BENIGN
6,-29921,2,0,2.1671969362907424,-0.3160201098993406,-2761847.139425923,1994097.97806028,Syn
17,-43662,192,0,437.3954320966525,430.77382817283467,166869550.34038928,414986.0273164862,DrDoS_NetBIOS
6,165425,2,0,0.8982619977796229,7.262036235653978,-1735981.3388335665,2003759.934388396,TFTP
17,40596,2,0,1471.966535114174,1474.2060407975412,2913592432.2535653,1998827.6126476568,DrDoS_MSSQL
17,82420,4,0,387.8993694584649,606.9781229197928,-1445214.981207505,9081.690734012553,UDP-lag
17,125969,211,0,433.3605476521121,433.09874557239317,701212.5275668239,14389.619161146951,DrDoS_DNS
6,14331094,4,1,563.5903564872007,2.49108723659878,750683.9764122898,4215.599944684419,BENIGN
17,177898,201,0,447.8707717161276,329.4274383430722,-5229618.153494201,9083.751015785814,DrDoS_NetBIOS
17,8407898,8,29,383.4011963880849,323.97460109802904,5886321.727215764,-20451.87484966765,DrDoS_UDP
17,-14141,3,0,1479.9176472145264,1482.4687741480539,1469918932.5689576,994422.1732099841,DrDoS_LDAP
6,3850426,4,2,-4.605814405119169,1.9164464647557866,-7936961.336963081,23987.16664284655,DrDoS_NTP
17,39850,1,0,219.63423038542368,230.3725767232631,140596270.91223344,999228.3979501429,DrDoS_SNMP
6,174077,1,0,1.1627143481931885,2.0685858111061473,2612537.3797819745,2001027.1618645734,TFTP
17,-44197,3,0,1466.900820965299,1470.5760248897554,1460264108.0419233,667570.2126311808,DrDoS_LDAP
17,96417,3,0,431.4997398333943,31.165039186504938,1643928.2874026836,5145.108638893822,DrDoS_UDP
17,19995,1,0,445.75166258321804,750.9982962367994,921476508.3765709,1997783.2589972054,DrDoS_NetBIOS
6,17627,3,0,1.6105370605471627,1.9670496569037499,-4261987.278730484,11374.552756360337,Syn
6,84674,4,2,1.0865568663958958,2.588248738471443,2778638.2578106467,23632.879321428292,Syn
6,61390,3,6,0.8154461672758622,3.2240203300738783,995915.3097811673,13504.55664791029,DrDoS_NTP
6,128651,2,2,-7.238289717033493,-2.367741680055476,-4315167.797808536,30466.3968419932,Syn
6,-34821,0,0,-5.584076490100766,-1.1873702484791238,-1579208.83417716,1997318.2069046698,TFTP
17,-96704,2,0,389.54758792437957,386.5754383780614,744315239.4105328,1998565.0056280545,DrDoS_UDP
6,148998,3,0,-0.6633034223857925,3.169342930326405,-178254.64966988564,2004665.2188233729,TFTP
17,91461,3,0,385.97209154566826,388.13596507522277,3270711.9999237084,7446.524306635805,DrDoS_UDP
6,74346,3,0,1.1294581945923792,-2.370485409941731,-668519.0859570138,2000262.9254174528,TFTP
0,86280624,46,0,-1.5455672753592764,2.8544066939503807,-1744920.9013625912,-6897.344664347809,BENIGN
17,84508,3,0,1472.4090601076357,43.098489484051846,1464183536.0062203,7288.149070027479,BENIGN
0,-44613,6,3,2.9475169166333526,-0.572857915731383,-896777.7590366534,7021.38333266092,DrDoS_NTP
17,41967,2,0,1476.3429224570987,1480.0270967384479,1474511918.8405955,997124.8134950907,DrDoS_SSDP
17,-88816,3,0,1469.6104534759033,1475.7918255235597,1453052550.1502295,999550.704220657,DrDoS_SSDP
17,-45954,3,0,1470.5006575072641,1475.671192523595,84910318.19884783,999700.694766682,DrDoS_MSSQL
17,-71904,3,0,1472.0322021828895,1472.8415788235625,1471388867.8241553,998912.5082739362,DrDoS_SSDP
17,-34619,3,0,1480.4022964615979,1482.795859165322,954016380.022076,669650.7205968215,DrDoS_MSSQL
6,51793,1,0,2.2925001725675527,5.235594848660112,6097661.693046892,2004027.5029616917,DrDoS_NTP
17,56235,167,0,436.4061109793234,440.36368400674667,54461.99405838642,4575.351319042681,DrDoS_DNS
0,169012,224,0,-1.5163603707655622,0.16736572087648063,-194134.1569324762,-8376.72212634252,BENIGN
17,1028,4,0,229.89613445210546,226.9847365475835,432176669.2151145,1996739.8526684104,DrDoS_SNMP
0,106978074,6,0,1.4645566197232665,0.9891841151864643,5804760.298177381,13529.356841264385,BENIGN
17,42063,4,0,391.17219129171923,384.9783152208106,-5407767.336047752,6274.6140299434055,DrDoS_UDP
6,61198,2,0,-2.3844606435942337,1.1833617656525457,959794.4871786975,1995425.9387888107,TFTP
0,107675973,43,0,1.5036553425948767,0.9992233956176552,-4751488.990812524,-3128.2061787638704,BENIGN
17,82508,2,0,235.25936798111604,628.2623192182331,469893038.91527563,1997228.2707401218,DrDoS_LDAP
6,4516128,31,6,600.3479293633989,6.203896233131923,-795067.0166718678,660.0481178613009,BENIGN
17,-44159,2,0,1476.438688874815,-0.6463135537620479,158732303.87124392,9112.719274890675,DrDoS_MSSQL
17,-77635,4,0,1471.959012147485,545.7415100902066,1189480579.8835094,1000213.6544220349,DrDoS_MSSQL
0,113281111,44,34,2.693520245423116,-0.2750563245057115,-4623612.231599594,-20815.827786771762,BENIGN
17,77908,2,0,1475.341456636271,1476.9986438898427,2937499339.605809,1997077.694652114,DrDoS_MSSQL
17,8467236,32,0,395.88039688409316,333.75553440858454,4261469.000061837,-24537.738974489122,DrDoS_UDP
17,130371,5,0,400.45274797981654,450.59229203927663,-463867.0155796425,9582.707346998253,DrDoS_NetBIOS
17,-40599,0,0,1472.7563848160137,1466.8336173885484,2927146715.8185563,1999925.8540042422,DrDoS_LDAP
6,41652,5,0,-1.6318168976385115,1.638189937506894,-5877463.182144727,1997697.3952979858,Syn
6,115244763,17,0,-6.443723093162432,-5.509986325565984,-4104833.6132888496,-4479.693268584408,Syn
17,4095,1,0,1468.8970109594154,1473.2868949728788,200644886.0683391,18652.851607558398,DrDoS_LDAP
17,120676,5,0,391.05501775557667,323.4399154391401,-5792790.192668064,-3332.15898623073,DrDoS_UDP
17,-31790,2,0,228.1046621488849,234.07512263055938,425985760.33138967,1999263.861613975,DrDoS_SNMP
0,103231464,30,0,-4.645264783191587,0.008783764714735062,-1659173.1458408225,12820.1183226373,BENIGN
17,73695,3,0,226.91630191792225,228.1722991719978,11912302.21930853,28059.79829953978,DrDoS_SNMP
6,133278,3,2,44.808431330336184,7.107250209151582,1818027.6198367493,20423.737824368356,BENIGN
0,84915138,40,0,0.34872406446305887,0.7266108581858041,1285024.2554963236,6609.598130408263,BENIGN
17,-11915,2,0,1468.3647874339122,1475.9437139881215,2935024346.753227,1996697.694342427,DrDoS_MSSQL
17,19941,1,0,563.1586950173021,564.5455951798671,822598554.4908621,1996662.8718650916,DrDoS_NetBIOS
6,114495808,21,0,-3.7475576889235924,-3.51285816342611,-6120601.352271912,10001.630693931374,Syn
6,101267,2,2,0.44439302897431116,2.591957875291944,-6114354.073317416,8966.856104440818,Syn
6,76522,1,0,8.60574489335826,3.4692376751698273,2980644.079173113,1999745.596175511,TFTP
6,121333,2,0,5.048386815778341,0.4520118997116353,-1639786.288296419,2003168.9739329843,TFTP
6,-19663,2,0,-6.2560318588874075,-2.0536553204853902,2530258521.468942,1994363.431167562,TFTP
6,183403,3,0,8.530193834891739,-0.9401349992742831,-7000245.286112192,1990784.61820809,TFTP
17,108689,4,2,47.38955955724472,60.59464307308845,134434.6268377828,10229.421287821819,BENIGN
17,35416,1,0,392.92622560291807,1475.40692586056,783820223.951627,2004214.5789550184,DrDoS_UDP
6,73570,0,0,2.6489747472722347,0.31348034809328557,-357877.07234295784,1999697.8851377463,TFTP
17,-37369,3,0,378.6067495190444,388.5321102227602,759336519.8600217,1995050.4969089946,DrDoS_UDP
6,90110,2,1,1.0449384127500834,1.186551016895664,1677198.3729263782,10625.691154806369,BENIGN
17,15224,161,0,441.5796625166492,443.6130013071009,961559892.3980291,661241.5664693412,DrDoS_DNS
17,20501,4,0,1470.9075120889834,1471.0531135861806,1461706517.339994,995128.6723929198,DrDoS_SSDP
6,93971,3,0,-6.748908878089708,0.23051242518078924,1178203.3079314937,20299.949101489172,Syn
17,38030,4,0,390.06569349660464,400.55351810762244,-188919.7700213294,17543.56338564714,UDP-lag
6,12315380,2,0,4.175166321965493,3.315490977178027,727804.2634328351,2006591.2823462223,TFTP
17,8876,2,0,439.0594036978781,486.79546770995574,934663840.4156381,650779.7545041066,DrDoS_DNS
6,95040,3,0,-5.376158533716932,4.074164271768818,-1150410.7350658264,29243.949417798965,TFTP
6,85667,2,2,0.9029898806940699,3.0269487273564297,-749043.7308172693,2002610.6828691578,TFTP
17,29865,2,0,1467.191670831956,1473.870204414146,1466422190.2792583,1002697.0523121645,DrDoS_LDAP
17,82394,5,0,1411.9428122411364,1387.3332213815315,1463455911.2391453,997032.8369360783,DrDoS_SSDP
6,71405,3,0,5.866915467553275,1.4194407218638072,-8130571.689396282,1998725.2324668623,TFTP
17,1333,1,0,1471.8806711612647,1474.0567426085274,1185695538.1825912,1999506.3595315688,DrDoS_MSSQL
6,113159995,17,0,-0.9626871390205675,-2.965683794299829,-1055561.5578928555,13175.275988393429,TFTP
17,-77485,3,0,231.62794210596985,229.16842669776327,419695726.5565221,2002225.8976381707,DrDoS_SNMP
6,44952,4,0,5.0837221004388224,-1.8200067020881938,-6403944.469394124,2003308.324394641,TFTP
6,5587560,5,7,550.0967527950218,0.0899954744056858,2316700.7784431237,-2434.2154345470426,DrDoS_NTP
0,112293576,41,8,1.4970142734974141,-0.305399305690128,705935.0291688656,-13518.292564226871,BENIGN
6,121011,3,0,-5.030139031913508,-3.138982306591997,-2597350.7604068965,7904.698948727062,Syn
17,-4104,198,0,440.64538931067426,440.33145334140465,4099085.64759303,6623.559158179654,DrDoS_NetBIOS
17,310701,8,0,391.13438017405525,340.55467047219065,1937359.4991189498,2213.0612156080706,DrDoS_UDP
17,-51509,204,0,439.46261449596466,437.3827093040232,177456137.97072145,21952.21841595453,DrDoS_DNS
6,103762992,11,0,5.192545561401638,1.6715588895663087,-262961.5946672042,9549.676386074374,Syn
17,-8339,0,0,389.3005195867332,393.1465197097586,773086882.8405808,1999638.058531735,DrDoS_NetBIOS
17,-10708,1,0,1472.1429110055988,1471.5037846908308,2930772513.260916,1998602.4578795838,DrDoS_LDAP
17,53934,214,0,444.32214249759164,685.6698170177814,-20090.63972431072,1003786.557669218,DrDoS_NetBIOS
17,-21488,2,0,234.52664823717743,225.5306675122783,408208640.31390643,2001980.105610177,DrDoS_SNMP
17,40980,3,0,1477.3521939871803,1471.3415305493002,2926330769.0728416,1993613.0184276467,DrDoS_MSSQL
17,10047,4,0,389.627413589628,387.10272799425024,782407222.673923,2005652.5385051908,UDP-lag
17,164643,4,0,393.86695334130025,337.0978335771372,485126.9086422977,-10696.916902571673,DrDoS_UDP
0,115179127,47,0,3.047779877404365,0.5624703217828352,-1064300.6083750033,-14821.503553713963,BENIGN
6,12073686,4,0,-1.927795136804498,-0.792862414909387,-144619.22354672384,18167.84630555309,TFTP
17,-47488,2,0,1473.1854093196212,602.6926524958636,1003972202.3981308,2002966.505798637,DrDoS_NetBIOS
17,69377,3,0,220.97967342606802,237.6677275928544,419120145.2476771,1987983.6391691854,DrDoS_SNMP
0,111532592,208,0,-2.9930535656951824,2.258738885450253,-3994241.6904167198,1684.5952950802966,DrDoS_DNS
6,-2745,0,2,1.013800739213313,7.159059938645267,307179.0434048886,21231.23024876621,BENIGN
6,-23251,2,0,4.560380099846815,2.608356956493199,1039855.0620723616,2005320.6814093182,BENIGN
17,7626,1,0,1467.4007754343497,1475.3856857181818,1472849201.3754091,662744.4789813862,DrDoS_LDAP
17,66032,2,0,1469.887109737725,1467.1896554032596,123257644.38445757,662108.1919575264,DrDoS_DNS
17,123590,5,0,389.4413288893836,325.09546810158804,-6363324.003458581,4625.076453180849,DrDoS_UDP
0,-131623,6,2,0.09128049398446443,1.9473367201255898,3678488.9475182034,16707.715754907967,BENIGN
0,-72431,8,3,-3.1859097660471747,1.0155976334148822,-7661810.492492379,23219.563364253587,DrDoS_NTP
17,-1106,1,0,1470.4398236816883,1478.605063862876,1458036946.6571484,996192.4417746135,DrDoS_MSSQL
6,92528,2,2,3.100662514064329,3.703317650310454,778553.8088127099,24679.833678223036,TFTP
6,112049513,15,0,2.902759212757846,-2.289300706732372,4024465.6396151977,11815.005755447266,Syn
17,-62219,2,0,227.53714328354303,229.80138906694208,194377846.01302102,1001943.9820593363,DrDoS_SNMP
17,-37193,4,0,386.42368689562124,385.0454560165244,796713185.411523,1996623.2691045066,DrDoS_UDP
6,79434,4,20,50.9300479193821,44.535060952353845,-171027.6264435025,-12972.73971099823,BENIGN
17,51635,3,0,1470.1165960501778,1473.717950552966,2931179453.86496,1994526.484897677,DrDoS_LDAP
17,61672,3,0,226.13020667325478,219.14777959932985,72762547.3028571,1997468.5008446525,DrDoS_SNMP
6,467658,5,4,5.725857593238618,0.9889963787279651,8710224.14723029,19859.59182872872,DrDoS_NTP
6,53070,1,0,1.9507171458505512,0.9927654938334683,7236280.759217472,26247.005609272528,BENIGN
17,47129,3,0,385.2880294980656,392.175835051574,785278606.2256533,2000241.7478891565,UDP-lag
17,1513,0,0,382.71810675144894,388.63976282735376,766464892.5562603,1997125.663681395,DrDoS_UDP
17,-99378,1,0,1463.135043675076,1466.9028661962527,2934052362.3473463,1995559.992340012,DrDoS_MSSQL
17,6966,141,0,441.2990245643797,1466.3147740997267,955974033.4210783,673691.479252824,DrDoS_DNS
6,-24677,4,0,5.428116712693686,-0.9904835603635922,-871530.4202078336,1999847.5025102776,Syn
17,72299,2,0,1470.7113362231335,1467.843010615048,167557860.15964547,997206.190093596,DrDoS_DNS
6,58046,2,0,1.2697934780995832,-2.1205218127355345,-72490.18182727927,1996451.1925639904,TFTP
6,-39438,4,0,7.645579227531061,0.5438776620678154,1962765.677310205,1998636.384826818,Syn
6,-59853,2,0,0.32288444030770036,-3.7454659040581166,-5502614.634259106,1996698.250393055,Syn
17,12219,3,0,1470.7646391501205,1471.7669847719692,2923633536.198681,2001480.4858753714,DrDoS_LDAP
0,100598311,31,0,3.322737138749373,1.8280880488092182,211258.925215818,-8580.497053214778,BENIGN
17,-573,1,0,392.4334226710724,403.9256884948682,439430266.2799924,1998539.5142625924,DrDoS_NetBIOS
6,11340856,4,0,-2.119757162863126,-0.9185391648590079,-3314718.442590558,9244.039912622098,TFTP
17,228978,5,0,397.44240471889685,333.1303286382085,705038.9657947209,-14583.942864555465,DrDoS_UDP
17,-78305,4,0,231.8796985288689,229.12821075362558,444424547.5366792,1992922.3082098078,DrDoS_SNMP
17,-61048,4,0,1469.5671420632427,1471.1678936479955,2921776521.8693576,1993935.7617558097,DrDoS_MSSQL
17,171549,2,1,379.00689698818,333.71807272198055,2743707.5560754323,3391.6737789899034,BENIGN
6,127260,4,2,-4.924894208290776,3.434172510651894,219658.55470295204,16707.740011352686,DrDoS_NTP
6,23424,1,0,6.9368606114478295,4.4125852158935235,696453.3862132444,436342.92230702814,TFTP
6,117055199,20,0,-11.783137312064206,-8.70795677354004,-6265750.600363586,3087.325856971489,Syn
0,-50300,8,3,2.3882034992486427,0.7263868249053844,-2953739.0472485404,-946.5434235274606,DrDoS_NTP
6,137342,3,0,4.394284860276297,1.9149514340724234,-3973277.310383033,17350.669206834245,Syn
17,-55251,1,0,397.5807190049888,393.5969841786026,-116968.69280935358,1996054.1360841088,DrDoS_NetBIOS
6,44918,3,0,-1.1453212077267327,0.06220121327910281,-3558206.099578564,20747.879005276925,BENIGN
17,81657,4,0,381.2266802126179,317.62246127978455,2990959.5784521913,-2065.7981565459595,DrDoS_UDP
17,41794,1,0,233.30758226936032,232.7680985325731,464150393.4269124,1999944.183825366,DrDoS_SNMP
17,230956,3,0,1468.3661221514878,1473.4961483642571,107809316.10355872,8780.397608000852,DrDoS_LDAP
17,73613,3,0,1471.4805037020149,376.3743103546852,1065867972.8180853,6185.586813715974,DrDoS_DNS
6,65489,3,0,-1.336224509110101,-1.3606973113202414,-1335398.5326371517,2000578.8399259865,TFTP
17,79726,3,0,380.26605953800293,328.3976182376133,3751984.799602703,4378.353758331602,DrDoS_UDP
17,27200,2,0,378.6984393922237,385.94152030203117,779587895.9622576,2004593.8021337073,UDP-lag
6,79232,2,2,0.6830722362545331,1.8991840061014158,-6006913.974346793,32432.284660634556,DrDoS_NTP
17,20979,3,0,1478.3623662645691,1482.108202638759,2938450166.2307525,2002626.164936809,DrDoS_MSSQL
17,12006,1,2,8.874683030269578,39.212494193400126,3697549.671010458,10348.418568759336,BENIGN
17,35176,2,0,1474.925022738237,1472.376362173076,1474478680.7494407,998523.7068905403,DrDoS_LDAP
17,-36217,2,0,1476.0767709089428,397.34695869403237,2930339909.316828,1997538.25994688,DrDoS_MSSQL
17,149122,206,0,448.8353054838157,435.4041567412166,921680581.1835335,657969.4021408573,DrDoS_DNS
17,8856,2,0,1479.0626239124838,1478.182646633616,1472318725.882383,994722.3254412796,DrDoS_SSDP
17,-5464,1,0,1470.1353098668799,1471.2884364516497,2922629463.21544,2002133.6558475709,DrDoS_LDAP
0,106487036,33,26,3.244254973553912,0.5445578401651723,-4035473.6241471563,-17130.931933694566,BENIGN
17,111570,3,2,1471.1670437469668,43.221540250394725,-322472.6038570907,6087.775010526921,BENIGN
17,24425,1,0,1465.6785917639104,1474.1065144296517,1473826218.1732314,998213.2049814289,DrDoS_SSDP
17,126282,214,0,439.5250396449379,441.39141142707183,2019567.962011411,-7957.562676128295,DrDoS_DNS
17,87844,3,2,-0.8594424452977399,0.5414809098801306,-2243194.9483897155,4025.527021406023,BENIGN
6,112571109,11,0,-9.047486849274524,-4.594787191563557,-9020460.795666536,-997.893161927359,Syn
6,-35148,1,0,2.6847395363193587,2.0119333330732068,5778029.92178632,22259.974945990267,Syn
6,48982,1,0,8.640850268273661,3.464580837181871,-3492154.69342188,2002733.5095056607,Syn
17,-49321,2,0,392.3945632921465,396.77172170458607,784244127.1331687,368027.6695190894,DrDoS_UDP
6,63598,1,0,0.531890329969033,2.7697976954437613,8617179.041633032,23423.938926899824,BENIGN
17,-6849,2,0,382.0722218373647,388.2368358103353,760538885.7236593,1996437.9795333322,UDP-lag
17,119386,2,0,1370.462228899815,1349.410057045621,1164046266.4005344,998796.2323471789,DrDoS_SSDP
6,94005029,3,0,4.354937796076668,-4.394282219343368,-691084.878134832,24229.342986914307,BENIGN
6,175141,2,2,0.8610420231334319,0.1819233470010141,3769607.3121884447,34365.830552984815,DrDoS_NTP
17,117056,1,2,446.60122709097004,449.98685135264367,1108816298.5629542,1003498.9400159875,DrDoS_NetBIOS
17,-56711,2,0,1464.7130971285244,1470.6663977502874,982799814.4319067,669542.0641895831,DrDoS_MSSQL
6,88240,3,0,2.832579748113872,2.8670984089078138,-307233.1514482852,21333.376447612667,TFTP
6,13700224,6,7,-0.30052736837325544,2.850690032178994,-2305166.055182848,4736.222370552204,TFTP
6,3953087,3,5,505.36686173526437,0.029985908638900036,1148039.9009011623,15729.346495554286,DrDoS_NTP
17,31659,0,0,390.9863647879162,234.01375355753822,460345104.9524506,13109.698978864637,BENIGN
17,-102041,2,0,385.65613108285316,387.0593000547814,792152538.5959232,1996725.785205925,UDP-lag
17,226846,208,0,379.5134718901484,329.3548592620664,-1563638.1476775303,-1556.6288153260102,DrDoS_UDP
6,121290913,31,7,-4.230007525119871,-3.6297748745951455,-6596654.530789539,3183.990676846004,Syn
17,2525,2,0,397.0515531361503,398.610416194502,772263209.8290137,1999921.583912501,DrDoS_UDP
17,-19961,2,0,221.50610989503835,231.5336587764842,6068881.369531337,14610.720986262468,BENIGN
0,114580163,50,3,-0.9394970549126748,0.21253465354808676,-10579244.13231687,-16686.302061457303,BENIGN
17,35656,3,0,231.36674026955447,230.10100207148045,439119618.75305706,2003760.1191373768,DrDoS_SNMP
17,-62816,151,0,435.3892442371686,222.70438923994897,-757197.0821209906,6878.932163242975,DrDoS_DNS
17,34395,2,0,1472.7125318038538,1473.7879005825462,1471994042.1080954,1004963.9953777639,DrDoS_SSDP
6,110488,2,2,-2.915964682657405,-3.6387297874714677,-4237487.22977918,18825.435056660484,Syn
17,26917,2,0,884.3192850112667,1474.6993736637917,2603714389.19052,1995907.8282901954,DrDoS_SSDP
17,34449,3,0,1363.3147562512604,1361.5433455383495,1460655787.6328752,1001895.273439974,DrDoS_SSDP
17,-49030,3,0,213.73580850362333,224.4523977390378,7078156.475888949,34851.12346712036,DrDoS_SNMP
6,-69232,1,0,1.9466737173433315,-0.5066852682173368,-3856541.183022272,1997106.7293587315,Syn
17,72535,5,0,713.2329095420473,328.3110607728811,-2001073.8333436765,-7329.693845144822,BENIGN
17,-83979,4,0,222.1991199685444,218.80804463486697,462133722.9958844,31313.628253252442,DrDoS_SNMP
17,2041,2,0,396.88275537998044,386.6178758473978,753980164.1871291,1998961.9451904327,DrDoS_UDP
17,91022,203,0,447.38301340828224,447.2579960748651,941152.4365982445,-9226.895497825459,DrDoS_DNS
0,113427588,8,3,1.0131506015032676,1.8047883663234956,-3786481.146466583,-4469.9999312474465,BENIGN
17,20364,3,0,224.70797059975453,224.49513428379817,440939536.7806496,1999360.5601838564,DrDoS_SNMP
6,-17582,1,0,2.5376196113844314,-1.5464698682993634,722422.6489377469,20084.026316088217,TFTP
6,117516389,36,7,-4.189885849395152,-4.0240533078239045,-7845441.948199087,-8630.885774376311,Syn
6,96894,3,3,4.0866767773175265,1.1867954671384136,-2742420.823687556,2003948.8965219443,Syn
6,87755,4,0,-1.1551852573698063,-2.4414614106639236,-4458806.360759886,2000445.669601171,Syn
17,28623,2,0,1473.8613155662488,1474.284088988236,2915066382.8812194,2001173.8797393835,DrDoS_LDAP
17,5497,2,0,1474.8770212523361,1470.3890511399698,1467485978.8959818,665076.864443329,DrDoS_DNS
6,-7177,1,0,2.6082084511863113,-3.351580760174189,-1741299.8739029302,16790.701095030145,DrDoS_DNS
6,-30590,1,0,1.522989830576947,4.0944776553632565,4821218.108015123,1999145.448597124,BENIGN
0,88413962,215,0,3.788273329870107,0.6054667292040005,1810760.4338057959,7844.374470164984,Syn
6,105866601,18,0,6.196038058218297,0.19244921786844355,-1794591.251716405,-8218.757227924012,Syn
6,1252779,18,0,0.6577325687863921,-0.89669965482828,6800656.929396597,-7268.706212710178,BENIGN
17,-3798,2,0,1463.4342097703873,1469.6959766862624,2931683765.2191753,352344.85385776963,DrDoS_LDAP
17,9415,1,0,1472.908062748661,1467.4986052710492,2914991651.393364,996708.8060825347,DrDoS_LDAP
17,33443,4,0,390.2329143811326,391.09874135398655,778417305.2190975,2001458.7889499231,DrDoS_UDP
6,112104030,23,0,6.445697729458846,3.1116867566385342,-2316281.1868416397,5492.756913639238,Syn
17,-7828,2,0,1474.8948600779238,1476.5202067915106,930292405.45243,1996208.5911277032,DrDoS_LDAP
17,-2024,1,0,1466.9149909003368,1469.1035575091078,1460417184.6349804,994973.0203096187,DrDoS_SSDP
17,188630,5,0,382.6948939139701,329.65274405967784,2508820.0406214367,2551.3768232481107,UDP-lag
17,-14431,2,0,1469.0695213354986,1475.444167915428,2944302261.2674274,1994913.359570065,DrDoS_MSSQL
6,147963,2,0,-0.9671141142174958,-0.4891246887146329,-3064239.9746937742,22174.289632557186,TFTP
6,-29251,1,0,2.483298341171921,-3.3479466515404623,-8420591.025567915,1995260.137271903,TFTP
17,-140925,2,0,391.01061570540935,384.237773447373,755500517.9392041,2001348.6793304272,DrDoS_UDP
17,52942,2,0,1465.059244246493,1475.495016895334,2950131983.8940063,1997265.5565372,DrDoS_LDAP
0,109685122,31,0,-5.628679465687917,-0.9239565761916536,-4124906.828669751,-18991.60684583579,BENIGN
6,95351,0,2,10.716905193762196,3.4012490799493422,-3758099.699660076,8269.125319653984,BENIGN
17,-64195,4,0,1473.0341971567877,1466.857328057102,2929067237.2647576,1994778.283586569,DrDoS_MSSQL
6,-26309,1,0,3.539061594599138,0.7884284957051487,1616380.3781672164,2003652.9982255897,TFTP
6,4567136,4,6,-0.24835207402367487,3.2095179791400437,1477830.1774871084,13961.123001086562,DrDoS_NTP
17,-32898,2,0,386.1814305210696,386.26613199083437,760523570.5795976,2002831.8503316492,UDP-lag
6,117729685,5,22,518.8088888304788,4.073794663887068,-1155491.984125232,-2316.5150792921577,BENIGN
0,77411093,35,2,2.155415759501196,0.8328834709961932,-82787.02570172865,2883.643913137317,DrDoS_NetBIOS
6,26078,1,0,-1.3539727896157,-2.1083329415549485,5502229.225019112,2006005.7862863948,TFTP
17,131686,4,0,392.99512292052304,332.8091855692133,4128202.036814997,8728.520003161131,UDP-lag
6,95285,0,0,1.9189613473530505,3.9569011915369448,-3092201.8762134435,1003862.0714896348,TFTP
17,79012,3,0,1464.6950931179674,1476.7000451695292,170407781.861387,997938.7350612767,DrDoS_LDAP
17,43432,3,0,385.3430379648245,335.81716209178285,-3927427.9626895813,6196.37140229806,DrDoS_UDP
6,3177,1,0,-1.9953820537956197,2.499546830649141,-6496953.069451387,9470.23920071845,Syn
17,14631,5,0,232.51093550654855,224.68593686237242,427888001.4281609,1995287.8990915401,DrDoS_SNMP
0,79177126,6,0,0.9101303001766797,-1.6153132094116542,1116014.208037866,15085.024287104616,BENIGN
17,-99567,0,0,1466.7550843676468,1470.5323998859049,2942574721.853665,1996824.7794815858,DrDoS_MSSQL
6,44687,3,0,-7.014889716022647,-0.4936127686128682,-1246212.008932602,26970.37668338723,TFTP
6,116611657,5,2,-2.2299295246720745,1.2992606165532188,-3166293.895976809,18435.62243934904,Syn
17,-2949,1,0,515.2431087272322,565.5639147261179,956368346.5587229,1997473.358428731,DrDoS_NetBIOS
6,116488328,34,6,622.1540586843207,-0.29265538638592403,-1319685.85032387,-10897.575453832025,BENIGN
17,26611,2,0,225.93008326010195,229.96642624814137,456776513.5474587,2004496.6576668788,DrDoS_SNMP
0,108789845,40,0,4.155114942415431,-2.4154002925251556,836596.6779217502,-13574.348052902125,BENIGN
17,-12571,2,0,384.56101011934265,383.25863186782476,758360075.563836,2000271.937985494,UDP-lag
17,-38207,0,0,595.1084572265307,436.86665927728194,1329110607.577343,2001961.6712950408,DrDoS_SNMP
6,117336,1,2,11.553133696853209,2.009682708792064,-1046998.8613796469,26859.485458685416,Syn
17,51538,3,0,386.65587213267855,395.963057144758,735775810.3328311,1997648.7668926357,DrDoS_UDP
17,-59008,2,0,1468.72662050507,1475.8391470207257,1449745381.8622513,397584.3020866912,DrDoS_MSSQL
17,41378,161,0,382.64121389640957,384.59520440704677,1710792.9987401352,12029.6575320217,DrDoS_DNS
17,109587,1,2,36.723216802157765,38.363196034724396,-1101826.9613729997,20964.547965120168,BENIGN
6,-31387,2,0,-1.6850621029365498,-1.6401732125957793,1128634.0524232695,7800.980990016296,DrDoS_NTP
17,88668,2,0,763.5981383166703,62.675591587992784,3533899.7642000336,16546.184581581467,DrDoS_UDP
0,80451925,36,0,-4.084466410776156,-0.7698933322879538,-724231.3716028586,10863.965856960362,BENIGN
17,-8731,1,0,1471.9727949482367,1470.6770659115364,981182608.750421,2001152.2535441937,DrDoS_MSSQL
6,44986,0,0,-3.236211981095694,-0.3770962631038167,-4121904.2480052756,2002015.5252364143,Syn
17,6289,1,0,1470.7923406371249,1478.578555626462,1469259066.9115853,1000515.707843493,DrDoS_SSDP
17,57505,3,0,445.0691861732093,446.42726675186685,1654882.029679702,8311.413832115592,DrDoS_NetBIOS
17,2505,2,0,1475.969986596207,1478.0612441926949,1468652875.781515,1000693.4852549053,DrDoS_SSDP
17,80468,3,0,445.3779202334026,1472.7301164589214,118840622.16807616,662306.5737939613,DrDoS_NetBIOS
17,105707,156,0,436.8388421660091,1472.067518732907,9771817.060860517,15821.044519605524,DrDoS_DNS
17,6381,1,0,230.69486332783057,229.74480054922634,441178165.15108997,2001642.3732648152,DrDoS_SNMP
17,56455,2,0,838.9770088488725,708.0890488712021,981380378.9688045,2000071.705052923,DrDoS_NetBIOS
0,74838668,32,0,0.00037250511253690555,2.1735491377929086,936793.4805162678,-11131.42144174223,BENIGN
17,-4986,1,0,1090.3307863377674,397.9828937189756,1325100758.4721339,2003011.251641028,DrDoS_NetBIOS
6,-9326,2,0,3.2360536467085894,-1.521239261284107,2561872.521886423,1999863.0849321194,TFTP
6,47232,3,1,1.1973466862332973,-3.0235278704377624,221657.5014406906,8486.310450865487,DrDoS_NTP
17,64839,3,0,1462.468242026831,1369.3985142746465,634144253.0628164,1999913.5120391806,DrDoS_LDAP
6,78589,2,2,2.070714390188828,-1.2097292014430647,-4014585.4762705145,17648.251890913838,TFTP
6,14711521,7,8,390.4177547292846,5.435666029593937,2183447.5047737807,5883.640568491873,BENIGN
6,74413,1,2,1.070932280152141,-2.17870296240874,-554011.5412859363,25361.40512274408,Syn
17,52491,3,0,588.9524286122636,449.7079245531722,900802250.4135683,1997318.259984572,DrDoS_NetBIOS
17,-6424,2,0,1469.7586772009051,1471.1828341755358,1464240181.5607388,998208.7228919396,DrDoS_LDAP
17,2357,1,0,224.30996417342027,224.90042779623818,2539188.89197289,1012330.5776995497,DrDoS_SNMP
6,112530394,24,2,-0.01009431489133493,-2.7288419408619866,-3137307.4235295253,3884.7911291503024,Syn
6,127045,4,3,0.8814936226801372,1.8850525909818396,-5468654.281987691,13827.603112367344,Syn
17,-38251,3,0,1465.372318110453,1402.652291006765,1478748425.12535,997470.6912466467,DrDoS_SSDP
17,-33038,2,0,1471.513802430629,1477.63812427763,2921967703.360671,1996197.2335746044,DrDoS_MSSQL
17,66945,2,0,224.21954169152932,227.39735414773855,407659602.7261621,1999473.3115269663,DrDoS_SNMP
17,53003,5,0,1472.9777103722506,1470.459464100422,1471301658.231106,993419.304145947,DrDoS_SSDP
6,51068,1,0,1.1154283040540809,-0.9767497503695026,-1964099.3582149956,1997784.5947555262,TFTP
6,11263612,3,0,794.7587529187302,-1.077993095453604,603243.8043686998,-3662.8932998274977,TFTP
17,10008,1,1,53.11226053001832,56.14286572154289,-6355173.067962653,10614.776909751918,BENIGN
6,89338,2,0,4.269070386622587,1.4006317751413384,-3102647.0238441164,8201.25275527652,BENIGN
17,-38767,4,0,397.9545369531033,388.771709929494,769505969.1243242,2001592.5590647524,DrDoS_UDP
17,34620,3,0,1469.889630894905,1470.3974278867272,2935865736.8745704,2002669.8169724736,DrDoS_MSSQL
17,-1323,2,0,1468.8910563866004,1472.6446972405274,2939952742.264277,2000090.5582258205,DrDoS_LDAP
17,161777,2,1,53.494932495009564,43.95001014428941,-152240.42607811163,11516.642244861501,BENIGN
17,63319,2,0,1440.409797245546,1404.3991827952507,2650733704.816998,1995930.5588565585,DrDoS_NetBIOS
17,-4375,4,0,388.0600845257202,400.7648233585863,-3936236.53475157,996901.0935390122,DrDoS_UDP
6,13411641,5,0,5.3207605027411375,3.7086818336816862,1890402.9061867206,16036.612698886074,TFTP
17,-5287,5,0,1467.3206425941007,1471.1675003635341,2915488298.88049,2000214.1946368178,DrDoS_MSSQL
6,7040,1,0,0.8324409961986265,0.9300278204072782,3656192.9205440143,2002174.176684332,BENIGN
0,105555532,32,0,-5.164726450533302,0.7242966591357795,-2011294.042426448,9058.49969587504,DrDoS_MSSQL
6,113328887,13,4,-1.6242463674671896,2.378535882231914,-2515906.0954118753,-1353.3367072105266,Syn
0,116104837,48,38,3.0860159536902696,-0.10000094367113706,-956296.5524960977,-12068.461762036673,BENIGN
17,60896,2,0,395.9791500996686,403.90514358654445,770898860.7042907,2002946.2457667605,DrDoS_UDP
0,-66932,29,0,-0.2202193548080143,1.5819608486223284,2016903.6615438256,21924.53719225574,BENIGN
6,41406,3,0,3.692065802387307,0.4612698301874186,1220843486.3203802,2000457.3473407442,DrDoS_NetBIOS
17,56243,2,0,1404.377150973127,1405.9795324036038,1470831820.2945476,997017.7989298227,DrDoS_SSDP
6,16415,3,0,-3.7383923417864,-1.0603108994652588,-109237.57102335268,2002156.6512981073,TFTP
17,-22328,1,0,384.76389306377257,385.1198954167071,775224772.7868409,2002641.9371402378,UDP-lag
17,-6339,1,0,1472.8249611834206,1476.2001568302915,766922786.9276347,1999081.0715006809,DrDoS_LDAP
17,-125497,1,0,391.62813932868386,390.8419525343835,777389908.800928,2000633.589397461,DrDoS_UDP
17,-52489,1,0,449.9671576117846,444.5900398422038,951702469.9125377,1999976.3816788762,DrDoS_NetBIOS
17,-9845,3,0,1339.6172441596254,1382.9087196072167,1168361272.2483304,999593.7159775585,DrDoS_SSDP
17,134081,2,0,391.55265311482503,324.8384019245054,883707.983211434,7550.323986463896,DrDoS_UDP
6,53533,1,1,-7.426092025847807,1.4664086987676195,-2998032.077876677,23877.469759279917,DrDoS_NTP
17,-3543,2,0,1475.6637054605037,1478.4598140224552,1464250931.300692,998142.4612634962,DrDoS_SSDP
6,116250372,29,0,5.871652384368571,-1.7898429364620088,-146205.7382094611,9273.024198306503,Syn
17,-3993,2,0,454.8175599602809,452.9775186720334,934720970.3936431,2003602.6555455276,DrDoS_NetBIOS
17,32852,2,0,585.9523151775315,726.6534119818955,947585527.8626144,2000785.9821837791,DrDoS_NetBIOS
6,17436,4,0,-3.516232834811506,-2.29826358720375,-998492.9303823945,2005060.6651269915,TFTP
17,-24618,1,0,441.8542399983084,451.78458900405246,958180159.1470772,1999876.9712932569,DrDoS_NetBIOS
17,30783,3,0,1473.9038115579842,1473.7396292884007,2565212484.1909637,1995403.6617206426,DrDoS_MSSQL
17,28222,3,0,392.7678265658869,389.4131571451979,775257357.8028262,1998790.8170666678,DrDoS_UDP
17,23791,197,0,439.14912545811865,445.1808314525845,661621.0615398508,7631.331848807131,DrDoS_DNS
6,79239,2,0,3.540983572162174,0.3963849175589851,2621699298.041212,1999038.3119675016,TFTP
17,13533,4,0,1481.0117121607811,1476.1672875306297,2941272457.2883925,1994679.1339362424,DrDoS_MSSQL
17,-18262,2,0,388.87255817066347,383.0565146299348,759445589.3387085,1999158.192991508,DrDoS_UDP
17,1361,3,0,1467.6123673079826,1465.0675278768083,2928900220.683222,1997830.965461338,DrDoS_MSSQL
6,117945951,23,0,-5.570457975517205,-2.8339447004622227,-3221926.191542374,11398.246538191357,Syn
6,709524,2,17,449.69268016682224,1.5794682086413694,-268992.2561895319,3465.916980928715,DrDoS_NTP
0,111883865,48,9,-2.277983086602049,-3.540042048501473,-3373664.15275672,-9587.863737160424,BENIGN
6,-31764,2,0,3.568981874208836,2.432726816036822,-4468159.294844721,2003110.2959045582,Syn
6,-19787,4,2,3.031660245520163,3.70595846542724,3650572.4095004387,18715.169301711765,DrDoS_NTP
17,90769,181,0,435.215338643221,553.5557423063409,-379863.60749646556,-2287.6926476228073,DrDoS_DNS
17,69877,3,0,228.67124386341402,232.28561879224623,450997583.804174,1999661.7328445914,DrDoS_SNMP
0,105439266,4,0,0.06981887855507687,4.747151614587963,6385943.794991771,14388.550433743349,BENIGN
17,-27818,1,0,1476.794475427866,1472.0535592206272,2941526351.6493654,2003655.6097052542,DrDoS_MSSQL
6,122552029,31,2,-5.446012292888709,-4.060500628761912,-4438448.616905506,4511.5025812000695,Syn
17,47909,4,0,443.10119451846225,440.1018757466289,2217083.4677431188,7087.783906241339,DrDoS_DNS
6,28363,3,0,1.2676828193322518,-1.300848389076424,-6338070.222475644,1992620.7561308385,TFTP
0,81791310,36,0,2.4931912507935436,1.4115105302404785,3082252.954975932,12545.925348528148,BENIGN
17,8691,4,0,1471.62965274343,1467.8301195511733,1114604450.0523434,1000542.6296552367,DrDoS_DNS
6,-73504,19,0,-3.5666483070867683,-0.33822759556144183,-4109679.186876826,1995617.3912973918,Syn
0,76526553,34,0,2.129148692386235,0.9794553496403599,-1268070.774696132,-1937.5554883889727,BENIGN
6,62275,0,1,-2.8042884491931397,2.7440745361286045,-4280741.999902204,12425.355369232926,DrDoS_NTP
6,52305,4,6,-6.675250937207673,7.241392639508898,75258.60966195515,14633.908703577192,DrDoS_NTP
17,-14872,139,0,430.1071907607945,433.1111500046707,-1253268.5834979855,4851.649550416343,DrDoS_DNS
6,-80690,3,0,-1.446311139806301,-3.4938142833105417,2310169.3065440087,1998811.540774682,TFTP
6,65998,2,2,1.306253574360994,1.8614602100388635,1486720.2998385776,20340.661811345686,BENIGN
17,-99440,1,0,433.85175389769347,223.12565013754357,450664685.9151494,999279.1722660462,DrDoS_NetBIOS
17,82981,2,1,1046.6971668001747,26.740531947089934,565880.7868198663,2737.68595485438,BENIGN
17,-24426,2,0,234.15724319650022,232.2747090397749,11915118.514349803,35929.116832604195,DrDoS_SNMP
6,133978,5,2,1.5140720972052888,0.9276124771644635,543268.2890247032,9508.475731843302,BENIGN
17,-4662,3,0,220.05369299390156,226.0270845426417,7956479.231289167,30695.855878615774,DrDoS_SNMP
17,25272,196,0,445.82820237571644,442.6109740590606,-432653.3025581159,13058.102633276769,DrDoS_DNS
17,7542,2,0,396.3643018127094,395.5901724948257,775248886.223023,1999979.790130085,UDP-lag
17,72511,4,0,397.13596300998273,338.08727392854524,6532247.262362655,11747.44289389076,DrDoS_UDP
17,-8978,2,0,393.158785662609,403.105509066367,785345601.4097669,1997827.8833484608,DrDoS_UDP
17,13248,137,0,444.04486327507595,761.367210630406,4084581.67444586,20654.795476204752,DrDoS_DNS
6,-24356,2,1,540.1865175362179,2.1532428365051857,6030422.246301887,10667.612066623615,DrDoS_NTP
0,107360666,213,0,-5.400047805372362,-7.533383648604413,-7950985.906474746,-12522.3090832669,BENIGN
0,83322668,39,0,5.521550771985838,0.466471978127258,-3819601.334471967,5157.636515056439,BENIGN
6,8032,3,0,0.43458151540563433,1.8890246584391777,-4401790.075751622,1999121.4895273398,TFTP
17,-36504,3,0,444.09733425705696,1476.2476818135551,767049352.7658077,993754.6558944038,DrDoS_NetBIOS
17,-2880,0,0,455.97335339182456,445.2879375752805,932000904.2258556,680377.1178805814,DrDoS_NetBIOS
17,-73195,2,0,1471.6003389942873,1471.2768994120834,2946534740.7525964,1993183.9957360523,DrDoS_MSSQL
6,7333585,38,8,581.6787298877307,2.0725379595758464,3797930.779607903,-9791.266731880332,BENIGN
17,77096,3,0,1473.8476515461525,1475.3225725286961,1472871346.625571,998732.8773801505,DrDoS_MSSQL
0,109850016,46,0,6.0255362152004155,1.2875584326372835,-2648248.341119908,-21577.16597221462,BENIGN
17,74630,5,0,1475.4823533718738,1476.033452235536,144147516.87695476,996508.7927826993,DrDoS_DNS
6,58853,2,2,-1.4165757823280622,2.1514521195164233,-2598771.5238126777,29348.466972883838,BENIGN
17,73646,2,0,388.4516010457532,326.03123913001383,1661094.8330438084,16235.78814181222,UDP-lag
17,-40422,0,0,524.0072903728335,396.2685085158296,791411254.5654968,1997818.7615929989,DrDoS_NetBIOS
17,84307,2,0,437.4325681186636,320.86179440658407,2111294.506293715,-3381.676785519996,DrDoS_NetBIOS
0,94254994,44,3,-1.2261611604134028,-4.373729365253089,-5286064.844709329,2021.5161571490316,DrDoS_NTP
17,118176,3,0,547.373299337407,585.4787437225913,890442259.6111397,1996228.3925079957,DrDoS_NetBIOS
17,33910,3,0,446.00933273804395,229.1572733627682,163815744.06619242,27589.304126820007,DrDoS_SNMP
0,123289956,49,37,3.069370779171481,1.733399821235087,-6081567.803633737,-16738.82765989164,BENIGN
17,37610,1,0,234.0299990686934,240.50623356342285,143437438.6199878,2000434.234392948,DrDoS_SNMP
17,16204,2,2,15.530404360050444,37.319914454159566,3805969.2458298793,4546.083030818032,BENIGN
6,12804617,6,0,0.37351634726452865,2.0551449208913963,426091.88069354114,8842.82200163426,TFTP
17,56251,5,0,1472.5111215403601,1478.1536321511649,1470631431.349439,992300.4951202061,DrDoS_SSDP
6,63047,1,2,-0.26635187894316176,-3.3112974848610444,1039412.465952825,24796.09943803315,BENIGN
0,121107401,50,11,1.643261487232268,-5.68042469255525,-3409100.8320131693,-18836.73984192845,DrDoS_DNS
17,68834,3,2,1472.5553905366198,45.680042012430235,3804126.5213294663,12367.023961878536,BENIGN
6,-40190,3,0,-0.06872483917503748,-2.505309954964647,-10123085.936249588,1993296.6725160712,TFTP
17,-23675,0,0,437.8722394332308,434.7574065264556,891433793.6398466,2002249.1700833435,DrDoS_NetBIOS
6,7894296,44,9,553.9713711400303,-2.046718865023172,-8771158.020896018,-15651.07165294308,DrDoS_NTP
0,104780335,33,0,0.6314221510734004,0.3398613596404867,-6502187.31967106,-20610.080002395745,BENIGN
6,32825,2,0,-1.670137492433024,-4.543101845081574,2399804.8349693255,5746.766937523147,Syn
6,118880522,41,36,937.8796476043374,4.744185898650573,391637.36151677254,-8867.14585607039,Syn
17,142181,0,2,33.06336147690292,46.754586482183704,-5739375.071810935,10941.987072355852,BENIGN
17,-3248,3,0,510.8010908415296,226.6442110684513,6398613.901600437,13104.146563161732,DrDoS_SNMP
6,101659,5,2,45.30802742105515,1.3950021159292931,-6340.53282031836,14034.502211565883,BENIGN
17,-12482,2,0,1363.4233368904265,1474.6847648259102,1473745884.1257012,998290.4661207653,DrDoS_SSDP
17,-40565,0,0,396.9761271952778,399.72912450574165,1020259881.4686375,996980.6735136595,UDP-lag
17,-17693,2,0,1472.2416629114152,1471.5052303936777,2912778636.1610675,1996073.2512907116,DrDoS_MSSQL
17,-57885,1,0,1472.1725573189929,1474.00176798459,2925022880.940345,1995788.173306696,DrDoS_MSSQL
6,85407,1,1,0.8881909566097291,3.940246262005569,-2408958.552808079,6695.362566053882,BENIGN
6,173110,3,2,7.006528114623593,3.0326121381864195,1908437.9850590078,2007412.9942785434,TFTP
6,50977,4,2,2.7409228814503535,2.4533876753045223,-840446.7581725346,11392.572262730462,DrDoS_NTP
0,36568,221,3,-5.968544273914719,3.0635821801678214,3433845.7291355464,1506.3733776499957,DrDoS_NTP
6,5837,4,0,1.1279462591195266,-2.2366782825430076,1417363.647111988,1998453.6112687846,TFTP
17,-86065,1,0,219.40885628172484,221.14771815370813,-4283856.2445713645,13613.540854029725,DrDoS_SNMP
17,132226,201,0,442.5810110076041,430.73705059700416,-877909.4948986301,1419.654855178791,DrDoS_DNS
17,24010,4,0,386.5488236437368,389.6322429357285,775020793.3799621,1005211.5344293963,DrDoS_UDP
17,56465,146,0,449.9554382236782,571.876933725555,-2184711.7312045023,9171.946799055446,DrDoS_DNS
17,-84618,1,0,390.46974099447965,380.6430403442446,759478841.3923416,1996181.2462172024,DrDoS_UDP
17,49328,2,0,381.0048027252512,393.42262798208577,3884544.468012167,17693.908872752105,UDP-lag
17,-29248,0,0,1466.5727820337743,1469.386031493309,1465161345.780304,995134.6121348148,DrDoS_LDAP
17,10589,2,0,582.0721090722316,541.5389781173659,1231352668.0514493,1999180.5087745076,DrDoS_NetBIOS
0,105416977,43,0,-0.5069600665753322,-2.9207239833331733,702849.9084047729,2755.491917880824,BENIGN
17,-15071,3,0,383.9351152705941,390.2349463925764,769051383.2193488,1999068.8755556769,UDP-lag
0,112543610,42,9,-0.2747490110421067,-1.4760087734076437,-6768870.4894017745,-11656.652014572097,BENIGN
17,-7291,4,0,1469.9064383936036,1472.5895179593497,2940050803.1868277,1997522.2187365673,DrDoS_LDAP
6,66169,2,0,4.919031056463255,4.224270221464344,-1004500.5075191383,2005666.2789851704,BENIGN
6,150540,3,0,9.121461554071784,2.798033524388558,-1486643.132215407,1996443.6454264103,TFTP
17,53158,2,0,225.20746131617025,229.4315384367922,426209473.4977805,1004695.0095797849,DrDoS_SNMP
6,-18557,0,0,2.0009135005575858,-1.7738118032268668,-718214.1312349404,14434.330430408401,TFTP
6,18893,3,0,-1.3822513244792816,1.2865419003014305,-2336923.1907464126,2000774.1298409589,TFTP
6,71319,2,1,49.333492723020825,56.514603093528024,4755504.914949556,16631.093688783567,BENIGN
17,-19816,1,0,221.6551580174652,228.0265401752559,439338992.69824445,1998899.4384519584,DrDoS_SNMP
6,117456226,33,2,-0.6149342802281967,-2.8879417561207754,349492.0511230035,9464.198046531192,Syn
0,110195101,6,2,4.870622444040879,1.2061010606193525,-2218967.8857191,-4187.790057775292,BENIGN
17,16024,4,0,243.11661106296847,235.70679979984533,445435303.5808646,2001742.839090586,DrDoS_SNMP
17,115255,3,2,26.521242420747196,35.11614155544815,-2485558.1810613004,-3667.2467541200385,BENIGN
17,-65766,1,0,441.05301735708707,439.30250738601967,936644655.3458197,2003267.3583051062,DrDoS_NetBIOS
17,-55309,3,0,227.62573136890924,232.95678127509944,462102971.12387764,2004335.5555250202,DrDoS_SNMP
17,57771,4,0,1472.5689325385504,390.97072759044096,2927734679.4672413,1997764.0749928653,DrDoS_MSSQL
17,100977,2,0,450.5282144106435,572.8224350830662,1011797334.2078475,1995299.3153932688,DrDoS_NetBIOS
6,117971814,22,2,-0.9371237460884644,-0.9381886928598502,-8295340.517849819,8458.664889915775,Syn
17,84378,5,0,570.68351061734,612.1594890459377,2667507.341377435,2082.845689947326,DrDoS_DNS
17,101217,2,1,21.14629950449061,55.00897812439567,-2972637.9116186174,14784.24697150218,BENIGN
17,-83360,2,0,224.96643412720988,226.46446431963656,452695772.65149623,2004949.3725471462,DrDoS_SNMP
17,-16011,3,0,1478.0980421111103,1477.3709356127902,2918683045.243417,1999147.1292459758,DrDoS_SSDP
17,7867,2,0,1463.464733880738,1462.5518892728198,1472229432.9114866,1000019.6883228834,DrDoS_LDAP
17,226231,218,40,434.6671011673586,449.7726509080288,-153329.41854689177,-11903.4186020356,DrDoS_DNS
17,-13686,3,0,229.077574027076,232.76960083546226,458900652.6855957,2000921.515144008,DrDoS_SNMP
17,-57364,136,0,443.3944782999067,1466.5081626023475,980118739.507837,682114.2129618101,DrDoS_DNS
17,86103,2,0,1152.5681884237417,402.7700813089748,2930316176.913012,1998811.9018983871,DrDoS_MSSQL
6,119871,1,0,-0.47546970712423425,1.6574452908745654,-5697993.35799729,2000103.4780769814,Syn
6,67010,5,2,-2.560128180251568,-0.6615183256627699,1377644.0803602878,31164.557384563985,TFTP
6,87403,2,0,-0.4438750637170347,1.1238035499672179,44612.74568349123,1997258.9687029044,TFTP
17,126249,4,2,51.65633215096808,53.041894994278266,3317366.8853048137,2811.5243051801544,BENIGN
6,141971,4,2,40.311876639392324,2.6995283761385895,-407471.7273859021,12126.229657625327,BENIGN
17,100420,3,0,378.0124920829867,327.13325676328293,-1621241.7424027503,13250.313588896766,UDP-lag
6,119194701,31,22,-3.229556482008957,-3.37683560195774,-4641882.180674045,-7107.917171085181,BENIGN
6,57103,4,2,2.179462184653263,1.9033142081884005,1090879.5733531993,14369.618856175095,Syn
6,22494,3,0,8.10615538267461,4.778123427146045,2287833.9555874,1999259.3237976579,TFTP
6,42481,3,0,1477.3427099525918,1470.4328846072758,2932116035.13406,2000106.6952891608,DrDoS_LDAP
17,-3750,2,0,1478.2701757848852,1476.2409401288296,2934223479.817794,1998924.9829617403,DrDoS_MSSQL
0,104709139,37,0,-1.585698773177535,-4.9333980300370905,1726688.0074360687,6735.610360719961,BENIGN
17,8980,3,0,1476.7833579614191,1477.371945138063,2931435031.238264,1995911.8685468447,DrDoS_MSSQL
17,-4896,1,0,435.03232305324514,441.8498456061606,718139422.3086421,1999886.8861069088,DrDoS_NetBIOS
17,-25858,2,0,388.6017327060367,704.2591476170777,-1791414.4644676957,388725.0266943521,DrDoS_UDP
6,41911,3,25,52.30585501939302,-1.124479918144888,3636089.641777236,18951.177000873893,BENIGN
17,-21592,1,0,671.5141754308457,439.00389212458145,1134657107.305291,1999453.8925281067,DrDoS_NetBIOS
17,79387,5,0,1477.170879597559,1482.8178227812937,1475200701.7226918,1001101.7445767531,DrDoS_SSDP
17,-31124,4,0,393.5396176758807,330.6997799921659,3101790.800507441,19249.839096743453,DrDoS_UDP
17,76755,1,0,1465.8949495404688,1474.323155976696,76631050.89843094,1002396.0213105314,DrDoS_LDAP
17,-28845,2,0,226.4061332060981,229.20343053564537,457644508.7175736,1002348.2693272327,DrDoS_SNMP
17,107319,4,0,383.63817266577297,334.58115330083695,692383.4882443605,-132.83903914412622,UDP-lag
6,-9569,3,0,-0.8725602756315982,-1.8591647759218097,-1488216.6283583671,2000267.1287144334,TFTP
17,-36991,2,0,1467.109005826992,1476.5541974606026,2952074573.041441,1993611.8501544548,DrDoS_MSSQL
6,-9158,1,0,-2.3749805044221115,1.2785708747534417,1414822.2854673204,1997784.1896991837,TFTP
6,4117,15,21,439.89745882895863,-1.1778420007419204,1845420.2966450285,17661.8360774905,BENIGN
17,-60289,0,0,545.3381623011035,552.5965400062427,933432678.8853139,1994950.325857051,DrDoS_NetBIOS
6,12766018,4,1,-1.626797201537601,-2.349015175809625,-5669091.170399697,569.3925433985532,BENIGN
17,174756,6,0,385.7499930234143,332.0100124662263,372079.518465193,-2242.025847699775,UDP-lag
17,100468,1,1,1470.7990251965655,1473.89527214466,1573954.4314347464,14420.20336149757,BENIGN
17,-83639,3,0,390.47757159570153,385.7764285498475,770107461.6261474,1999871.3787393402,UDP-lag
17,187743,218,31,387.4183920458089,327.9435402915199,-545389.7916933266,-12479.190365108087,DrDoS_DNS
17,2888,1,0,1473.761725145267,1468.553800143876,2670192992.058018,2001094.4064996764,DrDoS_LDAP
17,-29738,1,0,396.70090607877427,398.94687821318894,780395343.664329,2002110.7195321682,DrDoS_NetBIOS
6,8441,4,0,7.295762334600569,2.605502122920334,-714153.158333739,1999334.7021547966,TFTP
17,7767,5,0,1474.4383184635228,1476.444302670878,2900957806.801044,1996034.2775012031,DrDoS_LDAP
17,53851,3,0,1466.2752352691655,1475.443753330803,149101347.19046953,13286.16461419045,DrDoS_DNS
17,-53279,3,0,396.7994841768894,392.05064111363373,741591741.3321382,1993209.8817222451,UDP-lag
17,-10821,2,0,222.8878671487195,229.69898789484827,438091981.94684225,2000370.8114141924,DrDoS_SNMP
6,5109896,5,8,603.8373448426399,4.291522920752604,6895891.293701118,2991.134037768981,BENIGN
6,113839067,27,0,882.5767539259678,-0.022544134328972384,-2599448.755264177,108.2492301176917,BENIGN
17,-5927,3,0,223.73889113504956,226.2665909863946,246071054.9928827,1010717.4523919725,DrDoS_SNMP
6,-16262,0,0,1.0325280763021263,7.155208934368359,958237968.5325668,2000965.8148961999,TFTP
17,-29805,2,0,388.16899200867726,392.15711148389494,771784597.9640707,1999229.6198591157,UDP-lag
17,12552,4,0,1482.2295190670031,1480.2996158606886,1480542971.690757,999525.8134567093,DrDoS_SSDP
6,18542,2,2,0.6924170488045516,2.24011706655055,-439998.29773175786,14113.355581837171,Syn
17,40586,3,0,229.92079218523688,234.85209923960005,441858198.5642943,1993644.6045769516,DrDoS_SNMP
0,113004544,43,33,1287.9768595020128,3.8400922642232462,-1444266.3740138474,-16903.212430678934,BENIGN
0,-65185,7,3,0.8167528694978984,1474.6825203303354,221997004.78841227,15910.309968772155,DrDoS_NTP
6,-153105,2,0,-3.817905948063954,0.053871399559881225,958892.7198139287,2001323.0381301919,Syn
0,105502440,41,0,-0.7207766145412675,-2.9339054840644456,1426621.8236525818,20431.916866513617,BENIGN
17,-75519,1,0,387.443541560223,394.54652386176895,767144191.9998106,2001828.5489611565,UDP-lag
6,22096,3,2,-0.11207711969390165,-4.029557588074866,-5231889.549666451,13538.643594385114,BENIGN
6,5655910,6,6,548.9825686576712,-0.7886913788977421,-1301551.9917551295,-830.3804648401983,DrDoS_NTP
17,116990,207,0,443.6654388033759,748.381030463822,8602023.874073919,10377.827576849662,DrDoS_NetBIOS
17,-15185,2,0,392.86724074806216,396.2024937453843,781234940.4350908,2003827.8122461212,UDP-lag
6,13618153,6,25,394.8315239327683,0.6582696968841055,-2308723.1979475208,-5580.196614766846,TFTP
6,15657,1,2,45.06076994010725,0.3015169764519315,1657719.731462257,7470.231227374381,BENIGN
6,-71231,11,0,7.430276026888607,-0.03259071147264911,-2037453.7513320202,2000177.1301777794,BENIGN
6,-28629,0,1,1.4837078832196744,-0.49281916294701034,-3931308.2868524315,24399.212024345532,BENIGN
6,-2108,3,2,-0.18867248800395903,3.744096465771645,-1220751.8105948486,25020.244003124822,BENIGN
6,8694,2,0,-1.241878086462473,3.753290627821722,-1652886.6771154513,10367.993537694974,TFTP
17,-7276,2,0,1343.7680361310215,1370.6525779196834,2926230824.565794,1994684.8753264633,DrDoS_MSSQL
17,23275,2,0,1473.934521285592,1479.1228747891364,2942822978.543958,1996785.9690544955,DrDoS_MSSQL
17,30642,3,0,390.69372885086716,386.25349760168075,772644294.5379261,2002497.708996287,UDP-lag
6,41332,1,0,-1.1560255920393228,5.033544605643292,404953.76381602464,1999554.3435700939,TFTP
17,9617,3,0,384.3727338037209,394.9851282435472,770232428.0791649,2002814.7761245947,DrDoS_UDP
6,120356706,23,2,-1.8777313197300438,1.702642912421424,-9213624.49208099,8889.930471798438,Syn
6,-26345,1,0,2.1952597488776906,4.294245625040796,-731473.0238875484,1998118.3185375785,TFTP
17,23842,1,0,1466.6861098584188,1474.9234660226525,1470034135.3095691,1000447.69908403,DrDoS_LDAP
17,21571,3,0,1471.1983904547237,1467.7372889006463,2936749405.938291,1000932.4639620631,DrDoS_LDAP
17,-69371,3,0,392.0575823199171,342.6715127343982,-1486596.1581749741,2596.770449400863,DrDoS_UDP
6,-13673,2,0,-2.5517912842633135,0.302949843294704,-2811539.5004729675,1998831.4501184653,TFTP
6,119444763,14,23,3.1473121229201815,2.8064282710680497,-1341143.0551474707,15919.720314254067,Syn
6,116669,4,0,3.5173181472311206,4.400747582861642,5695058.734688772,1994510.0569255513,TFTP
17,48422,3,0,387.5841814978181,329.39738617632565,4552798.509326918,11499.059643263503,UDP-lag
6,12935442,6,0,2.9973192962550685,4.470753971529976,6430413.9848581115,25259.949655037697,TFTP
6,21332,2,0,4.375199441184731,0.7114090188027066,6758184.344152554,2004648.306948059,TFTP
6,111019475,12,6,873.2950113082147,-0.47217888663320373,-2294328.7414203323,301.85724144658525,Syn
17,10070,3,0,221.84741564955894,222.3584254965842,410103015.206931,1993969.470585872,DrDoS_SNMP
6,61140,1,0,4.977248666300716,-0.7555876813570559,-2603972.2211463274,1999606.3446106021,DrDoS_NetBIOS
6,66298,3,2,1.3181124790759604,6.564314379272834,6293414.061723835,37978.77717075228,TFTP
17,775,2,0,396.8211107759785,402.60293334683615,778935577.9678341,2001301.2329835836,UDP-lag
17,87412,4,0,232.2921382205857,226.619450697264,442501611.2343424,1994643.5168063878,DrDoS_SNMP
6,58808,3,2,1.8101289131195937,50.31820405841504,1689391.2568371317,10458.239531981802,BENIGN
17,137646,4,0,393.83723875904775,336.4858507013939,1558560.9712790928,2978.4675533508316,UDP-lag
17,-39535,1,0,391.9492713562621,396.5717710257335,447307510.71339345,2000117.685051358,DrDoS_SNMP
6,93762,6,3,-10.714760307844426,-6.1675191898421415,-5597842.55640951,12277.776993812644,Syn
6,64947,3,1,-1.8744537719981007,-0.5325657322043217,3406104.4713943684,33198.802174559176,DrDoS_NTP
17,223268,5,0,386.0762888780074,331.8248449527369,-2281724.398468272,9156.937979502383,UDP-lag
6,-1944,3,0,-0.824435715729185,-0.9059982809024205,-3999384.139940232,1992339.389359611,Syn
6,2891244,34,24,574.5150190973985,-0.042396255033261415,9180736.536361534,-3154.820118895057,BENIGN
6,-51362,2,0,-7.553054589630774,-5.620695616220395,-8082849.285393451,998501.4675071788,TFTP
17,-13817,3,0,224.88317665852438,232.82676743282937,439009545.5202693,1998293.154202342,DrDoS_SNMP
6,-105748,2,0,6.330782145293071,2.2937062256066696,-2064365.5817306961,1996705.8634940092,TFTP
17,94804,1,0,449.3635217445473,451.03987009910963,918408350.4342927,2003576.7721360289,DrDoS_NetBIOS
17,-49367,2,0,1472.3244019474478,1471.3099380700037,2939848874.0584393,1998520.1063435182,DrDoS_MSSQL
17,-24661,2,0,1477.150389179099,1477.550608274073,2930251877.033489,1999346.9939528282,DrDoS_MSSQL
6,112628162,26,22,732.706159983433,1.1315400847662767,3067431.839950068,-7105.818411082648,BENIGN
17,103580,1,0,1468.9947788779377,1477.0040252919644,1463673510.1893396,1003836.8033099114,DrDoS_LDAP
17,122565,197,0,432.38896650070257,451.6750351278522,938567820.8644727,998384.5188987141,DrDoS_DNS
17,58388,2,0,1472.6437249257144,1473.1885741503233,1471305569.7253215,1000458.2448917805,DrDoS_SSDP
17,-3418,197,0,439.9651368889465,442.97341416406346,85695551.15480313,664597.1849854924,DrDoS_DNS
17,-58195,2,0,877.5854205197667,579.3245328458289,938436878.3226987,2001696.7563303614,DrDoS_NetBIOS
6,109767407,8,0,-7.508508363917408,-2.648529025344969,-1726406.1504317115,19804.736456532628,Syn
6,35621,1,0,6.079317149007823,5.884774574808736,1482432.4003809774,2002535.0172106053,TFTP
6,58973,1,0,-1.3095113249317702,2.7107963261239907,5184037.006780495,2004160.8082408707,TFTP
6,124924,4,0,4.3954567209178865,3.724660845565839,1260727.427987443,2001066.0365801863,TFTP
6,203671,5,0,-0.050524014804123316,-5.520052053986318,-7002294.427967423,21712.979411835284,Syn
6,108369,3,0,5.179375710350143,3.540563586108215,-840698.9416638876,1998858.5499853392,TFTP
17,-33389,2,0,1460.6599420215691,1473.0898784156122,1465122943.2354944,998125.3724423732,DrDoS_SSDP
6,114203977,24,2,-1.989588716252932,3.436925314743629,544736.5633170935,-707.0838012681579,Syn
6,3734,0,0,2.491627233972847,-1.663778098236551,773671.0586270196,2004400.6417921497,BENIGN
6,100384,2,2,-2.540820127039766,0.22297881506830464,438439.6782790655,20289.904623238195,Syn
17,62212,211,0,513.2114530340198,223.43905652161334,1803907.9614460936,4625.917920798815,DrDoS_SNMP
6,65386,0,2,-4.033874140817177,-1.0074960357230913,-2013888.0831507,22091.74264104313,BENIGN
17,15739,3,0,1479.1358273295973,1479.795338077457,1478369238.3984709,998672.6026940617,DrDoS_SSDP
0,106849090,38,0,1.4714228694096603,-1.4212358731805446,5038336.954511858,12167.451897204526,BENIGN
0,107649683,217,0,0.7713925619946628,3.41515651711902,-2619186.173361755,-19381.38481108335,BENIGN
17,88624,6,2,42.731655693416315,58.80926678367838,1279696.1075251137,-633.6930401008758,BENIGN
17,-4499,3,0,1472.3849432459829,1474.8557566824322,2917310649.391003,1998128.456927773,DrDoS_MSSQL
17,40435,3,0,227.39426035631027,235.93841662551677,438034011.1431129,1997435.3444578461,DrDoS_SNMP
0,111877066,41,0,-0.3778136633651414,-6.227447013409219,-4157402.664572009,-8251.156907654917,BENIGN
17,2809,199,0,440.2750716707676,437.6979103307926,839272.2186061536,9118.792698812424,DrDoS_NetBIOS
6,140152,4,0,0.5332737900331765,-3.358514559771389,-3682014.6384669114,2003270.1478343464,TFTP
6,-96278,1,0,0.27244326082465514,-3.4382358813555225,-1284393.0458426892,1998296.433174663,TFTP
0,107798720,25,2,-5.635388076836017,-4.549367473304521,-1762116.6212381136,14802.336792685268,DrDoS_NTP
17,-34010,2,0,400.8625700777553,400.41547349632697,4484921.020901289,2002967.2615430728,DrDoS_UDP
17,-32265,2,0,919.7142481376101,787.7654518098386,454428890.61595106,997455.8651914989,DrDoS_NetBIOS
17,-28061,0,0,1464.809348165559,1475.1963353166525,1469689591.2882144,999243.0058159055,DrDoS_LDAP
6,86449121,4,2,3.180847175473356,4.1352960874776405,1773501.4973094075,14228.837916236325,TFTP
6,-24436,1,0,1.6202458968602242,1.948688112775866,7293367.907921017,1999546.3153636893,Syn
6,39408,2,0,-1.8956099551807695,1.4462211367784346,-2949534.4679951584,15279.275094218545,BENIGN
17,89129,155,0,439.7840810619274,1468.8678633684312,966515806.6827881,7719.987999183812,DrDoS_DNS
17,73279,1,0,1469.0330773296653,1479.6633924216067,955557616.864266,11899.736115753165,BENIGN
17,159016,3,2,41.07763464113336,49.740783419819316,106280.8028100594,3177.178081086543,BENIGN
17,223289,212,0,440.6194324364166,309.5707483251591,246198.753336031,-11489.580553765052,DrDoS_NetBIOS
0,110718418,39,0,2.6555953233597194,3.531774000829298,-261517.6126642949,-6438.770801603896,BENIGN
6,78492,4,0,25.491421440940663,-0.9358188866359995,1970364.6678310453,9491.17713278555,BENIGN
6,49718,2,2,0.02987173824947459,1.380398842124753,1301059.4481500634,12956.305265206736,BENIGN
6,109429389,11,0,-3.9277074955266715,-3.6560030909079977,-2375525.6519049555,1995311.3975128024,Syn
17,14665,3,0,1469.5983775625214,1467.0717447252168,1465914638.7760978,995593.0097689228,DrDoS_LDAP
6,11628,2,2,1.7320193811765752,-1.8353405600949222,-4083115.5012235297,8729.198317311648,BENIGN
17,-155,1,0,392.14692317562987,401.10125378258857,762038648.5327699,1994222.0309455965,UDP-lag
17,117815,3,0,386.95214822371054,333.6498092531152,2284497.1210723585,3114.3602421444602,DrDoS_UDP
6,116180577,6,2,-2.244756763063101,-5.720203796159039,46635.98471071082,7634.437251265474,Syn
17,60699,1,0,1476.0621396646611,1476.4722478997626,911337025.2963389,1004550.4901908389,DrDoS_MSSQL
17,113905,2,0,1472.3236819251592,1471.0630999088853,161002928.57356203,16470.105975325634,DrDoS_DNS
6,2183403,4,0,1.499836973416174,4.129082691266725,1192932.8068020705,7631.824485648672,TFTP
17,93135,2,0,391.935153223718,400.9417275734949,-2311554.793104819,9748.974085813408,DrDoS_UDP
17,-52359,1,0,383.43591484995113,401.12388394009946,771126802.0395564,2003822.2233962025,UDP-lag
17,129681,3,0,1468.7341310972752,1474.0867434861768,149988137.84574732,674834.2953012368,DrDoS_DNS
17,24904,1,0,558.1370991114245,577.616757023413,913521510.2074853,1996405.8298609857,DrDoS_NetBIOS
6,117188088,42,32,552.8528231102398,2.4727192741304345,1101575.7301242147,-12713.010941504777,Syn
17,20706,3,0,1472.5360849030367,1477.195671719361,2926551817.228734,1996231.729069434,DrDoS_MSSQL
17,-3774,1,0,1472.0499543870906,1472.0419159364312,2937568299.5638742,1996580.4944332484,DrDoS_MSSQL
17,67017,2,0,394.29846882731294,396.04717474025443,3172826.5549886944,12115.566062499633,DrDoS_LDAP
17,69442,1,0,1467.0546542164634,1467.4747812944095,174481369.01884675,14172.271309618794,DrDoS_DNS
17,-3412,2,0,392.3146457920439,386.62444010776227,773380523.6027756,2001306.601139636,UDP-lag
6,-9231,-1,0,1.1167302771199683,-1.5270349120598123,-1618860.5611874314,2002299.5728003827,Syn
17,63974,1,0,449.9474930410727,453.32167199776177,978997956.1557252,999825.7888178118,DrDoS_NetBIOS
17,78185,4,0,389.32026611662417,335.55955205799836,-1862932.5752384237,6030.14776198736,UDP-lag
6,115651252,21,0,5.138309658520634,-0.37127726284815665,1340822.9188531255,-3011.087978182226,Syn
6,13331041,5,0,-0.3901154414274009,3.122142675894511,5089474.505465709,12922.103389386699,TFTP
17,63076,3,2,51.447902393548276,48.977198001247686,-1807725.998690725,6876.694506217709,BENIGN
6,6798150,30,0,1.0525926126071148,2.4775148810656105,-3226743.312283002,10697.037985643032,Syn
17,86650,186,0,439.59033520020137,37.71983425371843,3149919.9997004215,5638.575397365044,DrDoS_DNS
6,-45764,2,0,-2.0830458150237585,-2.138792393486533,-1325105.580897481,1997067.2902182338,Syn
17,131455,2,2,48.51820588886222,49.506854799487414,-560680.5129119758,11527.634745826887,BENIGN
17,-4342,2,0,395.07459918507146,390.99414738275436,793414743.2322044,1999988.7448130918,UDP-lag
17,-50931,1,0,448.38117150677414,436.79401777809716,919871516.6106285,1998784.945811055,DrDoS_NetBIOS
6,39881,2,2,-5.227099412240171,-1.8623192795976018,-4029844.7919878466,24811.178861166376,BENIGN
17,-107776,1,0,225.47144127140746,1358.8222677487618,1180023695.6167953,1996360.2739059092,DrDoS_NetBIOS
6,-39813,4,0,-1.3983752004779764,-1.4836229170937638,-1617026.6946489287,1994378.9000940726,TFTP
6,3274,0,0,-0.21378764181544635,1.0054744719135218,-1168265.9704690275,2007031.9135609395,TFTP
17,-51789,2,0,1410.4796477664481,1393.5504228960772,1456428995.8056014,994339.8784573183,DrDoS_SSDP
17,64283,164,0,1466.3058267197305,426.3739864831478,962940401.1852169,676018.5665884503,DrDoS_DNS
17,63046,2,0,442.0954130048847,441.4128358230699,929638871.3468986,679951.8980819337,UDP-lag
17,-36894,2,0,233.67364175782728,231.28091762208683,436060940.45208955,1997524.7590994693,DrDoS_SNMP
0,61892,7,3,-3.8155867213844195,0.880898024708881,4072419.424320046,14862.743714282667,BENIGN
6,42067,1,0,-0.7939593358605543,-0.17185289570739315,1455836.0761578023,17273.171598562392,Syn
17,-22899,3,0,443.312108252458,228.189408474371,232480212.71634436,14223.873141783442,DrDoS_DNS
17,51092,1,0,816.0990287053992,737.4286155082216,6468433.967915285,8588.965024365834,DrDoS_NetBIOS
6,176512,1,0,-2.8078411368046114,-0.007646640477845343,645805.6402895652,1998619.2097421822,TFTP
17,31542,193,0,440.7921713418395,446.2455438614434,7087237.765808537,13490.75559716716,DrDoS_NetBIOS
17,-16053,2,0,228.96473147390648,231.4706721999437,430993447.99427277,1998644.766684514,DrDoS_SNMP
17,-62844,1,0,450.3790282876409,446.47516202139064,941607202.2859147,2000492.4001423405,DrDoS_NetBIOS
6,31806,3,0,3.052286399432924,2.069192676262888,4648618.304386778,2001223.8789460966,BENIGN
17,30142,169,0,446.87790290563095,438.95197823656576,1297479647.820466,22507.771854819897,DrDoS_DNS
17,-8109,3,0,1473.7269741414814,1469.4551044831692,1470329616.7186787,995445.7392245341,DrDoS_SSDP
17,-78872,2,0,401.4223937196321,398.2014053458068,770847463.0082167,1999794.8858411377,DrDoS_UDP
17,-59950,2,0,1469.586273159049,1470.85908466505,1460318569.1390355,999032.8165329387,DrDoS_SSDP
0,109084933,221,0,0.19646087148650587,2.4494147225588447,-3380383.8563464265,-6040.1450093781295,BENIGN
17,6693,4,0,1471.054783580147,1466.5045607520265,2921882948.0275407,1996679.469383702,DrDoS_MSSQL
17,-33378,0,0,443.01570561369556,436.15418145711163,885642389.3245342,1997660.2401393082,DrDoS_NetBIOS
6,-34569,2,0,3.6672636823347458,-3.1321363718624946,-3415367.9742761906,1992898.6752851037,TFTP
17,80734,4,0,385.3787388152801,329.9389437390479,-582539.5470985943,8311.067600243958,UDP-lag
17,-10242,3,0,231.24199521058154,230.58334223486824,484499608.1612871,2011528.4728796603,DrDoS_SNMP
6,-19506,3,2,4.060886627411109,4.210061786259231,-1149294.6318651394,16456.077087262474,BENIGN
17,153723,178,0,434.34359692794703,429.0877113491297,-1193939.8335849785,-1827.9510103260272,DrDoS_DNS
17,22289,164,0,1468.0157179233217,1462.8547901869733,94342614.17614235,996274.4518213231,DrDoS_DNS
6,153148,5,0,5.070180707478612,2.633047426960306,-1973275.9383308908,1993770.2596507787,TFTP
6,88732,1,2,-0.06989832167466421,4.7737863995707395,-621621.546104186,32605.588872665416,BENIGN
17,-19661,0,0,229.31358631632153,227.56563202378194,440245315.0077713,2001346.5441527022,DrDoS_SNMP
17,84524,2,0,1474.5144865767259,1475.800156449347,1466616774.9798112,998912.9287939531,DrDoS_SSDP
17,47590,3,0,398.28471237212796,396.3750499741313,760805214.747843,997207.1993416368,UDP-lag
17,133832,5,0,1467.1779627817195,1471.1621020713344,1463804286.069025,3797.920715132408,DrDoS_SSDP
0,116252536,233,3,-2.55994895735957,1.2780094912851439,-1624791.369320953,5884.987667475337,BENIGN
17,-33398,2,0,1470.5431783558843,1477.0629788742713,1458001661.633734,995649.2799319543,DrDoS_SSDP
17,-54654,2,0,389.2789998907448,326.64412832652306,4187862.2892419156,4459.262862292769,DrDoS_NetBIOS
17,15617,1,0,1471.383035864724,1473.4495810831884,1461858778.4630284,998330.6391232823,DrDoS_SSDP
17,-153649,2,0,884.8449196400126,740.9774632782006,1256791141.108881,1997150.7964998463,DrDoS_NetBIOS
17,13287,2,0,1471.4201823023734,1476.3163728644017,2943139284.1585903,2000854.282426116,DrDoS_MSSQL
17,-868,2,0,1475.5770247916655,1473.2743059175075,2933080104.7798047,1998025.0742840644,DrDoS_MSSQL
6,12236355,3,0,6.0451522698639595,-1.065351399287354,1800318.2388290926,2000201.985276899,Syn
0,94240087,40,0,0.5057267283023785,2.797577158249536,1025988.1911250073,-7013.493762209517,BENIGN
6,117393466,5,2,506.9487203393435,-1.7195490504054158,37623.54531324282,7671.663674728127,Syn
17,-57779,1,0,1469.331200083327,1474.4186454146368,947830189.7255067,1001153.011866882,DrDoS_NetBIOS
17,40415,4,0,383.57646921415943,387.6467991504243,771470824.0595045,1998496.1532645484,UDP-lag
0,110572118,44,0,0.49746280076829136,3.3980498692124046,-5703267.871680191,-9002.510678424194,BENIGN
17,40749,2,0,1473.744641738747,1464.0220309464448,924598991.9340461,666517.4547296976,DrDoS_DNS
6,16150,3,0,-3.6224045730394026,-2.3696614278197234,-79347.04961505067,1997760.3114731829,TFTP
6,64761,3,0,6.1489269322264875,2.791015622399104,-1514993.7103667727,1999773.0383562213,TFTP
6,112932860,33,0,0.7425605946012579,-3.8668274266577933,-5824785.687933939,3996.500142559761,BENIGN
17,158675,5,0,387.0578111896066,332.2474643770216,-4623025.4587288145,-8085.085736425306,DrDoS_UDP
6,109931688,19,0,-0.07561268837268774,-1.8581947212237815,3976018.2248511696,3277.0037467216143,Syn
17,5271,1,0,1470.2755537045741,1467.4550911598021,1457250414.431275,383950.5076425082,DrDoS_LDAP
17,74243,1,0,1475.8372981722493,1476.184054785075,1468326731.336412,661703.0410753042,DrDoS_DNS
17,39116,2,0,1475.2199984880074,1479.6943785233116,1463712533.732794,995984.2189018709,DrDoS_SSDP
6,19753,1,0,-0.8067323015767928,1.9845334376430006,-917956.6091178029,2000442.134183351,Syn
17,-12281,3,0,388.47111310150996,328.73648336272424,-1194992.0520906772,2000918.0014992545,DrDoS_UDP
17,87767,209,0,890.1500084485738,321.67736654202616,2378560.3554431144,5251.393449236744,DrDoS_UDP
17,-38772,2,0,397.30806926440135,338.6298854315921,1228137472.0809956,999531.0130984065,UDP-lag
17,46303,3,0,223.45093097624206,224.43674923211663,4111973.1769031286,9419.336979285246,DrDoS_UDP
17,97625,5,0,393.7282436155481,330.96136864149804,3805115.928832529,6410.210154823633,DrDoS_UDP
6,59882,0,0,-0.40101011364477285,-3.0091819942179376,544984.9888852119,1994166.136262344,Syn
6,12583930,5,0,3.7348944955957615,3.1295188983393856,401526.806249124,8372.090173509685,TFTP
17,-48131,5,0,1472.106746145097,1472.5511119347248,2926985166.4290915,1998300.8193525209,DrDoS_LDAP
17,26972,1,0,1480.172856841238,1479.228422881587,927524372.1525412,675999.4474938022,DrDoS_LDAP
17,128104,2,0,1472.9788019168311,1375.6618262738045,973668539.3388221,994849.6933256899,DrDoS_SSDP
6,-10452,0,0,-0.10682048074389512,0.0051904000935718425,3668987.843888689,2003582.7789257616,TFTP
6,24478,2,0,4.388817470726635,-0.14436538439683538,-24684.700878654374,1999763.6883217494,TFTP
6,79318,4,2,-4.377085251430701,-0.7822120642018431,-1955842.664022322,17939.25761326838,TFTP
6,191086,3,2,-2.3005777820768496,3.775639731952886,-357714.67637460376,26541.36680647977,DrDoS_NTP
17,34990,2,0,1470.3483514976206,1474.8680978946645,2954740514.0597515,1999598.1192548755,DrDoS_LDAP
17,39759,3,0,1338.9520721221857,1373.9678647555957,1237731738.8406816,1003052.7333285741,DrDoS_SSDP
17,-101596,189,0,449.81386726531207,444.2997082724413,938257185.1618947,666908.5034515243,DrDoS_NetBIOS
17,93373,3,0,222.97948202168513,233.41523825328974,438173310.07331026,1004398.6487178796,DrDoS_SNMP
17,64376,1,0,392.8775612752186,396.94080716429835,776925078.9774557,16326.35997378725,UDP-lag
17,-69309,4,0,234.95533073344765,233.96860538328417,471582554.905573,21864.41239621179,DrDoS_SNMP
6,9096,6,31,53.50799477666676,2.4125344956228116,-992477.5689760938,2663.1730443516763,BENIGN
17,39073,3,0,383.2320850494862,322.29236660186126,3165309.36640398,5939.065967138847,DrDoS_UDP
17,83464,4,0,443.805300981201,441.75184486098317,1969327.2797009693,12251.480986367587,DrDoS_UDP
17,-17919,2,0,1468.5513911959008,1473.4119510871992,2926963120.501614,2003135.3009189726,DrDoS_MSSQL
6,-10770,2,0,-2.0074108443507006,3.147499325837107,1423472.0150212909,2004198.1587129754,BENIGN
6,-14076,4,0,2.006305344869282,0.9940057274666135,1391204337.4684908,2001350.3858750565,TFTP
6,104310,1,0,9.452060126496887,7.353200572992653,-2110972.956225192,1002518.5069537864,BENIGN
6,114841,1,1,38.816114607893006,3.8101053349428797,1569771.158263989,19480.41450735747,BENIGN
17,90060,3,2,1464.2775250841062,49.021826982488825,137519946.64149493,2003325.709351027,BENIGN
17,54069,2,2,44.51566010968213,53.134361120696525,1434985.9478951367,17286.01365343755,BENIGN
17,117225,3,0,1474.384666155217,1469.6578372430647,2948020439.8059354,2005033.0115285146,DrDoS_LDAP
17,-64674,0,0,227.51298174510006,224.96345843069997,441877454.4789824,2005843.1530727881,DrDoS_SNMP
0,81158076,30,0,3.0850919493350433,-1.9150736117495544,-2584947.734770978,782.2145466163493,BENIGN
17,99767,3,0,387.3694930403503,327.5892896934231,3073116.772534809,10793.141875233436,DrDoS_DNS
17,68247,2,0,1324.2140904258022,1358.0138920133766,1199835613.8232713,996774.3996891887,DrDoS_SSDP
17,6304,1,0,1474.5477828592211,1477.565378144118,2936747527.4570184,1998783.0802843878,DrDoS_LDAP
6,-996,1,0,-1.3561301336424487,0.5936980380015588,-4394393.409133504,1990362.3495475731,Syn
17,181039,5,0,387.47702468040103,335.66327065205564,2146741.1172044277,-5436.0809912137065,DrDoS_UDP
17,-21640,1,0,1469.159385124454,1470.211845784219,2931709085.6225705,1001424.4680978258,DrDoS_LDAP
17,-30558,2,0,1475.0348209572187,1471.0885897632575,2916192541.3117366,1998665.6075032838,DrDoS_MSSQL
6,-6282,2,0,0.29632272554409694,-3.7711751200819257,-4611501.518706712,1995092.252239991,TFTP
0,117425225,51,0,2.190930024532848,0.07048361047071768,-4701305.147091007,-11057.337639297282,BENIGN
6,109613619,2,2,1.5957137024893866,2.851503612163012,-451707.9865308865,13027.184906811273,BENIGN
17,-43492,2,0,1466.5150855715035,1473.290104783078,2938826976.4108605,2002405.0899776428,DrDoS_MSSQL
0,72276630,5,0,-0.6231343338391718,3.3536336252862142,3165060.269778141,10335.924694934405,BENIGN
17,-264,3,0,1474.008028309226,1472.723073790443,2942881642.732233,1999310.235862741,DrDoS_SSDP
17,-6989,1,0,1466.454342108437,1470.4075009975334,2926410762.881523,1000853.24227498,DrDoS_MSSQL
17,9991,3,0,383.9534500686807,379.533952614482,771255403.1671045,1998943.4501297285,DrDoS_UDP
6,-92628,2,0,1473.0004397089378,1471.9145976129983,2946229151.042264,2000188.866923652,DrDoS_MSSQL
17,25725,1,0,1467.696185442167,1468.6174668448257,2916075196.6048694,1997060.1867874106,DrDoS_MSSQL
17,113222,4,0,1467.0471391636888,1462.3449430331673,1465156774.421641,996613.057395084,DrDoS_SSDP
17,9038,2,0,625.5531658063775,448.3408748723778,883850904.5407518,1993544.790139498,DrDoS_NetBIOS
6,95761,2,2,4.230186052163056,1.592571140032509,-538307.8511461092,13278.32978254643,BENIGN
0,112299838,42,0,399.2188027515174,332.0238263897418,-156016.46787120122,-14386.220498174825,UDP-lag
6,10996725,2,0,-4.215169615812406,-1.2563270171599155,-1374587.4982433862,999005.6610864366,TFTP
0,110150,7,2,37.47398087072485,45.72775842025492,-3572380.986019614,-8161.715310496882,BENIGN
17,81816,3,0,1471.6960663820184,1474.7576257314367,1477740051.4551013,995551.6315011703,DrDoS_SSDP
6,-83045,0,0,-0.19300982143978473,1.7314800734708395,1090139.832875038,2001388.045679311,TFTP
17,-4016,4,0,995.6103607558471,567.2267223071079,1221506409.968198,1999067.278907059,DrDoS_NetBIOS
17,-20497,5,0,390.0167679180895,327.21927752973767,3498631.9230660545,13543.649951314657,DrDoS_UDP
6,13357,3,0,4.268679928089277,-0.9018397495885713,-256230.48309624894,1997956.7198667298,Syn
6,13634411,4,0,1.8200756623650638,-1.7024019005572673,-6659010.824714222,19630.179572392386,TFTP
6,64743,3,0,1.027490130508898,-3.637965562312378,-6557852.362853384,1997283.2120464863,TFTP
6,110508756,29,23,-2.7541867988694952,-4.255012641567726,-1878454.6771590912,2302.281617091652,Syn
17,98292,3,0,438.62364215869343,444.2625026915015,1504557.6934946356,21795.27459835178,BENIGN
17,-42188,2,0,1431.9939791684694,1397.4226279860563,1470827568.1195076,1001968.9465927918,DrDoS_SSDP
6,74435,1,1,-4.220591411446378,-4.670894987467858,-7228181.046216742,3990.9321334281094,BENIGN
6,60195,2,2,-7.363579372143928,2.9661480094865866,-2609307.6668702466,19345.281276297283,BENIGN
6,13856,1,2,-2.4547931388807664,4.477483490842832,1830519.1579859986,23502.8266604678,BENIGN
6,5298269,39,36,588.5840535263349,-1.6471043563279606,1761072.8037156803,-11604.30429673236,BENIGN
17,72034,3,0,1474.8789185772555,1470.3170653710558,2917394704.005092,1997235.264919107,DrDoS_LDAP
17,115521,207,0,436.24366413429067,429.99053797393617,4186880.129162235,10213.39103551797,DrDoS_DNS
6,26380,1,2,-2.709595221761267,-1.3712549280742208,-3007936.621407739,15034.678881022937,Syn
17,55441,3,0,1473.157044844468,1478.870569009642,1468884352.0298307,2002398.0527678628,DrDoS_MSSQL
6,37781,3,0,-4.672486291025707,289.486872618617,2016661.8123413678,5399.816613097782,DrDoS_DNS
6,44054,2,0,0.9969832536461283,0.10863531895175473,-2230346.87727358,2000307.9354676348,TFTP
17,-48870,2,0,449.9129866622424,451.4731637720916,1250742831.2102516,1998423.1722637785,DrDoS_NetBIOS
17,832,2,0,1474.831141270956,1479.7760569645452,1455767670.118059,996220.5669350135,DrDoS_MSSQL
6,11129092,4,0,4.835477295709661,6.333665781736183,294777.56120172655,-2736.6586481206705,TFTP
0,120298251,53,41,2.556926209471265,-1.0653653425787015,-1281444.149795852,-15929.614182987585,DrDoS_NTP
17,133937,3,0,379.18637283692516,325.2794379785614,3416622.495893485,2213.4319926916223,UDP-lag
6,146722,2,0,1.6634407965191753,-0.9887386570463998,3214107.073298093,2003776.3587531499,Syn
6,109142,4,2,3.211331073487659,3.1702775734908526,-1161935.7487802815,20783.63762506692,BENIGN
6,12902558,31,5,-1.9945014606686313,2.0551044189498633,-3968484.8845665185,-4809.009157699551,DrDoS_NTP
17,-66169,3,0,1471.5610747932403,1474.5231453340953,907243763.7380934,992568.2089108987,DrDoS_MSSQL
6,44434,3,2,-2.990132644841024,-3.1115600576312183,-8892114.832895452,18994.046224172744,Syn
0,3506646,226,35,627.193064878647,3.987876987892554,1812622.5183214445,-18283.21701400665,BENIGN
17,-5510,3,0,1470.303052253642,1477.6243369965684,139020999.90163928,999276.5887924904,DrDoS_UDP
17,143421,2,2,40.03226424387204,45.68613709270377,3249201.244694014,22408.7558924109,BENIGN
17,-45585,1,0,1472.7108252762077,1477.2610162290623,2926771268.9724593,1999366.5890687427,DrDoS_MSSQL
17,111468,3,0,1384.8356934448952,1376.5273778776202,1271314226.3756764,997386.5538722228,DrDoS_SSDP
17,-25019,3,0,1468.8544969815116,1464.3421593742455,123074520.45872414,992347.8747610268,DrDoS_DNS
6,13449620,6,30,4.0948950806208195,0.361321993927161,3545030.46439794,16127.52123341517,TFTP
17,-131420,3,0,1471.9736115922212,386.90931695049323,2925938265.4584327,2000554.0108997922,DrDoS_MSSQL
17,-60392,1,0,1470.1913441913678,1475.9735359736765,98447106.92393011,1001502.9994406094,DrDoS_SSDP
17,-22774,1,0,395.4950635375936,395.4181022666691,776501858.4633179,1994463.452255898,UDP-lag
6,13104537,0,0,-2.0927226385875053,2.955285964204855,-1474511.7507447347,12733.44253771155,BENIGN
17,15079,0,0,1376.4474801331207,1397.7683645749942,1232791575.2469037,998693.8570308919,DrDoS_SSDP
0,108788570,39,0,0.6954783892182047,-1.657869019892345,4493184.694094255,-20091.07063010173,BENIGN
6,135865,4,2,-1.4351899834505468,2.9385376367536598,-4385920.36593175,10391.25485454955,Syn
0,-136085,6,0,5.2694198135065085,602.7503601803055,4802307.164606077,14777.083812363098,BENIGN
17,-46494,0,0,450.24172806181093,443.75371944715977,949801366.8268569,2002108.53861812,DrDoS_NetBIOS
17,72358,2,0,389.42221217147454,329.5530932861487,5047992.669840169,5724.747283528491,UDP-lag
17,54340,3,0,387.08838741721416,392.5584037046665,765878126.3096306,1999681.2065659962,UDP-lag
17,-43774,2,0,1475.8158016794805,1472.4969169992448,2939268088.8829246,1997150.3344985598,DrDoS_MSSQL
17,55239,4,0,1403.1724478679007,1475.649991907293,1244509560.637163,1001376.5546709175,DrDoS_SSDP
6,2652948,5,5,387.83605726790415,1.7128891290019774,8276659.12249582,8487.361996620748,DrDoS_NTP
6,134225,2,2,43.574201265391714,2.869362533836134,-2906438.87276343,13170.344710935633,BENIGN
17,95633,5,0,390.7136808383365,232.60750740955157,4770667.329932051,15138.368251781,DrDoS_SNMP
0,114815055,46,0,-0.7764050113872633,-0.4315038712298216,-5148305.28423548,-11434.71940622498,BENIGN
6,14667502,4,2,-3.3253172861263165,6.689908465423752,-353843.2101736632,27761.693524364346,TFTP
17,4355,2,0,225.19323110013048,222.95167010115313,433107292.1563372,2000954.3980791324,DrDoS_SNMP
6,32866,4,0,0.39432975757172023,0.7277213417466885,-2074613.9752377274,32289.635974452474,TFTP
17,130790,4,0,380.344627411912,334.45918696534704,5656103.297169262,1674.8245681339959,UDP-lag
0,104231482,38,0,-2.4951985639744128,1.3510721166235835,-184371.4750035219,13399.769961795922,BENIGN
17,-47658,3,0,224.40307048761835,229.72995826615133,460273417.44352585,2006608.2323566116,DrDoS_SNMP
0,108961731,39,0,9.625687577947879,1.379964608194219,2907811.768962615,-4195.128209836983,BENIGN
6,57295,5,0,-3.3984962483727674,-2.2590453137630466,1075736.7868090277,1999947.8061411947,Syn
0,90128796,45,0,-1.7030019748963818,-0.646757083220147,-205320.82334426977,-15991.331818901373,BENIGN
17,-36317,2,0,385.00098683305896,392.2126951298135,439041390.6377097,1996569.181456961,DrDoS_UDP
17,45335,2,0,223.51763363772554,232.97007485001578,-447625.5397826298,8144.257906902831,DrDoS_SNMP
0,86681759,31,0,-2.1219951450652323,-0.29747680500924895,-378324.7379318818,7617.3156665007255,BENIGN
17,28801,1,0,1465.1696810463932,1470.0710821534828,2919511152.631597,1999184.6619547843,DrDoS_MSSQL
17,49444,4,0,228.88304870906498,229.6028927835838,442212667.75707847,1996361.4674307052,DrDoS_SNMP
17,1097,2,0,1466.2489138788392,1476.1602354930071,1469845543.7282023,999398.866017156,DrDoS_LDAP
6,87217,6,4,529.9491489043711,3.330303179030693,4598905.811608119,2202.3369793705806,DrDoS_NTP
17,45093,6,0,239.36496626251025,232.6647715121543,444020942.373268,1997606.756726574,DrDoS_SNMP
6,115200060,3,2,0.1383529606405125,1.1805898172004685,-2664925.1991659617,-1964.8497640410678,BENIGN
17,21764,3,0,226.2235207987408,231.5855402289517,462187191.73349565,2000385.6900200408,DrDoS_SNMP
6,-71999,2,6,38.271252265232924,3.1375852030449156,6810385.655804895,23262.59891745908,BENIGN
17,31376,4,0,1474.5205284903739,1475.060021590168,1469030380.6726556,997810.0312836078,DrDoS_SSDP
6,65798,2,0,-3.1262127791580396,-0.5248942107676964,-2737488.012595918,2001818.9396951348,TFTP
17,110556,167,0,439.4952476478,442.26273391996466,198458.76762092416,3397.082388627691,DrDoS_DNS
17,51683,5,0,231.3850562345643,231.4556596438369,419034937.63900274,1994697.7479758053,DrDoS_SNMP
17,68764,3,0,1470.7981398094457,1470.927426660383,1465473794.3722124,997142.4685714073,DrDoS_DNS
6,-43989,2,0,-2.564931547773775,-0.18101654297501757,-882038.110418055,13494.839920430208,BENIGN
6,119574,5,2,7.802394650133502,5.014730015207659,8078109.7852399545,31143.5859555018,TFTP
17,119011,3,0,1468.9401715760412,1472.9903172062184,86657893.28392285,7813.822900507856,DrDoS_SSDP
17,8274,2,0,392.981634396336,390.570949939865,783070328.6819657,2000326.802570786,DrDoS_UDP
0,110986134,211,0,1.7728158711056028,-2.83501766992972,2002841.7141171303,-9628.06475154026,BENIGN
17,143785,1,0,1465.877409429164,1467.6841526784458,73482233.47195087,13204.521175242156,DrDoS_DNS
17,16075,172,0,1474.9579227494728,1467.7518863198834,137282618.3384431,662632.009625488,DrDoS_DNS
6,-12388,3,0,0.8034096160542809,1.0336443468770247,6153660.654550923,2004174.4234935078,TFTP
17,171298,3,2,42.07755791537813,56.27896977676777,-2356217.173902303,2738.8670126984025,BENIGN
17,38470,3,0,228.50980638581274,232.8691869050088,450560485.277099,1998730.8089486482,DrDoS_SNMP
17,-41719,3,0,382.63631956702096,386.8384681932959,774646671.9794062,2002450.3895516372,UDP-lag
6,113918901,22,2,1.7896599127034691,0.38590816636176867,5654287.951823844,6274.207734494374,BENIGN
6,-12067,1,0,1.5996781904670454,3.0546803845918706,-1380545.6855319033,1997099.8524193363,TFTP
6,-3832,2,0,1.5309036489805057,0.5184829723918811,-2054442.5170065488,1998875.698401189,TFTP
17,1759,2,0,1469.8092505649804,1478.4281896478108,2935467061.637613,1997244.0393361785,DrDoS_MSSQL
17,55662,2,0,1466.2505306195333,1474.3680409108338,893632737.88418,684768.2634706867,DrDoS_DNS
6,72979,22,2,-1.9861041769941687,0.0011824992074287305,-5014354.647383024,11056.99886060419,Syn
0,111161016,38,2,2.3917062275695167,1.5641942182586013,1519973.8773423485,4542.723513224544,BENIGN
0,123753450,242,42,8.769726806432336,1.6475549602064985,-1220476.1400832792,-13730.000503590818,BENIGN
17,144452,5,22,37.3294601472818,49.188322354139494,683374.471241267,-9069.277120045783,BENIGN
6,101996757,21,24,4.123007609977536,-1.318267875750017,-3986991.5828047525,9776.137188965346,BENIGN
17,33586,2,0,235.69407871903678,240.1284982807359,471304233.08716786,27014.69320788761,DrDoS_SNMP
6,141888,3,2,0.7655283477399502,4.1532134381811705,5128.514680249384,19234.245667995958,TFTP
6,113721602,28,0,-3.0755584238670566,-0.30539908436804314,-7695505.105906486,232.3151695079432,Syn
6,115746449,5,2,816.7786666684448,-1.2605102258862289,-3325259.4172637146,12399.666639207422,BENIGN
6,46439,1,0,-2.3958596075586263,-0.034708625498645895,485707.91041668144,2002523.6042585794,BENIGN
6,73315,2,2,-4.254131071895287,-0.17300789267259908,1464884.5891018563,20428.867484891885,BENIGN
17,-3034,1,1,225.08861116438263,714.6193512640625,4781685.829279095,18565.144346197725,DrDoS_SNMP
17,-34291,203,0,1465.2474900737006,1461.2972039495148,153047197.60182568,10074.371981572143,DrDoS_DNS
6,117471109,39,38,587.3393224098485,2.6440289861678727,-988107.372677299,-2484.4909589665567,BENIGN
6,13842,3,5,3.651466118110318,2.0968178775755013,7816328.557945736,20505.389637565422,DrDoS_NTP
17,-3790,3,0,882.6561594813799,392.1655059128308,794718012.7833377,1998015.4320363554,DrDoS_SNMP
17,3663,208,0,434.0140627352119,528.7368217090624,-1859828.7990697015,649365.2088340864,DrDoS_DNS
6,6908,2,0,3.8632277870993947,0.08999303986275212,-11560.825039405376,2002446.2091228184,TFTP
17,-22241,1,0,217.68092161311952,225.8877230178875,2917400767.006292,1998076.569132979,DrDoS_SNMP
17,26961,2,0,387.391579857288,324.99823609540687,5176028.872367484,13705.70639217619,UDP-lag
6,-96293,2,0,-1.7518832604128092,3.267867776241928,7293074.7899087155,1998639.3649026009,Syn
17,83902,3,0,393.7997514050603,391.5030016166047,771674485.8294082,1998558.8039113986,DrDoS_UDP
6,44432,0,0,0.8436660727292403,0.4107488315287275,-2339209.0817654245,2002135.979510483,TFTP
17,78088,4,0,445.1015939377726,698.9733471052914,2904874.146685482,-1074.4210899448772,DrDoS_UDP
6,62722,2,2,27.704001117368023,1.5873465002357938,6549044.642375305,14156.586052902008,BENIGN
6,55881,13,2,2.2287305334114067,1.470930308961714,-1361489.2568090593,21408.112863927417,BENIGN
17,14688,2,0,395.07300765243286,382.4235550808816,446953431.25615215,1999347.585626255,UDP-lag
6,33953,2,2,-0.4200747972055335,0.8662799776551754,-4944523.307298471,30242.784763616535,DrDoS_NTP
6,76580,2,2,46.827188902937706,2.5118423790746394,1659359.3100142404,19696.6121991319,BENIGN
17,24482,3,0,214.47619726504595,223.67683640043523,428521229.8368194,1999841.4756947989,DrDoS_SNMP
17,16602,2,0,1470.0099743324035,1469.7158098467096,1474779937.9833772,1002524.889087249,DrDoS_SSDP
0,107405628,42,0,-0.7239951690817645,-3.336272575529307,-2390469.3020705776,-1766.04625326727,BENIGN
6,109167970,16,0,9.76054176947863,2.5278877875842563,2354368.1206681905,1998118.881158777,Syn
0,105487262,39,0,-2.236105317560744,-3.2556575553664286,-5066918.33020442,268.35447101539285,DrDoS_NTP
6,44572,4,0,-3.23442169234234,2.4130838170374833,-1531621.7154107762,2006354.9134180879,TFTP
17,-86619,12,0,222.9085964675498,224.28499063891783,9024725.279583229,30399.2781043888,DrDoS_SNMP
17,54075,3,0,854.5218330504484,565.4347390717587,1137429418.5143535,1996032.7312269586,DrDoS_NetBIOS
6,61040,4,0,-4.435065675898238,-2.3961056544874184,1742185.9512787994,2002967.7897654024,Syn
6,-32988,2,0,-7.503839837975649,-3.6188289482432445,-7213861.748154246,1997941.9721569514,TFTP
0,116180391,50,40,1.9875216216879255,-3.9979151695995983,-558552.1862457304,-5799.761332081938,BENIGN
0,-2974,7,3,-2.3949457890781822,3.4708858607359274,-3187583.0679472033,7622.899557828323,BENIGN
0,117953143,52,40,8.703834867509107,-1.7829396793125225,-6805898.917571181,-17482.959940547633,BENIGN
17,86126,161,0,444.14768262346416,449.2689283815757,6018135.98470933,14156.801473232483,DrDoS_DNS
0,86247263,219,0,4.4518175912950815,0.07146628052758405,1748171.7525925138,-6737.5767035385725,BENIGN
6,75557,2,0,1.0686499166384842,1.2825677302842862,-2367589.1864564903,2003584.5985872704,TFTP
17,34109,3,0,1471.352466321312,1476.5878537683657,2912202651.047075,1994307.087624164,DrDoS_MSSQL
17,-70238,2,0,1473.9292609788724,1468.497245648021,2941234303.1118283,2002826.0615302534,DrDoS_MSSQL
17,-28440,0,0,778.0736229904259,585.1859291843741,4562333.165842456,2943.419878404842,DrDoS_UDP
17,-52117,1,0,226.44674326512657,227.9972443209502,452389681.0585852,2006784.6828356879,DrDoS_SNMP
0,78403290,34,0,-6.398531762046205,1.4770546230334658,2755918.12235712,2630.3234653246855,BENIGN
6,27527,3,2,-6.053979511253049,0.14422268601264696,-3734345.33004776,21183.558249413127,DrDoS_NTP
6,174515,4,0,-0.4218510197508552,2.3962208447463205,-1907052.7413977662,1997565.1075553824,TFTP
17,58695,3,0,391.78683158564843,331.31748777190137,9539416.351107042,10235.16818372128,DrDoS_UDP
6,182991,3,0,-5.257328663384923,-0.09355809178872197,-10154517.20618409,1997086.0606631404,TFTP
17,12190,199,0,441.5705113152524,426.9361346572174,-1541703.686603131,9612.655573688913,DrDoS_DNS
17,53404,4,0,1473.3784319853448,1473.3107608178811,1460765446.7113235,996552.838026731,DrDoS_SSDP
17,24512,2,0,1480.228767636722,1472.4851423274429,2920520126.6892653,1996938.4557613204,DrDoS_MSSQL
17,-11005,1,0,440.7392929236116,580.7777271651273,1274968207.581829,2003719.6786934775,DrDoS_NetBIOS
17,-66826,3,0,1471.6258264739074,1474.6393944529955,1455156184.9104764,993106.0097434109,DrDoS_SSDP
6,90186,2,0,1.6624314248324428,0.9534340694768703,-796192.2462575531,2002445.382003951,TFTP
17,105688,6,0,392.8275114833338,331.6717112046955,-1045278.0009612713,-5550.3253806306275,DrDoS_UDP
17,-74515,3,0,1481.381025463492,1479.0463523049953,2954549394.920556,1996237.6307300397,DrDoS_MSSQL
17,94903,3,0,380.8117687125848,392.768198915555,775002795.9681097,1999800.080472934,UDP-lag
17,15124,2,0,1476.6251890364742,1472.428279381798,2941780554.183208,665475.1888746656,DrDoS_SSDP
6,45548,5,0,0.8022127757673936,-0.7600530204110698,-3457186.680877407,21591.416506526206,TFTP
17,-32930,0,0,447.1897826371022,446.33825530540975,1322971053.7508428,1998142.39272118,DrDoS_NetBIOS
17,209497,5,2,396.5420387043494,329.3855006222023,-726763.943439916,-10561.050780360354,UDP-lag
0,109238185,7,0,4.86572400835404,5.165371564348596,-928645.7533356391,13109.976484142902,TFTP
17,-94383,1,1,1457.8125825137702,1475.531307103722,77199033.67294209,5331.621062608207,DrDoS_LDAP
17,-25356,2,0,569.0154181406446,445.35062421119625,1276036426.806687,2002413.836824085,DrDoS_NetBIOS
17,-17680,3,0,1378.0091345894468,1409.9229250722606,1156979239.4753656,1001673.5970834063,DrDoS_SSDP
17,49495,1,0,1467.7659052982085,1471.7482728345594,161564319.95319226,663739.4349842453,DrDoS_MSSQL
6,-59252,0,0,-0.353391300614349,1.3413338342278291,-1939188.8903618522,1994122.4489259678,Syn
0,112212831,222,0,-7.663839074009957,-0.3880097381050222,-8529321.702746546,-11622.713783204774,BENIGN
6,56904,1,2,2.4165777085789273,5.282114095036831,2283922.494346319,32124.59050431381,DrDoS_NTP
6,131369,2,0,2.4574140931841844,2.9558328510765928,11915.72667663591,1996305.9479141417,TFTP
17,-33932,2,0,1470.6834258627568,1476.3052932659748,2918900477.9661746,2000310.7185229308,DrDoS_MSSQL
0,123292929,52,8,-6.3398097088862055,-1.3682162865098635,-5277889.214289289,-21200.525759454027,BENIGN
17,-25809,4,0,389.32617124028326,326.67336167965277,3575791.8845158694,2001170.4281285452,DrDoS_UDP
17,130908,6,0,394.2127264317831,333.72325762380706,-4730554.674164715,-4801.444612153822,DrDoS_UDP
17,30866,4,0,1477.038295925045,1478.682072956937,2911456347.658434,1997746.2973482693,DrDoS_LDAP
17,207724,217,0,428.82670603996206,327.10563791016966,1327428.9171167223,-12812.843537552624,DrDoS_UDP
17,99155,0,1,31.032801929254333,40.68176985303539,7687262.147605955,9982.340846508876,BENIGN
6,20749,4,0,-2.135161115783477,-1.7897205453490703,292281.96464506746,1996906.4217825476,Syn
17,17441,3,2,817.9451680770077,57.51738286208185,975645.8435699143,13667.421925696299,BENIGN
6,11632705,3,3,-1.0974906436982363,0.8232422383346587,2580712.7358117313,449.7083574863482,BENIGN
17,-9595,2,0,1464.410591649266,1477.2502223895292,2958912548.7174644,378134.41608749976,DrDoS_LDAP
0,36763,7,3,-4.28840169012022,2.2583033235872096,1797200.1020251526,26342.03311912856,DrDoS_NTP
17,-34337,1,0,1477.2513569089028,1474.35501194487,1464534425.581644,997163.7671022982,DrDoS_SSDP
6,10943110,3,0,-7.617500134334955,-3.9209986627971465,-2235651.4543423587,15532.121386290371,TFTP
6,31680,3,0,-0.008159210888475835,-1.884798521114675,5302686.722336951,1999089.9303689075,Syn
17,22445,3,0,554.4495105637494,553.7799879226196,1170231583.604515,2002279.6075423332,DrDoS_NetBIOS
17,-12513,4,0,390.50761401412956,384.65121545059094,768262029.118303,1997585.544090818,DrDoS_UDP
0,-197623,6,0,-3.271526408964956,-0.558145696130561,322354.3426956171,22008.323572588015,DrDoS_NTP
17,61054,2,0,830.3239239737643,688.6799225306943,1207369290.6573408,19403.08265145786,DrDoS_NetBIOS
17,39928,3,0,223.58716832325035,223.94613791627182,469549267.3425452,1001947.0269399312,DrDoS_SNMP
0,110545417,38,0,2.111488325680838,0.4716137051379252,-1778060.1474072367,-8257.178281289041,BENIGN
6,50217,4,0,-2.7195863523182875,-0.27761002171683663,-6583798.13855767,1001252.434148054,Syn
17,111244,4,0,1481.3953591446057,1474.8474889983675,2925726106.933095,1995433.780184879,DrDoS_LDAP
17,82133,3,0,1477.5644929330604,1472.6639568336866,2910270455.898759,1994711.7785915623,DrDoS_MSSQL
17,-26881,1,0,1472.3486962246645,1474.7482065210095,2944169221.6416855,673053.8618494552,DrDoS_MSSQL
0,107127229,37,0,2.5091192912235125,2.959278393294002,-5277428.600269957,-12801.489211286858,BENIGN
17,-60684,0,0,562.834966114602,656.4320715424166,1323170771.2229788,1000277.3898300276,DrDoS_NetBIOS
17,112607,147,0,1461.182408842173,1463.55295655089,95208159.6185283,16606.81356515492,DrDoS_DNS
0,77006069,28,0,3.6356695239692027,2.707428467958375,4881320.7216913765,4829.721146856579,BENIGN
6,-73681,3,0,6.3537231605104605,3.5136481647218107,901434.7781669367,2000752.3827343893,Syn
17,14047,2,0,446.8019113929857,613.9034206638256,1205499457.4704332,1999210.6048215036,DrDoS_NetBIOS
17,43303,3,0,569.3161875619472,618.8296664015512,962843225.6772698,1999205.2846563822,DrDoS_NetBIOS
17,-99202,0,0,229.34297828011847,1346.4003834234154,2509241001.0314026,1999166.958712236,DrDoS_SNMP
17,-70082,4,0,1473.3794887087035,1350.7519133303938,2551520545.161057,1998839.534367971,DrDoS_MSSQL
17,-128473,-1,0,391.6587942509728,393.8201588091866,791122665.7437649,2003560.452900402,DrDoS_UDP
17,-27320,4,0,392.265379956231,386.59550286132736,767070546.6066445,2000684.29120429,DrDoS_UDP
17,34517,0,0,1465.5545885008905,1468.3455507148415,972422831.6964767,670059.3544865086,DrDoS_LDAP
6,116591703,22,2,-0.9650895503441553,-1.5241269611865764,-6861166.694582986,3935.4333879125825,Syn
6,-84848,1,0,-0.6760181831032765,-3.4340542218838035,-954392.3591084897,1994086.4411692584,Syn
17,190750,7,0,390.8892662287151,329.6508960848977,5627707.087092903,-1336.5743488413664,UDP-lag
17,16616,2,0,218.78746662573528,218.82869552150456,443606616.7517967,1004059.2266062341,DrDoS_SNMP
6,112748042,12,0,440.09182577137676,0.8377848145574204,1323423.3945537854,-3591.630175382652,BENIGN
6,112621,2,2,7.429354932783319,3.7477449603408886,-2544936.320822534,8096.850995838457,BENIGN
6,114699402,20,20,1.6254678553318063,4.068740552756752,-1488130.7329701472,534.3852958604275,BENIGN
17,-41218,3,0,220.7930044128452,229.6286163801031,452596387.1091942,2000024.9471343767,DrDoS_SNMP
17,105985,213,0,446.1404331263003,323.1082972091692,-1081256.0895865972,-762.9822005871392,DrDoS_DNS
17,75797,3,0,388.53228000137034,225.32140087282255,2639246.684960612,11732.33517157203,UDP-lag
17,-47542,2,0,1474.0419528126067,397.3748660931359,2921125001.6179867,1993432.436992282,UDP-lag
6,114476442,13,0,1.0473708966563609,2.1657043764943436,-1362514.3645828504,6467.060908365008,BENIGN
0,111846643,49,0,1.5022013089697435,3.8782313711780754,-5330354.654260407,-16942.96527836588,BENIGN
17,-57863,3,0,225.70150893875996,231.25273391430395,427444584.65492606,1993106.2156421642,DrDoS_SNMP
6,197971,2,0,6.334843399081159,5.395125135373992,1001274.5445012779,1999263.2113851705,TFTP
17,-47837,1,0,218.03479737911005,222.35744719405378,430132097.6910442,2001169.0711124963,DrDoS_SNMP
17,-31203,1,0,387.56443629148936,388.01412296162215,766463883.1765392,2001913.0653069313,UDP-lag
17,83162,199,0,439.7619610450194,441.49181683589666,-8177392.191822798,13395.693146480051,DrDoS_DNS
17,72546,5,2,37.38698547635215,36.29231211005773,1705319.7177604306,-1340.1677678660672,BENIGN
6,123464,3,2,435.645776580042,-1.7661166556576804,-4881632.314582117,8312.607306949172,BENIGN
17,-19026,3,0,626.98444942786,566.2015194708704,741612836.179239,1996304.8685369028,DrDoS_NetBIOS
17,102758,193,0,443.26732518907477,686.0929502456827,-216897.374291657,15197.288311070606,DrDoS_NetBIOS
17,-37166,3,0,221.29461095674617,217.97522641627177,434238012.7724449,1996928.3522853332,DrDoS_SNMP
0,118305517,228,0,1.9117459889345443,1.3275612928688856,-6362161.731486725,-340.05029568481586,BENIGN
17,103311,4,0,378.9238131200465,323.5102032737037,761963048.9159279,10959.101221365227,UDP-lag
17,127383,4,0,393.4106200459231,326.0562083565936,-452453.53165832954,633.3700714119313,UDP-lag
6,101184,3,2,33.459832226850764,2.2019423267400553,-7169286.336437336,16273.115345027334,DrDoS_NTP
17,-46361,1,0,388.06737653893936,393.94506142554917,805528847.7368068,2004386.9533613948,UDP-lag
0,99285,8,3,39.310308237254254,49.8920026416888,754038.9965915559,8479.492512912844,DrDoS_LDAP
6,115693,6,2,-0.6352295751011637,3.1266983696896773,-692236.8158177922,16518.972893348295,BENIGN
6,73915,0,2,0.415840597150445,0.8198023951609354,-2311571.435336287,28759.296411776464,BENIGN
17,13928,3,0,392.11729859560694,389.3831064765212,770377910.8556666,1997475.337845286,DrDoS_UDP
6,110451893,12,0,3.0838856507358585,-2.1517855491235722,1680623.7870605215,7102.034567513355,Syn
17,-97083,2,0,1473.3169341104363,1473.9005206220504,2949479099.813766,1995824.0857257163,DrDoS_MSSQL
6,2589240,5,6,554.6486317669616,-2.0138925947158826,5389574.202291167,11594.10260216468,DrDoS_NTP
6,88685,2,0,3.7273014109874225,2.750483802384639,2310441.823084292,22874.573191575222,TFTP
17,-4294,3,0,1469.895260349742,1472.3283123713518,2939387506.241004,673436.8821987786,DrDoS_MSSQL
6,42250,2,0,1.7809217660050511,2.5915772013059506,-92014.0693582031,2003920.220748842,TFTP
17,-8815,2,0,1462.8367426425143,1469.5644747472193,153281358.94264275,2003964.472381268,DrDoS_MSSQL
17,-10983,2,0,830.8873513774683,776.7736045486736,1292041483.737616,1998314.2434144416,DrDoS_NetBIOS
17,53249,1,2,30.697682107040325,50.331283938261556,-1234100.7591935436,9152.923826668699,BENIGN
17,74375,2,0,444.3156992717659,451.3135718775647,937412257.6313481,1000066.7205285346,DrDoS_NetBIOS
17,-40168,2,0,389.61510833004724,388.3763938883355,768631749.4821024,1999316.4571622736,DrDoS_UDP
6,6768616,42,32,647.5981292859024,332.6150204669552,3246376.36011392,-21390.55767779016,DrDoS_NTP
6,109938120,28,2,4.769886082613331,-0.3242325978419334,-94277.27862626314,11111.566115327454,DrDoS_NetBIOS
6,85571,1,2,-1.414792041637068,2.9770031937836867,3197362.304210727,31290.256591231937,BENIGN
17,-13076,1,0,1467.6240134238874,1470.1240835478447,2929427289.0759764,1996534.5318758127,DrDoS_LDAP
17,-21093,2,0,1478.8388270567254,1481.7810332991942,1461436087.0938077,994076.4217271731,DrDoS_MSSQL
6,27761,2,0,1.363640671622478,1.536777391688902,2942974.656669113,2000914.6537936134,TFTP
17,40,2,0,1411.876157138078,1380.9029981541776,1193873153.052007,1001551.0791213653,DrDoS_SSDP
17,-51184,2,0,394.71772690560897,390.00332959255877,780033203.6061059,2001677.2778098637,DrDoS_UDP
6,13999351,6,0,-2.2038915184792947,0.19872143042341628,148298.8135542553,12491.025939334202,TFTP
17,15802,1,0,392.34880347078746,395.2946994685721,798473249.2008879,2002439.2801341987,UDP-lag
6,4997,2,0,-4.36780737462925,-2.519058704199466,787622458.004848,1992556.9236831511,TFTP
6,82181,2,2,7.058639050008405,3.5052107028799377,3535312.072278537,7472.383986843132,BENIGN
17,106037,3,0,435.5685891272793,466.0074849324789,437312834.56501997,3868.9406975956726,DrDoS_DNS
17,-134549,1,0,393.44756820103305,387.04697243607694,782555914.3401529,2002048.4015365508,DrDoS_UDP
17,63635,3,0,390.9123039487337,395.96603959006376,788813296.7034177,1999824.7432459816,DrDoS_NetBIOS
17,94919,5,0,428.0495324738086,323.52635543229314,-854699.2188860711,-10544.068958919936,DrDoS_UDP
6,-44241,-1,1,7.398004750370888,1.5713843088300918,-1797134.2920539014,5895.462120085667,BENIGN
6,46960,1,0,-3.416780621168977,-3.4203692134094297,-2295404.8495808793,13863.464533280194,Syn
6,78716,1,2,0.2006172843845367,3.3283289860335654,-143428.90136215254,30880.860937551235,BENIGN
0,114633664,46,2,-1.8939349850811977,-0.917221523826676,941145.9944441279,-4590.34423897663,BENIGN
6,14179703,5,0,-2.440487562791076,3.291664769452375,-1763181.4556289564,20575.49191787018,TFTP
17,28071,1,0,222.89831676123677,224.02281097771504,457271196.18365043,2000031.1566213763,DrDoS_SNMP
17,23161,4,0,220.6048991969541,224.23196548614987,424637223.7193092,1996070.5880194916,DrDoS_SNMP
17,56344,4,0,1468.5151161161598,1475.233557754875,1463386244.9289966,1994048.0891360824,DrDoS_SSDP
17,42425,2,0,1365.8155094543135,1385.3512742890764,124024976.29110032,996417.8125442134,DrDoS_SSDP
6,19004,18,5,-1.6250132183257788,-0.7353931477221972,-3457609.7156643923,4717.948604663335,BENIGN
6,52955,2,0,-7.179303801212474,-0.15720166417358578,-2518565.094523469,2002918.4579225108,Syn
17,-22153,134,0,447.67267317990377,430.9525781751711,2063361.5243782008,-1702.9818071372174,DrDoS_DNS
17,-43067,3,0,1476.0105628162853,1474.1465804030977,2927178445.1289496,1998136.4768887558,DrDoS_MSSQL
6,-112361,1,0,8.823807981024984,2.6048786586072277,-471886.42376235756,2001936.6598388907,TFTP
0,115004630,43,0,5.8735843052855605,2.0507361849605905,-417149.453407445,-16153.84999851415,BENIGN
17,-61832,4,0,382.64225889967224,393.9163753103945,748147782.6176203,1997836.80772914,UDP-lag
6,1360518,26,0,817.116058354809,-1.9169409061796854,215999.54537631245,858.4756537419653,TFTP
6,40125,2,0,7.082670923910783,0.6728926683541998,183390.703353927,24001.11409855959,BENIGN
17,15325,2,0,1464.9023306122047,1474.6913841261912,1464818431.809209,996235.9690161507,DrDoS_SSDP
17,-2569,0,0,1474.5041268315765,1477.5816213120672,2936792585.0275173,2001314.5571986004,DrDoS_MSSQL
17,32323,4,0,390.1340666835786,385.23815037203025,784752825.7740777,2002152.5167344469,UDP-lag
6,64420,2,0,-3.122857503500677,-1.2174001142439566,-4622617.992480944,1995901.5001866845,TFTP
17,100728,4,0,388.31581985408604,330.5230924582993,9139696.79356224,3113.1664785436797,UDP-lag
17,59183,4,0,237.6885794600712,235.55575191147483,194009840.0499876,999542.8067870939,DrDoS_SNMP
6,4379,2,0,7.99720435575619,1.2492014340898903,966035335.4919713,2003672.5738874623,TFTP
17,144188,208,0,441.5572077940169,442.41552198565677,2492981.7363028834,22749.808435563325,DrDoS_NetBIOS
17,85041,3,0,816.7015830771575,799.0958932585478,1187564690.8990808,1000113.995086326,DrDoS_SSDP
6,58081,1,0,-2.361487130585873,-0.6818976632385033,1957899.0325098063,19647.814585237007,TFTP
17,-20942,1,0,383.88870405300804,767.9581497748933,452752433.0004926,1998271.3945343879,BENIGN
17,-143671,1,0,388.6299216283232,387.38139171901264,789676521.0644406,2001728.9869109087,DrDoS_UDP
17,-57392,2,0,1472.283454780635,1472.530624105336,2946178055.955756,1997776.7417643336,DrDoS_LDAP
6,137746,3,2,-1.3321272409790337,2.4885418113005775,6198702.048748928,20935.45409228373,BENIGN
6,4506113,7,9,551.9146641718959,1.306213117866591,901860.2958674873,2122.603157909457,DrDoS_NTP
6,-66270,1,0,2.4391394212211,0.7588312039552135,-2286457.2343592085,2002165.9322932763,TFTP
17,-7053,2,0,1472.7622192412246,1473.2391383960855,2926744655.5049005,2001604.6052394006,DrDoS_MSSQL
17,-9000,1,0,1462.9396666918694,1472.6372790743221,2945332911.098729,998429.8099943637,DrDoS_LDAP
17,-5168,2,0,1361.4368388657886,1380.9346485073283,1198761254.8878942,994579.8534098426,DrDoS_SSDP
17,-50721,4,0,1472.410954554768,1470.4592760953713,1471333484.7675695,997163.4135498122,DrDoS_MSSQL
6,-82547,3,0,-1.3381865026097806,-3.595733546041866,-813993.7970431165,2001672.5879685835,Syn
6,195165,4,2,2.54798980199584,-0.2899437205367159,-4507633.057347524,1003759.523530903,Syn
6,134249,5,0,1.650194551406815,-2.0452871324560844,-5953094.608318852,20448.337324519125,TFTP
6,4571413,40,30,562.1372270664411,-0.8107388210272145,2243556.4934983784,-16225.810784511847,BENIGN
6,97897,2,0,5.4359903939001875,2.9573663918027253,3232327.9009474064,13854.879195685902,BENIGN
17,34329,3,0,1393.0775059471289,1358.9974475080842,2554392642.580715,1998556.4704570482,DrDoS_MSSQL
0,-235341,5,0,-6.32449645875558,-0.05699904469574067,2095541.5605172054,18004.785243606137,TFTP
0,112365,7,3,46.42560726645763,56.20775917377481,-7307751.849633121,-16162.582318612745,BENIGN
17,33036,3,0,1475.9189156627726,1473.2295155531676,2927625309.8931966,1998826.806013509,DrDoS_LDAP
6,1108,2,1,1.5239166239216966,-1.4123678292225377,2140676.298844128,9951.161406721312,BENIGN
17,107027,4,0,1466.397176310075,1471.3225531650078,336924.683451341,10657.41757381274,DrDoS_LDAP
17,127556,6,0,394.54245469040933,330.76444332422767,-1229391.5445343668,6250.080657481213,DrDoS_UDP
6,2622286,14,1,2.869395137388513,0.8625924750684715,2203832.4935716125,-1246.8439844843033,BENIGN
6,85175,1,1,3.2130646123672273,-0.7678815698669175,3028815.5550024826,1715.2259869499576,BENIGN
17,34653,3,0,1470.8167949013084,1475.1065279718005,2946039780.236666,2001326.4429740289,DrDoS_LDAP
17,125004,5,0,383.3543337339763,322.465801641379,1922806.6394168441,-7750.95321043038,DrDoS_UDP
17,-14879,4,0,380.7516113852452,330.26029862398434,3532587.0410872484,11179.28346733544,DrDoS_UDP
6,112640701,30,33,569.6355090354062,2.3762266075982783,2098939.0586501774,10983.168740143587,BENIGN
17,138348,3,0,4.537312829203444,326.96879389094994,-3893692.548966069,3547.4659930029275,DrDoS_DNS
6,112043,4,2,2.843204343074003,1.7333349738642172,3746282.1510941414,26111.758603935927,TFTP
17,5632,0,0,216.67730699809943,231.28210646370005,459189787.8035215,1998540.4543695047,DrDoS_SNMP
17,-10697,2,0,1475.8976902575323,1474.861625572831,158762152.91878912,678534.9935829967,DrDoS_LDAP
17,40634,1,0,558.5094699082041,608.6731246932234,1265141354.1234431,2000668.0378032024,DrDoS_NetBIOS
17,-13897,1,0,1378.3523590598895,218.37673636444026,1166056703.2110696,1004490.5528226834,DrDoS_SSDP
0,114500147,217,0,-0.10076452345943172,29.568509771114023,2694404.945352437,-3818.6762732901534,BENIGN
17,65302,3,0,383.6483184827191,554.3040103738634,-1894920.2862347409,12014.103231229674,DrDoS_UDP
6,12135607,3,0,2.7141982987931,1.250678759006463,-2600513.0528088436,2001769.106814038,TFTP
17,-239,2,0,436.3476569215712,444.26869038360684,2547726620.0021887,2000403.0077891229,BENIGN
0,112047266,40,0,-6.4391515755519295,-6.649434750342846,2126067.9762214255,-625.5555804322757,DrDoS_LDAP
0,106426813,41,0,2.4301598450382658,5.642740726581699,-711228.8229994711,-11153.182937860955,BENIGN
17,-4926,2,0,926.1451150363442,555.7320833588069,912519784.102813,2000910.6313161547,DrDoS_NetBIOS
17,176186,5,0,386.7344517404755,332.1181479916612,-87998.45995890535,-1115.6385648652922,DrDoS_UDP
17,109852,1,0,1461.607250194707,1467.8830768812795,2915741592.978611,1999279.0492298861,DrDoS_LDAP
6,-3679,2,0,2.5215256867080122,2.2993118713725056,-3554439.0499589285,2004917.2035495925,Syn
17,115512,3,0,1470.9186819581314,1473.1684034079042,2905156717.2010984,2001136.3464508187,DrDoS_LDAP
6,-6591,3,0,1.2588882865412905,2.247176134447792,-6184028.117472289,1994424.165398033,TFTP
17,-50557,2,0,401.85766404979216,396.0137735830429,774979675.0214286,1993503.7001109677,DrDoS_UDP
17,106050,4,8,38.74651310170355,53.96675173798384,-536374.3996418884,-1055.179953939265,BENIGN
17,168759,6,0,391.1547353389331,333.420339536126,-8214662.200771575,676.3784805007144,DrDoS_UDP
17,79943,2,0,1476.9314632654891,1470.053349364824,1462901082.4058652,995179.582447724,DrDoS_SSDP
17,28546,3,0,1480.885883805294,1478.3158887447762,2947872901.333298,1996340.8028578248,DrDoS_LDAP
17,59183,159,0,1471.9227920334745,1467.5514124020644,1465155832.5309868,656359.2663084253,DrDoS_DNS
17,-4064,3,0,617.8897341181382,444.73759562486276,1314207835.4932902,1001591.8487437026,DrDoS_SNMP
17,-13898,2,0,1471.7569609288985,1472.7909986209768,2910133663.2693357,1998600.3590332486,DrDoS_LDAP
6,5172393,29,7,563.9795432390089,-0.006452393424149022,2204632.528585958,2267.3448287500896,BENIGN
17,67182,201,0,431.57763532470887,429.1633516073359,-380848.720230117,4952.9820032959415,DrDoS_DNS
17,-18365,0,0,558.0311090380402,523.6082200093903,1211086535.0827434,1998150.2458412074,DrDoS_NetBIOS
0,103895935,24,0,-0.3396719883115918,6.394269080306314,-3806034.157902575,11400.17016088768,BENIGN
6,12137253,2,0,2.8294871225133886,2.3499638650401846,4455353.6808911655,21025.66727539757,TFTP
6,118180360,30,26,-1.8687182756729253,0.10163136716996327,-6559851.041168034,-7322.597102461521,Syn
6,14980770,29,2,-0.6260145111942019,-3.1828589672752505,-554311.772510075,-449.3359747600334,Syn
6,69978,1,0,-4.438133079332594,1.2784594390837045,-3678448.369317241,13644.555317506894,TFTP
6,-49488,2,0,-2.167956237289986,-3.1816693610690217,-6446676.888187533,1998801.1038744538,DrDoS_LDAP
17,99284,1,0,617.6254796203252,438.29534827502096,309415.1419410417,23588.599759129385,DrDoS_NetBIOS
6,23950,3,0,-2.053945740854841,1.7438602775938041,-4137590.893279003,1999888.4613609118,TFTP
17,-39562,1,0,232.77930159425816,233.09455653412275,480015895.85658914,2009483.0661533205,DrDoS_SNMP
6,139433,6,2,-3.1805114949335325,2.122526429633056,-1514500.3487306822,29857.957423229105,Syn
6,44380,2,2,4.433114870070325,0.915012942855383,1532837.617656257,12802.323621531616,BENIGN
17,232821,6,0,394.0212505572629,338.2196379671883,-1307024.8701002018,-8273.875955805619,UDP-lag
0,76818565,216,2,-1.3621724188152255,-0.31320956840871245,-583681.8215503797,16353.959187601518,BENIGN
17,47605,4,0,388.03391332310053,390.72693254952947,762562045.6986601,1999302.183564245,UDP-lag
6,4572384,5,21,444.0703852897185,-4.339580252844473,-2517333.3009717735,2114.2595184607508,TFTP
6,3448027,15,0,895.8613941651777,-0.3182978461358812,5162008.329202142,1274.2276510076663,BENIGN
17,35433,3,0,1405.7934993841077,1410.5498394422966,1471014172.2329364,1000741.2148405337,DrDoS_SSDP
17,-25258,0,0,390.54507000987417,395.3262560537531,2940320246.5453987,1999272.3768800178,DrDoS_MSSQL
17,48293,2,0,1471.7775453790462,1473.000644052477,1016450826.776142,1004760.5683122142,DrDoS_LDAP
6,-47632,6,0,-0.5383933123714023,-0.3688419452871816,-1022222.0682244215,1996225.5898376147,Syn
17,33550,1,0,764.3447328772676,444.31299277036777,933964334.9977221,1998724.557372958,DrDoS_NetBIOS
17,-62305,2,0,1470.3951633783515,1474.472746658676,2923989525.22506,1997250.9044227798,DrDoS_MSSQL
6,124767,4,2,-1.8839884783565555,1.527560212141997,-2952913.377829273,9085.509824603292,Syn
17,-22610,3,0,1477.215794944762,1474.860905319881,2940900182.853734,1998053.763455977,DrDoS_MSSQL
6,-90243,4,0,1475.6236601921132,1397.445881104887,2778902136.553236,1001669.6379569692,DrDoS_SSDP
17,147193,7,8,50.453451156213944,55.09445010846963,1064841.5943181205,-2367.215669028641,BENIGN
6,182871,2,2,0.9744101425250322,3.777733438875849,-2490683.183084081,20513.57561012346,BENIGN
17,81619,2,0,455.407785267751,323.6079431150282,177987748.8600166,8919.767053870773,DrDoS_SSDP
6,97729,4,2,1.9318455088689925,1.841935618354936,2281271.279504283,28312.393364148455,DrDoS_NTP
17,73669,4,0,382.32217839135524,329.73228516724413,5469794.321157873,16934.369706959187,UDP-lag
6,62467,4,0,4.402690632179745,7.140758372802386,-5443286.1527691865,1998645.018942885,TFTP
17,43970,150,0,448.57184013844875,439.54008448933325,6839171.347782214,15813.642838760046,DrDoS_DNS
17,42116,2,0,1471.60344660847,1471.4850455609442,2910531459.8857718,1996517.9627008396,DrDoS_LDAP
17,37946,2,0,433.2664925309254,437.36358750629716,-190062.58131929114,9908.216472272465,DrDoS_DNS
6,118461805,16,0,-1.82752635553361,-1.207849402315138,-8139888.117941122,-6232.957178306504,Syn
6,1676052,3,4,-2.6516880385838295,-3.3099177629839036,5994317.193555848,9910.555829495637,DrDoS_NTP
0,108424053,33,28,0.5011393862078406,-4.993360379849409,-741653.9089879,-3961.9175097646385,BENIGN
0,82618806,31,0,1.7217454713339395,2.6562291447747874,-1364336.9573516494,-4268.054633348227,BENIGN
17,3767,1,0,385.8080275606109,394.84815645764684,776656672.7082913,1995462.80870743,UDP-lag
17,56839,3,0,390.51585797400753,333.8574879921645,6298959.682725807,7112.38022995292,DrDoS_UDP
17,-35076,1,0,1472.021352278682,1374.202482889062,1468102624.9980795,996428.4392616687,DrDoS_SSDP
17,110982,164,0,434.6178171089017,1465.4995988378832,-1438128.880102421,8452.795985362736,DrDoS_DNS
6,84627,3,0,1472.506857955142,310.03123323457487,2663855794.9908357,350522.9480442297,DrDoS_DNS
17,116961,6,0,385.6519926092929,330.0372575391664,128987.51710917661,6845.04128969629,UDP-lag
17,27716,3,0,228.8264960623174,231.38480854778481,438272526.3164784,2001261.3708787179,DrDoS_SNMP
17,53291,3,0,1467.1195330593405,1470.7952966959017,3935204.4942921316,8867.725718029205,DrDoS_DNS
6,53167,3,2,389.274053636993,3.9461250192241466,3667510.980057476,5191.802872510995,BENIGN
0,89441241,212,0,-2.02207050084948,37.47849602687281,1680654.085316601,-3690.932594853086,DrDoS_DNS
17,11266,5,0,441.38807930392676,444.2740699494162,2645175.0772863403,21275.342326089674,DrDoS_UDP
17,-7690,1,0,1468.8127238898514,1468.5697505260732,2921390463.2865868,365038.2200096996,DrDoS_MSSQL
17,155538,5,0,386.6757269401387,341.8280271491482,-2851043.057938559,18310.52675612706,DrDoS_UDP
17,-6377,3,0,1473.547083968609,1471.4529206324585,2918822696.173112,1997671.4987473462,DrDoS_LDAP
6,2338,2,0,-2.336215247689198,1.7817555982721383,-1526660.7198948793,1997977.3287830134,Syn
17,-24058,5,0,1376.3974655518016,1389.2263852771043,1191651536.9281874,996633.9452519136,DrDoS_SSDP
0,108857066,38,2,2.7910781288770177,0.22859516728999663,-2326538.706733669,-4150.578361439788,BENIGN
6,38072,4,0,3.4159325575466326,0.9682016749294335,46093.501649482176,2002871.268085584,TFTP
17,93651,4,0,381.35635876442086,322.2053084145228,589857.8133838349,5385.261013663592,DrDoS_NetBIOS
17,-26767,2,0,394.0731431549793,394.14401501332435,788971003.9657938,2002848.672280332,UDP-lag
0,111275852,7,2,-2.5135481748733928,3.8769233576564357,3110788.3424235145,1168.9182962630584,BENIGN
17,-59132,1,0,445.0615811341242,696.2127771064613,952992982.0232728,2002767.023022296,DrDoS_NetBIOS
6,44940,4,2,1.6165846811781586,0.14525735984314495,1832094.700855006,20187.291776598107,TFTP
6,-44596,10,0,517.2095295073647,-2.4456085438904016,998655.0371365338,11871.370080641878,Syn
6,3621,4,0,1.7380714884428918,-0.625624918572695,-7896527.156650742,3096.8655701585676,TFTP
17,45747,2,0,230.2972755717171,236.18892491001904,455184339.5943749,2005065.2753484182,DrDoS_SNMP
0,109294147,40,0,-2.2050379144339285,-1.0343611063351854,-18503.856638485333,-3881.20476749881,BENIGN
17,146594,4,0,391.9127133465636,329.5591471105626,5220139.64371874,10064.943885931465,DrDoS_UDP
6,-2910,3,0,-3.0338082207813555,-2.0039775866353517,-8816798.53542686,1993901.9204836607,Syn
17,-93252,0,0,394.74587601921695,232.56444909751374,2718283903.2948422,1998858.6587218381,DrDoS_MSSQL
17,65399,2,0,1390.4529664448469,1341.684722137877,1211231054.1202955,1003562.8491374546,DrDoS_SSDP
17,171975,168,0,439.05002668731134,438.7764094514204,3307800.8232879573,1503.2760606732245,DrDoS_DNS
17,-80207,2,0,386.8666664156245,393.7788139119232,758437568.9020731,1997683.407455354,UDP-lag
0,79557974,38,0,-1.453712632960407,-3.6400617037782745,-3147466.1637251014,6822.229547274701,BENIGN
17,-9293,2,0,1471.883942701385,1471.0593813880168,1468323639.7255518,996279.877469042,DrDoS_SSDP
17,85418,198,0,436.31547454427994,437.49640094117694,143759181.41587657,648932.6971089802,DrDoS_DNS
17,-21881,3,0,389.38295898188807,396.0908557856713,783258162.2988833,2000341.7972889207,UDP-lag
17,27588,1,0,384.8166999375313,597.5605978277115,423298118.21088785,1991167.2098992267,DrDoS_SNMP
17,26468,1,0,391.13353431599734,395.19007831661855,769000028.8832428,2000676.7349838624,UDP-lag
6,45882,2,0,1.5367728955424023,0.7244576156220083,-950952.785656444,616857.3172231633,UDP-lag
0,76084823,5,0,1.5574686529328408,-0.7987102423666027,-4556422.174702815,5119.635329198794,BENIGN
6,-11810,2,0,3.0061167392959676,-0.056048272684357595,-3143131.6676970366,1994719.396845905,TFTP
17,54052,2,0,1199.0771298429736,619.3506970748182,976880105.2177778,1997534.9653855585,DrDoS_NetBIOS
17,-6464,1,0,385.953524106072,387.8469033306584,763810332.7935706,1998288.6675334068,DrDoS_UDP
17,-108744,0,0,754.1177753090082,708.9683365230557,1286323659.492376,2007851.8073777682,DrDoS_NetBIOS
17,5401,3,0,1389.429221338234,1391.2470822925516,1473758769.9187648,999393.0847876321,DrDoS_SSDP
6,-11581,7,0,2.1903962361901046,2.0640243629367743,658774.8373242456,1999835.2949862536,Syn
17,3748,-1,0,583.7136206186136,452.47532116908747,916520366.6589519,670413.5381523224,DrDoS_NetBIOS
17,-48069,0,0,533.3618106158542,441.0704936613271,967852448.8752455,665603.4619911693,DrDoS_NetBIOS
17,140488,3,2,45.3804894715676,51.3902640696724,5027380.192475097,3961.558733943014,BENIGN
17,23004,0,0,1471.673966561221,1475.406549338083,1480390369.4598012,1000510.6287208034,DrDoS_SSDP
17,10729,3,0,1471.440349905085,1469.1523773373594,135084969.7393246,2001579.134358658,DrDoS_LDAP
17,4246,2,0,392.0055834299749,397.94129467035185,2682612790.945883,2000233.5474951558,DrDoS_NetBIOS
0,111745128,39,3,-3.2783742270684106,-0.9006567830448886,-1585471.144824594,14000.90241535582,DrDoS_NTP
17,22318,2,0,396.72623946652163,395.7268116072817,1154460371.3521595,316856.80337327253,DrDoS_UDP
0,115396316,43,0,834.4320121877287,-3.8810659616664513,2707283.4824890816,-20443.999590615764,BENIGN
17,-64430,2,0,1469.543521044277,1477.1271621956803,2910900515.144903,1994621.4618492676,DrDoS_LDAP
17,115343,4,0,1472.3851553388793,1472.6796520531009,1469799756.778814,994957.633260475,DrDoS_SSDP
17,54432,3,0,226.04646348616023,224.40733587497377,424532991.0584021,1991571.5210618863,DrDoS_SNMP
6,11618147,14,0,451.3534580941563,-2.1741116357579084,3403096.52226813,11904.380502998727,Syn
17,37160,2,0,449.844931706733,450.87839461900086,908775271.673114,2000163.6026615829,DrDoS_NetBIOS
17,22961,2,0,1468.758572573293,1472.3932295602483,2925508146.691623,999828.3075222656,DrDoS_MSSQL
6,81166198,4,0,716.2157954754906,0.17705808585593752,-767862.4708955225,14249.961814379598,BENIGN
6,136442,1,0,0.6022445005545808,0.175966649826983,-504845.5579148289,2001315.4136917829,TFTP
17,-58372,3,0,391.8305714474661,393.8579887977822,790416207.8346487,1994963.2474635849,DrDoS_UDP
6,96623,2,2,4.637051604539358,4.259699460811905,681578.5194639708,31465.154798201427,TFTP
17,-15975,3,0,1473.1630060361927,1476.1587709786756,2913490046.11675,2000905.1499788053,DrDoS_MSSQL
0,116882007,229,0,-3.253364024145302,45.10818894686587,-4326435.12535833,-3515.702883139111,BENIGN
17,38484,1,0,1472.4403343131485,1473.049881539604,2939502311.3052745,2001305.1681111057,DrDoS_MSSQL
17,-30814,5,0,1468.8619905947737,1476.1480081744326,1466475200.101683,999663.7797608472,DrDoS_SSDP
17,39722,0,0,391.311475239841,1413.8813912216056,779167515.6678289,1997431.7064231758,UDP-lag
17,-50872,1,0,386.23668990467775,384.1374570712035,440784271.1051546,2000691.348061364,DrDoS_NetBIOS
17,-10179,3,0,577.7123956313063,499.74774952218183,140305747.54634574,996409.6784319133,DrDoS_NetBIOS
17,-15016,2,0,227.54805299520427,222.7105779333651,446070256.50724053,2002463.155010497,DrDoS_SNMP
17,-18432,2,0,1092.267117162658,591.9849130478356,942559032.8976681,1997553.9806164228,DrDoS_NetBIOS
17,-69390,-1,0,384.09199424734544,390.6961702454281,773646940.8594524,2002090.5547091458,DrDoS_UDP
17,33518,3,0,392.05255359805903,400.48912349402104,768071520.544287,2001822.6327422282,DrDoS_UDP
17,137826,4,0,397.4430050052605,338.90731952856237,567727.7389839183,7323.73096429167,DrDoS_UDP
6,-25252,3,0,-6.192699484784404,-0.23233396915614868,-1563611.036945623,2003710.8313559575,TFTP
6,132154,3,0,1.141465400793755,-2.2083027993626514,-1294234.509948027,1999302.1001437672,TFTP
17,70508,1,0,1473.4215691480072,1478.0224524228418,1465385673.781839,997743.3749150162,DrDoS_LDAP
0,113481815,9,0,-4.015458079211286,3.865229141335556,1749615.600383879,22303.92531368228,DrDoS_MSSQL
6,92163,5,0,0.22738077647715538,3.2888260923917065,124161.26998355007,2000302.811324532,TFTP
17,139017,4,2,53.35059813767344,46.052520338048424,115408.39571236004,9100.646423641925,BENIGN
0,-134484,6,2,-3.8317281801431546,48.969280361892245,-1942624.4374675748,23408.16761755773,BENIGN
0,90765576,34,0,-3.330231485666985,-2.149139864920919,-7406375.323849109,-5463.452656475141,BENIGN
6,123212,25,2,-5.331216999053693,-4.104473343230004,-8539351.063013617,16521.523862784503,Syn
6,-9555,2,0,-0.20080034831733623,3.9124406831937786,4015484.7399305915,2007547.5574998755,TFTP
17,71441,2,2,224.48173782209966,229.10347679010624,245857662.29712868,36853.712441689335,DrDoS_SNMP
17,76755,2,2,35.587425915117954,3.325061165450315,5693.276857797522,9017.878813987816,BENIGN
17,161120,5,0,390.5494125156381,329.62136079309954,1717915.068539037,4580.32620034753,UDP-lag
17,-57773,4,0,389.871383569978,386.4779950273707,772361529.0607395,1995248.7539518613,DrDoS_UDP
17,65954,1,0,1469.2812438606577,1474.2550370292086,1472558911.985489,1995188.3722131695,DrDoS_LDAP
6,2583,1,0,0.5992165673850043,-1.7720037124544412,-3092146.0442111,1998491.0036121716,TFTP
17,140441,3,0,387.4994426169667,321.3730696316843,1506856.4436572162,2901.1027779905307,UDP-lag
0,108323004,40,0,2.570381992579141,5.314991048101557,-1657607.4339674197,2482.6831493402124,BENIGN
17,102660,205,0,445.01984923687326,434.16526985441897,2341372.8194881836,-2800.2047579387017,DrDoS_DNS
17,-19581,1,0,1469.1860744398389,1471.6328407343,898701927.1180367,665439.9947540866,DrDoS_SSDP
17,-12141,0,0,435.6334935362453,227.0832311001872,-2040998.009788459,13801.764223398348,DrDoS_SNMP
17,9471,4,0,235.77749504621372,232.29788495088383,413272807.3594097,1993030.5633824223,DrDoS_SNMP
0,-107443,7,0,0.2633794995993512,1.5505663108821266,-1437785.2985495396,19773.226179774727,BENIGN
17,-7265,1,0,944.4876953462054,797.2080803403896,446045725.5095677,1997777.7093130401,DrDoS_NetBIOS
17,167457,1,2,34.08685860537697,54.28533880261024,-1453481.8754775298,13800.930841261954,BENIGN
17,268799,6,0,386.976596859443,331.36327929476613,5234917.676838949,-7698.968184192621,UDP-lag
6,125272,1,2,-3.913952199196039,2.2294502273476824,5354177.786497946,32026.705354256203,BENIGN
0,112078643,237,0,-2.1658181736690745,0.6564042283611747,-2352922.2804947905,-7761.9252089246365,BENIGN
0,108085606,36,0,1.0265904388666933,2.5785805045155534,775821.2617749524,-18094.24082855016,BENIGN
17,1189,3,0,221.8697640297527,226.43675856807334,433032508.608119,1999001.5668897207,DrDoS_SNMP
17,-33440,3,0,1468.1478106453862,1475.6972431358786,2591594675.2043443,2001005.9801491487,DrDoS_MSSQL
6,212743,5,0,0.7559361033150185,0.4961185970368608,-1789536.5765427297,1998747.658983299,TFTP
6,112976684,14,0,-2.581331291214483,-2.358505024165102,3889239.7246707585,15450.333852509764,Syn
17,94845,2,0,1367.8634348416056,1375.731590081127,1467398833.7945387,1004215.9453597909,DrDoS_SSDP
6,-13455,2,2,-2.7671490520920994,0.01422992716946965,-4061820.423945195,13637.467815373959,BENIGN
17,-3875,3,0,1468.113391450433,1476.8276950728264,2918029074.454832,1996093.829544333,DrDoS_MSSQL
6,3516093,5,7,776.5012081080423,-2.528745971854655,3463730.7478705402,22108.298242097786,BENIGN
17,60058,1,0,435.43238508613524,442.8015392491007,150834146.863704,999639.3065480978,DrDoS_DNS
6,7567353,6,2,29.325130094614366,1.4257692055588604,-4730310.946000639,4608.627118455436,BENIGN
17,36358,0,2,33.37594186343351,42.97262366884309,-751205.8787926266,12949.99887834717,BENIGN
6,120107,1,1,26.597758959120007,0.2984096835433704,-928543.215715951,18554.406826669077,BENIGN
17,-60848,0,0,1378.3649713368407,1381.762198422282,1282841009.6045396,1004625.6435440526,DrDoS_SSDP
6,-47061,4,2,584.5855348204825,0.26314181566094763,2295496.830803229,15140.71708417789,BENIGN
6,100491,2,2,3.5189296981341327,0.3535513201965095,5287589.534164885,20433.252126041923,BENIGN
0,111886541,40,0,6.6439657820908575,3.3829645559069963,5511420.031558681,-19458.097550108247,BENIGN
17,68105,1,0,503.9766897537558,437.04143060221827,1105484331.7337847,1997915.2715488584,DrDoS_NetBIOS
17,43916,2,0,440.9968170079841,437.5384135232968,906169993.5681472,2005334.534748508,DrDoS_NetBIOS
17,64155,1,0,437.26240222833826,607.0839448029318,-936373.9224676702,7915.119257487575,DrDoS_DNS
6,96743,1,0,-3.791923236619991,-0.5840972045067921,-2011035.8194156105,1990401.574049436,TFTP
6,48684,2,0,5.086583846210914,0.6794076712362856,-4160108.3693009475,1997323.3876062124,Syn
17,115272,2,0,1477.0784870972327,1476.0126726451456,2948969216.852424,1997307.7558326228,DrDoS_LDAP
0,111401529,47,0,6.406165379346516,-1.7775862300624072,-4182375.6750047,-11335.32111604447,BENIGN
17,-11474,2,0,1467.214711832967,1474.2681945281174,1474587276.357032,997401.9403200867,DrDoS_MSSQL
0,95943303,34,0,1.0721413677408496,-0.6368570697108669,-833980.0433434446,-14172.863120570033,BENIGN
6,-44066,3,0,3.512081880030678,3.63116642931755,1105598.5869468935,11331.002836581576,BENIGN
0,90972048,220,2,1.6218964936165678,1.7318495706915464,-1402283.1240595721,-2360.301427215123,BENIGN
17,6194,1,0,1463.0113028662238,1474.09964567591,2934084829.491137,2000163.8768057511,DrDoS_LDAP
6,7253096,227,7,456.9532517460957,4.259417053831599,3286497.1564708007,-19180.238820791037,DrDoS_NTP
17,-12878,3,0,397.5528916188078,392.3266504202575,443138955.44892496,1999970.5207642622,DrDoS_SNMP
17,-48338,2,0,213.4450235589312,225.0905983964336,435074995.91587216,1997178.159447207,DrDoS_SNMP
6,110940,3,0,-2.6650725205682315,2.0238960130830455,-369037.43329210905,2005206.132403227,TFTP
6,80467,2,2,2.9906363923147508,5.997481518601273,-2425727.2115502935,19533.335716854475,BENIGN
6,14472774,19,2,-6.1650356189597515,-2.0432392392046914,-8047783.566844878,12048.705771538362,Syn
6,-58311,2,0,442.60156793940394,0.36078844171103697,3518745.133487096,2004829.5660540222,Syn
17,21013,2,0,382.6177371609906,392.0028323155924,777131370.5798398,1994434.893207047,UDP-lag
6,107107165,2,0,-4.748088763907793,-4.3793903415401445,3756713.340724229,16807.17237606268,BENIGN
17,-43614,1,0,389.4665578175297,393.4383672459482,775345315.7668393,18449.04433875985,DrDoS_UDP
6,-8697,1,0,3.253986606824819,1.2223878208625307,319313.1762122151,7287.439857786667,TFTP
17,56918,0,0,1462.8207041604267,1472.548863632935,1461706831.1137245,1000374.7435209998,DrDoS_MSSQL
6,65638,4,2,-4.306166825823374,-0.37306302775527,2430111.009529687,15076.979232939706,DrDoS_NTP
17,3356,3,0,224.44360378409039,225.25728359667966,468839775.88004076,2002936.695507038,DrDoS_SNMP
17,732,2,0,398.64776914868605,396.175441725905,797799564.3690138,1995953.0124282856,UDP-lag
17,35537,2,0,220.25778463121722,222.145919697089,455898523.2742241,2004457.7985402662,DrDoS_SNMP
6,-147214,1,0,-6.135073625767613,-0.6538686597820265,-913591.2444345953,2002479.264245539,TFTP
17,163372,1,2,52.80797848644796,44.63138923670041,-1615194.1702258668,-1267.636377883091,BENIGN
17,81616,5,0,1481.9384044439491,1477.2020204856071,2652494688.683912,1993260.6961950322,DrDoS_MSSQL
17,217479,9,0,396.9469298204079,338.55841425441747,-287489.291196591,-11681.065548646693,DrDoS_UDP
17,27347,0,0,542.5621839773733,445.6619745536099,940403316.7977695,1998759.9967109065,DrDoS_NetBIOS
17,27019,1,0,1467.4455365321735,1470.972297719221,2950706133.0845213,2000833.9182313727,DrDoS_LDAP
17,-58907,2,0,387.28742378445503,400.34923616920594,2144007.5635800897,14902.79168204702,DrDoS_UDP
17,131516,4,0,395.0277108742187,332.997580614341,4159483.526666291,6598.599276564499,DrDoS_UDP
6,27001,1,0,-2.2307363914673073,6.125551313593657,2162763.1571268463,2002777.1360320516,TFTP
17,192165,4,0,388.0234329503554,784.4758955901588,1583484.4912048995,3161.219650599477,UDP-lag
6,13639,3,0,1477.4539778573558,4.502925349788105,-3925820.645237509,684524.552412093,DrDoS_DNS
17,40554,3,0,365.93898294910514,321.8307657024168,-1012490.3891621528,8028.678257957605,UDP-lag
17,85320,2,0,234.39613779592827,794.4943890910934,1178045163.0316682,670163.0883126511,DrDoS_SNMP
17,31171,3,0,1475.641966658076,1468.4403278050477,2955103748.7981424,1996915.638618029,DrDoS_LDAP
17,-10525,2,0,1467.2712258125905,1478.8844564234305,1488743789.2503934,1007236.5592063572,DrDoS_SSDP
6,114739846,29,2,-1.2191078059080964,1.2520891339923594,-3695023.495012872,-8339.300207486125,Syn
6,19830,7,0,-6.760892802291582,-0.5892114045831525,-1648349.2532327154,1995278.7750170534,Syn
17,23053,3,0,1469.6621478818752,1474.603711775043,2925359343.856591,1999328.0446209207,DrDoS_MSSQL
6,-8372,2,0,0.5539576942181397,-3.5028212068768108,-1526383.975690957,2003388.2346416998,Syn
6,4108434,6,6,572.6485738622105,5.006243198540858,12081439.901945421,-12151.340258295208,BENIGN
17,56140,3,0,380.921668765379,1475.2940631016672,1287845918.9140058,1994984.0676688002,DrDoS_MSSQL
17,28612,0,0,1478.5170876007785,1471.7756181454383,2911586129.138575,1999000.7627678497,DrDoS_LDAP
6,53237,1,0,0.3585384428090181,1.0562757473274527,-2139145.838292177,2001774.6209398222,TFTP
17,149629,3,0,380.5484959011181,388.46764177691085,1715718.5959612776,2799.140235082654,UDP-lag
6,118831448,5,2,-2.535512801236677,-1.7036198359903607,-1777359.8315701534,10635.064682470405,BENIGN
17,-41038,2,0,224.01819979184216,231.2473498196467,1344171909.8342228,33662.77482885611,DrDoS_SNMP
17,97885,199,0,430.5295305066789,425.8408664053366,-2717165.1637430023,-3395.4556011888017,DrDoS_DNS
0,74997294,35,0,5.526853247372364,6.045013092194232,-918828.4473082384,-6331.466065514007,BENIGN
17,-39592,3,0,1465.1443703348348,1473.0172574480096,2932344240.422368,1000364.3406675071,DrDoS_MSSQL
6,49431,6,2,517.8887831522991,3.6229480763397075,-1127315.0757119243,13841.275661706906,DrDoS_NTP
17,-1777,1,0,1472.295508247279,1475.6186070313938,2946222574.378377,1997859.644068804,DrDoS_MSSQL
6,14161492,5,0,-3.3711248626668557,-1.2780829781036014,-3186857.7887629187,16579.115592958584,TFTP
6,7260414,43,32,623.0017157685869,5.863304561998715,638737.3893198454,-12555.854591243547,BENIGN
6,68540,4,2,39.97917124948214,0.71198063841743,-1075735.4319318275,17577.166647063594,DrDoS_NTP
0,120786823,43,38,-3.5750414679071523,-3.292326641033486,1389943.3583755668,-1944.9733401975955,BENIGN
17,-30180,2,0,441.7262634363906,539.3409917762222,952966361.0551894,2000859.8795858738,DrDoS_NetBIOS
6,2220,3,0,-5.661955748517462,0.87122973542247,-3157493.3766074656,1999332.072316185,TFTP
17,-4662,203,0,442.92985837691816,437.3717459281848,957470122.4313029,7850.8147006212985,DrDoS_DNS
17,-18542,3,0,233.54394008534862,230.14969167200428,467936441.3775165,2001746.632499922,DrDoS_SNMP
17,-16336,3,0,391.56586185832566,388.44582313526394,804863796.5804302,2002565.013281863,UDP-lag
17,-52631,2,0,229.1626609874827,226.63570518116785,464979098.2895221,2007883.4043491893,DrDoS_SNMP
17,69156,3,0,377.18861737506984,331.6329114433847,-139205.39828105294,16646.229132753404,UDP-lag
17,5442,1,0,1472.8302707002963,1473.3767111013035,182219441.13199186,1996955.7747543324,DrDoS_SSDP
17,50881,2,0,1469.7716449404552,1473.3782990248294,1463045553.8540137,997880.2702272002,DrDoS_SSDP
6,126113,1,2,0.8628158204704722,2.6425359473832737,1388154.7211274237,18165.857277086183,BENIGN
17,68771,216,45,445.3083644461748,433.27555207751,4063539.183293511,2121.2869570162884,DrDoS_DNS
17,110849,3,0,385.9515545437067,332.3719769089904,-1340411.3338090691,5425.401964466031,DrDoS_UDP
6,59069,2,0,3.4169188897546916,7.043834792170968,-7072924.595162424,1996943.5746222,TFTP
17,83858,2,2,19.71360648572901,35.04142256215626,29828.136197621003,12390.310581958925,BENIGN
6,-3963,1,0,2.3456811098461334,-2.0079782046416392,-5799417.558715435,1995414.2988300174,TFTP
17,14236,6,0,397.6351308506331,328.9022019878838,-1526520.8714659333,11263.89485555534,DrDoS_UDP
6,11861927,1,0,6.559702890435772,-1.7882259573098769,-1142430.2482308985,2336.930215768585,BENIGN
17,28775,2,0,1468.1121108352515,1477.0145778760377,2936008345.571011,2000609.6874014554,DrDoS_MSSQL
0,107496179,33,0,1.3554239447045684,2.717180804306519,1140931.2019273413,-1998.600874263424,BENIGN
6,97427,3,0,-1.9705049948071625,3.0258901438244497,-3367707.307583644,1999661.374973963,TFTP
6,14068923,5,6,3.3262815806526875,2.0162909436024052,-1503031.1670185707,16713.899415707947,TFTP
0,105165146,181,0,2.8988650558203486,1.8005188419840792,-1008064.6292841032,7041.4685351892895,BENIGN
17,-120861,2,0,384.3410632001626,387.9675855011673,754900551.1032332,2000895.0515917896,DrDoS_UDP
17,-49905,3,0,1359.4395189475458,1408.4552072018892,1152000028.580501,997644.4108841649,DrDoS_SSDP
6,97180,18,0,-0.14404735207613634,-1.2795029806001903,-3712139.7616542904,8406.385465518608,Syn
17,-24990,1,0,1474.908210707024,1477.8845175416486,1483217656.4180753,998575.024913647,DrDoS_MSSQL
6,112168512,19,0,3.2451219855145244,1.0582750603812143,3785541.443549481,9983.742378109357,Syn
17,13863,1,0,1472.5001023503369,1473.590026602205,2921477172.319418,1999580.4606213472,DrDoS_MSSQL
6,13296583,2,0,1.5464015787217624,1.0231853291118593,1448330.0103548043,17712.022661612715,TFTP
17,50500,1,0,383.2450535155414,394.05127764445,780187078.1750277,1997795.7423080404,DrDoS_UDP
17,62558,2,0,1473.7949509219827,1472.9161086078755,2942491123.2512975,1997999.094119695,DrDoS_LDAP
17,78782,4,0,1480.8713647947025,1473.5912082855,2927060876.74623,2000282.1562854205,DrDoS_LDAP
6,13697151,3,2,-0.28874658568005485,2.4879216668187443,-3347228.236493402,19444.919820787385,Syn
17,7127628,38,31,234.06012618158826,225.59686110824356,6407409.052508017,26045.10304891877,DrDoS_SNMP
17,-111823,0,0,227.47070767194563,227.41426606972163,449684704.1931034,2008179.7128552753,DrDoS_SNMP
17,2705,0,0,686.0741076517952,437.83131539309545,962980200.0083277,1998352.4228091,DrDoS_NetBIOS
6,4460,1,0,-0.09643182823444425,-3.9214550289361685,1337530.852276261,2001806.8761278,Syn
17,52403,2,0,1466.8238516762162,1476.4682326359598,1469595418.7193863,667981.9499718747,DrDoS_LDAP
17,-7423,3,0,1475.7405484147407,1473.043566590112,2945024852.046576,1997641.8688243476,DrDoS_LDAP
17,25906,4,0,384.7195704273372,386.3541480451777,774189832.8686495,1999291.990676966,DrDoS_UDP
0,115334925,49,33,1017.3369790713614,-2.0563251287952955,1797204.665217652,-19329.873363051996,BENIGN
6,111644057,23,0,-0.4602098722060071,-3.4095527604771836,256814.61805079225,667112.6699718822,BENIGN
0,113374484,42,0,-1.4376587242206318,-0.601654464178223,-3937936.1897459785,-6090.09249425955,BENIGN
17,123242,179,0,438.28824114651707,441.5112642329496,4560840.4650490405,7461.802690369161,DrDoS_NetBIOS
6,115444368,7,2,0.4802368494963063,0.8212618483191542,-1277673.0738298937,14459.037063190011,Syn
6,-128029,2,0,-2.4736930295388038,-2.882322388385677,-3253356.387784525,1993479.4961908085,Syn
17,111177,2,0,1470.169539559564,1470.982304541503,2936969053.1509585,2001163.0497644409,DrDoS_LDAP
6,-3657,0,1,-1.6777651362593735,0.7319018946079833,-1151718.2239283922,17357.171089087555,BENIGN
17,135710,211,0,442.3269636437847,332.2161442514171,2836284.129172256,-5151.63721468987,UDP-lag
17,104960,203,0,436.47714922226913,430.8893142089276,5821177.054250981,1541.1952366463447,DrDoS_DNS
0,110374695,226,0,-0.22823967017023156,-1.7532599450859696,563163.8083212238,-5040.415640312371,BENIGN
6,63968,3,0,-1.535785561537358,-0.5632249273175103,-3557009.46945142,2000858.490296729,TFTP
17,38669,3,0,377.30581982595584,325.3339360497686,2787742.2294811867,6461.5142680060835,UDP-lag
6,64146,2,0,-1.6105708604890157,3.464947125232347,-1034481.2190850715,2006589.755397185,TFTP
6,-13669,2,0,720.5843415886688,1.552211619261123,-2710812.6629379364,1997624.7155127786,TFTP
17,42060,1,0,455.3598514873936,443.30365891230514,940951236.2870682,675622.4366542829,DrDoS_NetBIOS
17,79621,3,0,380.39370754176696,1475.25976471475,-2874413.582534766,4698.0704482166675,DrDoS_UDP
17,-91775,1,0,401.71321902359233,392.22987706273256,779444648.5717247,1999067.133388249,DrDoS_UDP
17,216253,7,0,390.6155218003762,333.92042999849247,-1029268.1742893655,113.26338376160857,DrDoS_UDP
17,9324,1,0,379.0636179408,605.830719731312,-563514.1212424363,2000752.3853110836,DrDoS_NetBIOS
17,-98705,0,0,1466.0789160985198,1474.6081492359,2929785435.6835856,660360.6633828599,DrDoS_MSSQL
6,-14041,1,0,0.44586461504438135,-1.7253765715613436,-11234201.83595821,1995653.7371163922,TFTP
0,109288087,45,0,4.5268802128137215,4.195615208490786,-1806105.528507332,-14397.094315821414,BENIGN
6,113155,1,2,1.7216824159186224,2.742860363170954,-1001062.2761825335,22751.335436511785,Syn
17,67178,152,2,431.0356835660961,1462.116157318702,1458902.3989175004,12315.096977847781,DrDoS_DNS
17,37939,3,0,375.08171649449895,389.101346501702,771033890.7033799,2000285.4190889846,DrDoS_UDP
17,-95879,2,0,846.5179478102824,394.0836505805272,2931286436.2436256,1997295.4121786186,DrDoS_NetBIOS
17,-976,1,0,1404.4511569385486,1407.1812013616834,185553271.61621794,1001489.4250995568,DrDoS_SSDP
6,25227,2,0,-4.096444514478154,-0.6837858172751342,108223.91754545481,5962.770866507029,TFTP
17,-24182,2,0,1471.533769235758,1473.4687509375144,1470721881.3253758,1002408.6263886457,DrDoS_SSDP
17,66280,3,0,1479.774340907932,1477.3134998318217,1471583375.0778348,996608.7071361771,DrDoS_SSDP
6,45816,2,2,-4.763688673657285,0.6664222065416959,4068587.147889981,36182.88775724731,DrDoS_NTP
6,-63773,1,0,-1.9666445482647767,-4.052425028528818,-2088781.8826784848,1998142.0399717316,BENIGN
6,-19370,1,0,0.6209224240246598,-0.41553957726431323,-2255129.0388905695,2000367.2500039686,TFTP
17,103160,5,0,1481.5131343011635,1479.1470928553981,1230738113.294664,1000680.3049024013,DrDoS_SSDP
6,34730,0,0,4.696398391352654,4.0583596616875495,1133035.0838243195,26778.65720953998,DrDoS_NTP
17,-21094,3,0,394.6884277182622,397.6576515303625,767558136.505901,2002662.3497124163,UDP-lag
17,80200,2,0,1470.838969040953,1475.1452772877196,2949646607.2945175,1996550.462288271,DrDoS_LDAP
6,74085,3,0,1.999507607316839,1.5270969850183438,-1699521.967611119,1993527.2624342483,TFTP
6,43530,3,0,-0.7491036535704779,-1.182398801147511,-5869384.184036434,1996431.3298583736,Syn
6,-775,1,0,1.2518333556506014,0.4029738696826814,2946857.9334859336,1998373.8307582834,Syn
6,116283167,18,0,7.2717581080726,4.503350288191075,3229443.1580186463,12895.607843807114,Syn
6,-32238,3,0,0.6771727352193256,-2.2201700895539074,1890167.5326912655,10858.949176603453,TFTP
6,137344,3,2,-0.9422608222701961,6.241548874144186,-739488.1373008525,20629.618441655926,DrDoS_NTP
6,71922,-1,1,22.806139879675058,1.3978468793472958,-770922.0914662376,20640.54423739834,BENIGN
6,159620,5,2,34.40446838289564,0.2642589112191179,-2847757.0224929573,14212.099814311885,BENIGN
6,53611,3,0,0.509971327836543,0.3425258562203548,1680782.9283989314,1999798.9540871289,TFTP
6,-17403,1,2,-3.074385350621327,3.1679215998973067,1457936.9523691698,28647.765278961608,BENIGN
17,61948,3,0,1468.1413822449542,1474.9389959645098,1475060073.5756474,1000384.3306257876,DrDoS_SSDP
6,-85767,4,2,-0.7349943374609628,0.7647374604428375,-407300.6076671821,8780.180455067182,DrDoS_NTP
0,116930909,49,0,568.9901808283139,-2.5894548410592737,-2331264.0267781373,-12492.087863285458,BENIGN
17,12646,3,0,1475.0051072316658,1478.4828158567032,1479807684.2388904,999650.8259780646,DrDoS_MSSQL
6,-112012,0,0,1.9417037380121904,3.2445711922653935,2748655.398860008,2001675.15332542,TFTP
17,30161,4,0,390.7055871536744,388.62907825203814,7408409.211902957,19590.535878706673,DrDoS_UDP
17,140796,198,0,442.81214246743036,443.05895028165304,5432595.175904378,3066.843022010058,DrDoS_DNS
17,108189,2,0,1472.0463507503591,1479.269991431512,1467711088.7692633,998159.8313332169,DrDoS_LDAP
17,40416,1,0,435.43509610874713,542.0513758495904,1007152.8423681726,7686.237466495855,DrDoS_SNMP
6,-46578,2,0,1.2783137198339145,-3.5048040314352487,1651296.685714327,1996875.7738076344,TFTP
6,57479,3,2,1039.710189493557,3.0937848984809455,-315744.84757473785,-1736.7098159836496,BENIGN
6,93900,3,0,3.319578547483634,3.78213243663492,-418525.9270036747,2002931.7995302142,Syn
6,3167901,6,2,543.6878164289739,4.909661339208495,11847904.299375087,14444.089606666741,DrDoS_NTP
6,69942,4,0,2.4735851394839528,2.607565287395584,2672761.052271001,13485.911527403472,Syn
0,82549922,33,0,2.484499789354543,0.6579368284684463,3860996.24733158,-11352.889712433313,BENIGN
17,-29053,3,0,1471.1688411946936,1472.6086652691727,2923483561.5397143,2000171.269341674,DrDoS_MSSQL
0,78783393,37,0,-6.61127200257684,-6.99089798784631,-9646748.766104655,-7361.752779580875,BENIGN
17,91732,6,0,1470.0923640770482,1474.5340946428626,-3050310.4269553283,-3575.7052418906733,DrDoS_SSDP
17,32831,3,0,392.48484000814665,238.1503582857312,2661276.033596686,4598.238429703217,DrDoS_SNMP
6,-29382,16,0,-5.658713245045186,-4.398228392116775,-1596710.556373217,10847.113186649707,Syn
17,-62393,1,0,595.0249244214873,1355.58009063231,1129151510.652244,1995673.8056998828,DrDoS_NetBIOS
6,4438430,6,7,449.72983268973184,2.6055324440459624,6414384.294877679,8655.028895392188,DrDoS_NTP
6,12750,3,0,1.314045526048411,1.0217213941814218,422177.8694331227,1996691.219109672,TFTP
0,-109499,6,2,2.372162201591931,6.079996146218675,2842604.8218413717,20375.4940659612,DrDoS_NTP
17,20176,0,0,763.4012980212339,52.400802650469245,1284928003.3913379,24908.94272900039,DrDoS_NetBIOS
17,-34420,1,0,386.3424159513573,395.2883196654106,760697127.422851,2000638.5453468442,UDP-lag
6,90665,1,2,23.4709974366314,37.25389677008466,-1240608.4085435818,13511.317554341125,BENIGN
17,108883,5,0,388.51944287341036,332.39326789852146,5859984.5906489,-3887.67315275703,DrDoS_UDP
17,40144,2,0,1483.4230040692537,1478.710209082132,976303223.6956701,1995190.3315315088,DrDoS_MSSQL
6,4712,2,0,-1.8623112391746208,-2.669532269877979,275837.22546452424,2003185.6910102097,TFTP
6,7702213,7,7,573.7709783925868,5.562538914751291,-2413774.0630101785,-1127.3186205315633,DrDoS_NTP
17,57497,4,0,1475.033943807764,1407.9861014926632,1478840100.5841699,996247.8415852238,DrDoS_SSDP
17,-42315,2,0,390.12040039480695,390.98142355276553,766756950.1754359,1996518.9694152994,DrDoS_SNMP
17,8304,4,0,393.2473450057492,390.52099130938404,754904463.5840707,2000138.446652883,UDP-lag
17,20339,3,0,394.18566711892765,593.9428582566935,3967710.5302717406,1999368.028732261,UDP-lag
6,8133,2,0,4.35875701407827,1.5359199899320775,3800311.4239770453,2000656.355973127,TFTP
6,13836045,5,0,-8.403196316395848,-0.3167749012045626,-4122033.6279337825,1573.4459125025533,TFTP
17,37642,0,0,1465.2513480348516,1468.0578787587922,2934188375.080435,1998138.0971141264,DrDoS_LDAP
0,123545999,54,38,455.21158341437774,-0.7531482693375107,-1482273.7411858772,-31238.51945421138,BENIGN
17,-20477,3,0,392.0233672189366,396.1872265432808,752020279.5143323,6576.088718331494,DrDoS_UDP
17,6601744,217,0,436.5375668869373,323.74627269085136,460805.5623619555,-126.34062209720832,DrDoS_UDP
6,67828,2,0,-2.5523971012920152,2.3250489739790092,1530957.339088162,2003160.7030019776,TFTP
17,-53259,2,0,1470.2281613022758,437.3165434812936,966135920.5654219,657732.6991629758,DrDoS_MSSQL
17,34587,1,0,1462.7891077866677,1469.2832676469668,2944573034.7426615,2003075.433230792,DrDoS_LDAP
6,3140,3,2,-5.0592216445827995,1.4787346789797886,2897024.7845291337,12300.792461493147,Syn
0,114915703,42,0,-4.783417743026743,2.1817823193504378,-1960159.444126567,-13877.022280234974,Syn
17,-19649,1,0,231.40817109745527,227.94120147142328,448555425.8001987,2000771.346495785,DrDoS_SNMP
17,78761,4,0,1474.964332156511,1473.4643351428028,107738622.95545653,996625.5868622712,DrDoS_SSDP
17,19399,3,0,789.6773111537293,1470.1994017309912,1214536085.4490416,1995228.8726940458,DrDoS_NetBIOS
17,-18837,2,0,229.87982288506353,391.41440686844174,446612933.95846015,1995596.113986609,DrDoS_SNMP
17,60906,3,0,1474.0716345947249,1475.8634988900762,1320874244.3417501,997767.0791661403,DrDoS_SSDP
6,13849059,3,2,1.2496562461763587,2.961745470574157,-2465212.7846689764,29523.723251180123,TFTP
6,108754,1,2,9.22562716000928,8.628216299709289,-1413107.0166676792,3444.4511824217934,BENIGN
17,147788,2,1,30.641710561531887,33.99522118588558,-5689642.71572375,3713.6861681072387,BENIGN
6,6144,0,0,-1.2415397699072133,-1.714698887576317,458575.905979919,19557.532097995405,BENIGN
17,-33895,3,0,1462.8580186968047,1473.3125670131851,2920362930.0714746,1001427.4121137445,DrDoS_MSSQL
17,120006,3,0,378.0376527967733,328.2776171649334,-2075572.2456625595,4828.236305919179,DrDoS_UDP
6,61480,2,2,440.5182669749555,3.672787375311708,-7946992.844614857,30584.377878965537,BENIGN
6,8605034,10,11,612.125152186184,9.069081039906484,2394299.947170987,-9067.27885102851,DrDoS_NTP
6,100547,0,0,4.631549777032098,6.453607301839272,-1021543.4946574809,2001424.2852096718,TFTP
17,-21347,1,0,383.10271519311317,391.9062222747094,776984079.0372292,2001570.4795002018,UDP-lag
17,78393,4,0,227.94901106564296,231.24232974453568,430397322.4092954,1992524.669654686,DrDoS_SNMP
17,86113,3,0,234.40668645690545,235.48712194857652,1472616576.0233421,1003449.3344375757,DrDoS_SNMP
0,100889089,221,0,0.45425920067463077,0.9028314306341192,-7166716.453791021,-7838.222123182932,BENIGN
6,93458,6,7,468.858108664393,-0.10580131137377631,176917.6805822649,6543.978094566815,DrDoS_NTP
17,32210,3,0,1478.3717783544844,1478.3158565383435,2929673633.387218,1995361.6373827623,DrDoS_MSSQL
17,-60700,2,0,1473.2565112328332,1475.4045405350384,2953067649.2884207,2001694.979441978,DrDoS_MSSQL
17,-64914,3,0,392.46516780136375,391.3961672105284,785664448.4305943,1997952.5040083646,DrDoS_NetBIOS
17,97952,1,0,224.71207311077163,228.59617734033642,449710572.62600714,1999585.1320070548,DrDoS_SNMP
6,50973,3,0,-0.5543962311070606,-1.611697249188888,7440251.706008565,2007078.5981081158,TFTP
6,-25993,2,0,2.404094191471078,0.019013229979989187,-4030072.41476663,2000918.1872144956,TFTP
6,108234,2,0,-2.2033548198866137,5.402155652722284,-373346.02649216424,1004433.6239576985,TFTP
17,151811,3,0,394.63453552349984,333.3116467548873,2777503.7676284187,4212.987179067616,UDP-lag
17,9267,1,0,228.88808694231122,230.3650209703309,448982318.9655521,2001913.5292407384,DrDoS_SNMP
17,4047,4,0,392.4310907581019,387.8856351616498,795898597.8258182,2000205.7071346557,DrDoS_UDP
17,92816,6,0,381.76240606296676,329.01051959426644,1085009.462390494,2539.1972003275214,DrDoS_UDP
0,113220797,221,0,-3.8057663254904117,-4.262503508852568,-3489105.943986237,-8876.747942972459,DrDoS_DNS
6,84509,3,0,5.212757247219103,5.191359203555184,-2380999.3355192924,1998539.1360038705,TFTP
17,21962,3,0,1470.7399107947185,1367.5495403301477,1463485239.117375,996236.3006219263,DrDoS_SSDP
0,70840531,5,0,6.316469536099365,2.3274604994158596,-1064542.9944236374,3659.4152607219767,BENIGN
6,-141916,-2,0,-7.167639034420437,0.6128071528016457,2025534.2019925737,1998325.1741381309,TFTP
6,41026,2,0,0.8976875871981654,2.419058849362984,1217584.4476924282,1997953.3839494651,TFTP
17,67405,1,0,442.2786049482127,816.3471934458992,4603392.503527188,8373.078912399156,DrDoS_SNMP
6,9303,1,2,-0.48055924922365006,4.500290731689697,2511634.6580184074,1003296.5943520472,BENIGN
6,4330914,18,32,445.5748310799582,2.2165969472682874,470600.991907669,18491.51968359923,BENIGN
17,-13835,3,0,598.3241797536512,574.2123186534118,899943795.4463418,1998402.5008626583,DrDoS_NetBIOS
17,-21632,1,0,1384.5114134108394,1471.1516651284835,1456461597.522629,997485.0376308832,DrDoS_SSDP
17,119010,2,0,433.77596452105433,437.85116361942954,339128.3698995954,22776.893643763324,DrDoS_DNS
6,79185,2,0,6.272276905753432,3.3755175103949604,-2438142.853071357,1999068.8890189047,TFTP
17,-103500,2,0,1470.9049254171855,1476.839901310827,153380953.71573344,1003374.3822124344,DrDoS_MSSQL
17,-53639,0,0,389.35877566787957,389.38194502338945,537760.8512070266,2000020.6403307812,DrDoS_UDP
17,75974,1,0,1469.7410067258527,1474.2000597701995,1474582980.9028568,996773.7770640197,DrDoS_MSSQL
6,4132185,24,28,843.4156539354467,-0.11421499492415522,3044959.861641571,13542.74062340492,BENIGN
6,-14518,2,0,0.8233014168994244,-3.3777397026744738,-3655700.586285631,1998283.144646862,TFTP
17,26984,3,0,556.1312296896195,444.6543297952443,914338857.6489573,2002728.030938258,DrDoS_NetBIOS
17,38677,2,0,395.365735627961,397.24014914553885,771630239.5029473,1996611.5299429833,DrDoS_MSSQL
17,35824,3,0,1468.8589910774622,1473.428122522639,2945792216.100257,2001862.768749697,DrDoS_LDAP
0,118720577,46,3,-6.75978011673206,-0.8128989245756415,285821.62486432213,5247.228271157969,Syn
17,45953,3,0,1474.0612331216648,1478.0424549598465,1461902025.1389453,998296.4350247277,DrDoS_SSDP
17,29704,4,0,230.62602236248057,228.26287414397365,447687010.11288023,2003810.9178923285,DrDoS_SNMP
6,31071,1,0,-0.6441076563174204,-0.6982952505156851,1176155.608850363,2000056.1583263492,Syn
6,11119,5,0,-0.9821877537699159,-3.783014523690486,2303823.3821046036,7103.852357031234,Syn
17,-48233,1,0,520.2732561208202,545.8556590601901,1169490960.0139816,1999197.8122429363,DrDoS_NetBIOS
6,81008,2,0,0.35263913882198356,0.12832984104082143,-38458.83164903964,17137.108537121338,TFTP
6,137627,3,0,5.5005872716011295,2.623620434076935,1035307.0019247562,2000372.8984399426,TFTP
0,-201028,7,0,2.1237334448146226,-1.9081785435172087,969265.7287396514,2006457.6312746694,BENIGN
0,76943187,32,0,-4.010446143776876,-5.332485570848203,-1656460.4621115911,-2739.0715868357456,DrDoS_LDAP
17,-49085,1,0,399.3893891492811,401.89502191323015,785881050.1258451,1999654.7091946653,UDP-lag
6,101458,2,0,3.3558247403746226,5.130177369055177,750630.8957466005,19951.11601492615,TFTP
17,54445,2,0,1470.4994831903373,659.8392427517689,228293347.71883482,686723.089468818,DrDoS_DNS
17,23110,3,0,224.8134789239964,220.74653972334062,454540679.67808425,2001305.2738844063,DrDoS_SNMP
17,1307,2,0,1406.5857234101422,1475.7985841898587,426085753.0667731,1991972.4098591877,DrDoS_MSSQL
17,55379,4,0,829.786951044393,226.01199416291166,2560212926.7193494,1996838.0084877487,DrDoS_LDAP
17,35847,2,0,1470.1562448314749,1479.7318363612785,2923695399.397016,1999736.5750077525,DrDoS_MSSQL
6,9088,3,2,-4.06388657834157,4.222245124387695,5064738.5126198875,25025.340166653263,BENIGN
0,114041589,39,32,2.460830484090239,-0.3033502228325289,-6586773.34006715,-16652.99911792784,BENIGN
6,12781668,4,0,1.8297071345339477,1.9148038122418087,2996799.659581905,13194.150967590675,TFTP
17,28415,204,0,443.4017793849419,438.0412602959234,922366032.9853562,12232.479960287967,DrDoS_NetBIOS
0,101707045,37,0,1.2699193464093896,2.3469001034191934,-1263203.4588380128,-2933.9293826020294,BENIGN
17,144865,5,0,388.990867934048,323.58180109992463,-333427.4869322337,10306.66578261975,DrDoS_UDP
17,-12320,4,0,1474.212279236193,1474.5767813415746,2923717655.14432,1994062.724759659,DrDoS_MSSQL
17,37869,2,0,1476.6290067086084,1384.2763857659106,1293045577.970535,1002629.7243141052,DrDoS_SSDP
17,-25595,1,0,1468.9946479386329,1475.8968656327306,1462802601.8724868,1000874.9706457239,DrDoS_MSSQL
6,14164641,5,2,0.1578669822443916,-2.658101869482276,2826429.109700965,16876.098796332997,TFTP
0,92503766,7,3,-9.36798006383255,0.05247463588220472,-794614.455345182,18162.596517874765,DrDoS_NTP
17,-71138,1,0,384.1544900036541,392.5685583757025,740669734.9716463,2002220.6976114206,DrDoS_UDP
17,29737,199,0,442.9513886742166,437.80981664652796,2791736.767668062,2135.335481248985,DrDoS_NetBIOS
17,-19475,2,0,1360.4341450691388,1387.3274926676113,1333792761.2908235,1000115.4652998412,DrDoS_SSDP
6,109257800,3,0,-0.21887897250596966,2.837639111477801,-1997771.6925127835,15632.256610362801,TFTP
6,-54108,3,0,-3.1322753148199665,-2.394333085909616,-4651055.271289795,1998204.392237383,Syn
6,7976,2,0,0.8610141332381954,0.45317220840687833,582568.2475779038,2002823.1101846118,TFTP
17,-14246,2,0,1469.9523581603878,1470.6393010877084,2943228119.1017346,1997473.4426866344,DrDoS_LDAP
17,44398,0,0,454.3914722603249,459.2148502925507,939321575.7653993,686878.341297921,DrDoS_NetBIOS
0,-135536,6,0,-3.200395050070519,-0.8564139449722015,2785904054.6747303,2005691.9160626947,TFTP
17,-89644,2,0,386.6427518133141,390.2747310699711,782466324.8312956,2006380.2067645937,DrDoS_UDP
0,104825934,36,0,-2.7224650745483485,-1.7682581681509775,-7466477.937525363,-8471.590236704684,BENIGN
0,-26330,5,2,-1.4115300152381265,3.6145531083381313,864899.3761047601,16275.10610609743,DrDoS_NTP
0,123490026,248,12,-0.39483238058947795,1.9547049749754086,1810623.3031606176,-5489.983431653009,BENIGN
17,69541,3,0,1474.8047997361214,1479.7065139071601,1463267366.2558115,995012.1485885902,DrDoS_SSDP
17,4725,2,0,382.81517639590663,483.1982678298714,447026010.6885199,1998520.914910187,UDP-lag
17,48713,4,0,391.9151112340191,332.1850634741553,225981.79739140486,14608.475243755629,DrDoS_UDP
17,67613,3,0,394.7876223927373,395.0412441205139,755376193.8187364,1994515.6571129246,DrDoS_MSSQL
17,19962,2,0,394.4636111083129,397.61848434320166,779873883.8949181,1999414.9207033275,DrDoS_UDP
6,107888476,18,0,749.4608843202224,3.2818174859298175,-2645892.391674878,3138.780706631833,Syn
6,83740,5,0,2.870834013461887,0.048939019034407255,-6093264.071278457,1998620.8279061974,TFTP
17,-42542,2,0,1476.0914798534714,1476.1932851486922,1467078872.8558872,997923.6158822564,DrDoS_SSDP
6,140291,0,2,46.5859560054527,5.4003177941294425,1451985.1527113295,8905.332159125777,BENIGN
17,35768,1,0,1473.0819603619311,1474.1396568984203,1470102969.1370091,1001473.0705913142,DrDoS_SSDP
6,77128,2,0,3.1089494507619864,3.2740092427752576,2779354.142186845,5562.3506749065045,BENIGN
17,101302,212,0,392.74425331223983,331.2097615615003,2539626.153183549,-11897.689460806887,DrDoS_UDP
6,115664257,22,0,623.6735369828451,3.0406532121742726,3829761.194674542,15040.741837133723,BENIGN
17,-13091,2,0,224.8827225594314,233.1949150618135,464357110.15180695,2003461.977055633,DrDoS_SNMP
6,3311,2,0,-1.8632896894557651,-0.8674192963038927,-1878591.3045109792,2002335.0654759032,TFTP
17,-84829,2,0,1473.1549113971314,1482.3870283660974,1483575506.5312672,1002488.9378200946,DrDoS_LDAP
6,81941,1,1,-0.9126606701536474,1.3269277584009171,768417.4819449972,18623.255857330056,BENIGN
17,-22962,0,0,384.98483428360186,395.980848204612,776838096.1085378,2002562.3237283612,UDP-lag
17,-76217,3,0,1472.483063117846,1482.1463327128124,1472201812.4236164,998008.1128219638,DrDoS_SSDP
6,15027,2,0,-5.541991850793055,-1.1581442245265745,682134.7592084691,1997353.6227947003,TFTP
6,72956,4,0,0.9440550230704732,-1.5753239604882723,-3795880.7861687625,2001664.488903086,TFTP
17,118481,4,2,50.90872922608199,39.765459768731176,2272169.8578530806,-1828.858894399771,BENIGN
6,3685435,6,4,545.6987835365162,-1.1575684551227596,-8991451.775679845,-5238.780224943648,DrDoS_NTP
17,7754,3,0,386.05728293207324,329.3052499128779,215378278.43305963,14132.435008211329,BENIGN
17,81088,3,0,229.13364336019686,223.68675087724253,433943612.004624,1999361.0359704574,DrDoS_SNMP
17,19371,0,0,1464.1185745522328,1468.792301221557,2923719401.0036273,1995854.9439588839,DrDoS_MSSQL
6,47346,1,0,4.913447256916084,1.4813317829848107,-1232006.5222594978,1999793.7043301791,TFTP
17,16446,2,0,1473.0892250472434,1477.1315124063835,1454923531.085294,999130.5410256096,DrDoS_MSSQL
17,17957,2,0,1429.4464400436354,1480.0483699656163,1476157531.0817606,998116.873202952,DrDoS_LDAP
17,137541,3,0,22.447251087343915,43.12123913221346,546208.0586865421,11494.696515269796,UDP-lag
17,41658,5,0,386.77907989070087,328.0544609946777,5588419.341790215,1456.5512177329547,UDP-lag
6,109068469,11,0,-0.9318139950770944,-2.27477489565754,620054.806853076,2023.1933170409848,BENIGN
6,103131,2,0,-3.3939327339495944,-2.0354998272185294,-4426977.287808688,2000760.511560706,Syn
6,112863,2,2,0.6271092819261136,0.9235359456830622,-5061658.31136828,14537.26900644899,BENIGN
17,-70867,0,0,377.8503235408115,375.9837238770823,760676792.6062095,2004936.5416402514,UDP-lag
6,75106,2,2,-0.921607991066339,3.1363553162192384,849848.9271029253,11210.902031792974,BENIGN
17,-44751,3,0,394.30248594040074,390.7267511124066,798644147.977263,1998027.6731379267,UDP-lag
17,40855,3,0,1475.049174495062,1475.9765194604893,2937728327.017313,1996430.7568015633,DrDoS_MSSQL
17,65048,2,0,1468.3467471632398,1473.80846146198,1465407434.9296753,1997210.8213663788,DrDoS_LDAP
17,25231,1,0,1463.622543657875,1465.086398504096,1072958947.6375095,1998593.327105692,DrDoS_LDAP
6,87407,5,0,0.18725556146410094,3.5493728690526862,-410039.7310706,28525.271388202862,TFTP
0,109652662,218,0,2.6906582571301967,1.9553901881501965,-6601852.812315395,-8018.09290131968,DrDoS_DNS
6,1257565,18,0,439.78058577786345,0.4931288123227406,1340761.3828601583,6193.51433963088,BENIGN
17,-34028,1,0,230.43365444373632,229.62831971139553,447364864.39447343,1999759.2903072021,DrDoS_SNMP
17,77713,2,0,1467.38215356294,1466.6290646724183,2932696581.354979,2001581.236039357,DrDoS_LDAP
6,2192,4,7,51.90391899565043,3.584238401050058,3012337.195830144,10826.669984986342,BENIGN
6,182626,3,2,-1.7562531219547097,1.3727152033039807,-3445119.452524812,11267.743689167579,TFTP
0,83196236,39,0,-8.481873953378791,-0.2665979753920778,-3855120.1511934027,5828.058946790225,DrDoS_DNS
6,8658,3,0,-1.5758897757624502,-0.5532437992641216,-1365521.776862913,1998282.4297430308,TFTP
6,12231750,6,0,-7.507883630264111,2.0165810968556825,-8631856.10135744,3630.166031132464,TFTP
17,75919,4,0,389.24408391267343,394.1669299876249,800478909.8994832,2003400.827977381,UDP-lag
0,74662109,39,0,3.3780442561282857,1.3673507986106637,1918414.0297901859,-3650.058175365115,BENIGN
6,115149502,18,2,3.8164632233710023,-0.7554465885279451,-891100.0738752938,13129.361714980829,Syn
17,59354,1,2,40.263946945681305,43.50256685895748,-1533770.4422317243,1551.9552800165147,BENIGN
6,4009557,24,0,854.5229706256143,-1.731005456146092,3682155.3384797676,16468.48887901108,Syn
17,-24567,2,0,576.9043853873599,575.796201722285,908740439.752379,1998664.0850634617,DrDoS_NetBIOS
17,175746,6,0,394.7289083590699,335.03499079729164,-4321892.333013831,2363.959980666372,DrDoS_UDP
17,-415,207,0,444.0105549070271,1463.023509733274,98670841.0939593,669073.5105414712,DrDoS_DNS
0,115661889,8,0,-4.913543748492012,1.964197036551734,-2740842.2275059205,-3182.629555230218,BENIGN
6,-32924,9,0,-2.387640091651193,-3.011337671324667,-2747769.422142797,2000804.7698281198,Syn
6,55989,1,0,-6.074274624235394,1.2156481207337706,-4954241.833629419,1998636.3531334782,TFTP
17,27208,2,0,1472.752918521663,1473.763103093281,2927384972.1693335,1996877.124510782,DrDoS_MSSQL
17,29351,2,0,540.3349989899251,1476.5082394666838,1398750179.7677608,1998855.007546027,DrDoS_NetBIOS
6,-28345,2,0,2.9720580842748316,1.267656486798636,1368586.4158665708,2002528.6440149443,Syn
17,-45595,2,0,1466.386482166085,1472.5698566641388,1459973457.8976324,994631.4937188891,DrDoS_SSDP
6,-11059,1,0,-3.8204621175925846,0.02249930526234934,-246990.01828536484,2002449.1421739308,Syn
17,-2579,3,0,1467.3471973729465,1472.4847802978604,2932984859.445088,2002088.2161014068,DrDoS_MSSQL
6,6744948,47,33,616.7634504390027,-0.5223778893236553,-3871604.5498852255,-6815.319763929598,TFTP
6,5897432,7,6,762.2621534228608,1.8842374617432271,1418964.6566214873,-1284.7417916846953,DrDoS_NTP
6,-51600,1,0,-4.0865976838138796,-6.85131191948929,-6892142.182113745,2002984.1819214777,TFTP
17,36519,2,0,1473.581729933172,1471.1949319730134,2921970678.44745,1998631.6631633632,DrDoS_LDAP
6,114487607,36,26,397.3228768710389,3.948721569923957,-2412974.162207377,-10513.182419311936,BENIGN
17,-11112,4,0,395.73741388506136,1360.9891251059862,766936067.1783124,1997583.5131403771,DrDoS_MSSQL
6,-19058,3,4,387.787272801482,0.8946240330994786,856915.9701687482,17360.29266250904,TFTP
0,117331990,42,0,-1.4850377144671254,-2.6547233878565857,536199.0985741748,-13352.115126668017,BENIGN
6,60855,4,0,4.698447207308809,-1.9699893753824436,-2006478.2638012606,1995564.7695312286,TFTP
17,-1164,2,0,234.05319240844108,228.11609108269548,442971900.3973777,1998035.6619209086,DrDoS_SNMP
17,-14529,1,0,390.2233087811888,388.25285748073105,424085822.89438766,1997722.4250486654,DrDoS_UDP
6,53208,2,0,4.007617897592741,2.5983974626736073,-3815809.589928219,1995617.6252612334,Syn
17,75473,2,0,1474.182943651842,1481.7866899199228,2935910007.8681507,996090.0047519935,DrDoS_LDAP
6,13452743,2,0,-4.377017345598821,0.3400096454373562,-6822832.656512631,17695.08415525215,TFTP
17,-81415,1,0,386.48953783119924,382.8257651737052,752568526.9837686,2002278.4482875713,UDP-lag
17,60860,2,0,1465.1035834607537,1472.4037844866075,2931831771.8275566,1999126.30685057,DrDoS_LDAP
17,36985,2,0,224.96911834047262,226.27077305817525,445048611.45057875,2001207.7096740776,DrDoS_SNMP
17,102316,4,0,1481.9076455061854,1478.7470749073086,2951155666.123537,1994762.3987815997,DrDoS_MSSQL
17,-61827,2,0,1478.8205306630168,1475.451589741455,946749632.7172791,1004955.5681415914,DrDoS_SSDP
17,-8074,188,0,439.41724827582925,308.9122955216618,8921153.1573134,5320.446638307432,DrDoS_DNS
17,33938,0,0,231.0269741471516,233.024955491304,454675464.13020355,1999273.6868713957,DrDoS_SNMP
17,-49928,1,0,1475.4104429444253,1475.3043325619185,2946468943.432523,663441.607672639,DrDoS_MSSQL
17,-24893,2,0,1468.2299513175726,1473.2361455401285,2941303360.433221,2000659.7882587581,DrDoS_MSSQL
6,89554,3,2,-0.8837748025061877,-1.3352691743442298,-2272461.654541068,22612.27554907922,TFTP
6,14471134,6,0,382.177277245259,-0.4579763164633387,702937.8840719266,10899.182099758782,TFTP
17,43995,3,0,235.5188170407472,237.05624048096703,9382476.350443605,27154.235914076948,DrDoS_SNMP
17,108757,3,0,230.34914458346677,230.15995391748518,426564815.00311095,1995362.1501449263,DrDoS_SNMP
17,-66855,3,0,395.0155414324821,397.4055222298043,763032971.2529888,1997647.6071225351,DrDoS_UDP
17,857,3,0,377.2546333995791,378.5065956876414,765701336.6278296,2002472.7882397757,DrDoS_UDP
17,45272,1,0,1468.7439738480036,1471.563710285236,2938658739.2618694,378528.07349665154,DrDoS_LDAP
17,13416,3,0,391.93188748670957,333.38042049092473,6696974.216814435,7955.064712896273,DrDoS_UDP
17,33032,0,0,857.3740897763561,1476.6210691407864,2938358322.3030505,1998103.3972874396,DrDoS_MSSQL
6,67227,3,0,447.86142620727605,448.93946611563354,897939803.5658039,1998306.5245401869,DrDoS_NetBIOS
17,-30439,2,0,451.6420768090935,775.727299529878,961952413.567209,2001680.8724272354,DrDoS_NetBIOS
6,93491,3,0,0.9299690495906668,3.285018467243434,3238737.0390240797,1997266.611435843,TFTP
17,4371,1,0,1470.9108790637126,1474.7556971516885,198556898.53556246,1000784.8899217265,DrDoS_SSDP
6,171203,3,2,-1.337693336505751,5.547284954017204,-8677340.93049713,5421.091247718947,BENIGN
17,-5590,1,0,387.5081036516562,335.55205590285124,3261124.0614251643,16658.22509973541,DrDoS_LDAP
17,-41758,3,0,1472.6848049023936,1473.5182832598937,1471211298.9420414,997652.0085046184,DrDoS_SSDP
17,49428,2,0,386.2732281118495,382.2325034166639,748211487.4860195,1995231.9394755915,UDP-lag
17,-6213,3,0,1234.8218575411283,232.8428557967022,2678993472.5123124,1996548.3133252317,DrDoS_MSSQL
17,3809,2,0,1466.643697322504,1478.221334757313,1454126333.9693508,996482.821406322,DrDoS_LDAP
6,111679528,14,2,-3.6178679784281536,-7.224938567655829,-5184615.412220895,-903.4258604374445,Syn
6,42285,5,0,1396.1764256846661,1406.693762185395,2681558201.542228,998986.1055903471,DrDoS_SSDP
6,6634618,29,10,564.3810299433477,1.6987494143042183,-450483.30619102716,-1508.1043752013993,BENIGN
0,110515626,7,0,1.6513114810808291,0.7246705827981839,498076.4436857683,1499.7299994691657,DrDoS_NTP
17,-35663,0,0,396.4972526175193,385.950326391123,2936149159.912053,1993191.9329851484,DrDoS_NetBIOS
0,73932170,3,0,0.6121784871414699,8.802778339784036,-2454204.7538223723,21502.17935654508,BENIGN
6,69646,2,0,2.2804500401795957,6.226186908232679,874087.4313076753,1995472.8402936463,Syn
17,-53756,2,0,448.63088710348404,782.3050381600561,4406073.886130665,2001190.606350378,DrDoS_NetBIOS
6,112281427,10,0,1.9366617299950908,-1.254921179276759,-5319805.090048429,6528.846115803368,Syn
17,2289,2,0,221.80865265382943,229.27406477283088,438575339.41428447,2001575.9279202817,DrDoS_SNMP
17,-24984,2,0,605.0456770434921,577.2404338622301,964720191.4869796,1996310.0690789917,DrDoS_NetBIOS
17,49725,2,0,223.17177470169543,222.7991184653715,450552685.72557724,2002741.391613499,DrDoS_SNMP
17,-43380,0,0,1470.1971209169508,1475.3650393453083,933667102.4147098,662692.5985050487,DrDoS_LDAP
17,-48254,150,0,438.6951253633668,434.39143492542485,3803666.4441563115,651128.5167947928,DrDoS_DNS
6,110920987,23,0,1.7073929674640036,3.519273729475286,-1919165.6016753537,-3649.4240425960506,BENIGN
17,-29943,2,0,32.867921635802354,689.0935784662711,127385364.31503843,998670.2226785375,DrDoS_MSSQL
6,-20821,2,0,0.9057521322964153,4.440655938563,-5084631.569793968,14208.181820955479,TFTP
17,174926,168,0,386.0060379635223,339.3675012244908,430703.5906659332,-15720.92328331908,DrDoS_UDP
17,24590,2,0,1472.1888871770066,1474.9008292922372,1475608666.7966752,1000141.4328242703,DrDoS_SSDP
6,115003823,25,2,1.4666849825110524,-0.5115644795700761,-7185256.436492191,11657.239528861688,Syn
17,134796,204,0,442.6369798050369,439.0535376535992,2701225.4418117586,3158.092879368405,DrDoS_DNS
0,80627306,37,0,4.460021100827857,4.813886862841773,3964048.1656564986,3520.9652496137596,BENIGN
17,1017,3,0,1478.0126869509293,1475.3400702835927,1474118780.2872152,998741.5266388664,DrDoS_SSDP
6,-22070,4,0,6.201105288401523,-0.2733688542695454,-5400204.783961133,-4365.3044955679725,TFTP
17,67660,1,0,1382.50346469571,1380.1014341682344,1231295578.96337,1005450.8593985235,DrDoS_SSDP
6,4936826,6,6,584.1970747570077,4.913983316882028,8432589.31550149,-3125.8740948645227,DrDoS_NTP
6,-54227,1,0,-0.040086918759250814,0.03793091155112775,-1168852.2064936308,1997823.1476420222,TFTP
17,31592,6,0,1472.9978717157758,1474.3712337394593,1455599127.4982288,993958.1127233006,DrDoS_SSDP
0,99593232,30,0,3.7608886055186472,2.5598827721407367,1307262.999305849,3442.6088476919967,BENIGN
6,47138,2,2,-0.11339756981538325,-1.8470110949527196,4611608.934256633,28474.99817392094,BENIGN
6,4310739,5,8,-1.6474695556681238,-0.11120746294535373,-1529526.404784378,24317.644531170583,DrDoS_NTP
6,144432,6,2,48.32929718859026,8.070211977003583,-660056.2428326113,7245.291974950986,BENIGN
17,-32068,3,0,895.6512751374028,231.53257827402163,454679571.99247324,1998970.3946219364,DrDoS_SNMP
17,68138,2,0,394.5386859997651,706.0955820628756,8226215.982071112,10158.190090200414,DrDoS_UDP
17,83651,201,0,423.0051163114966,437.7019051207922,-3868204.7030502325,9942.506981574654,DrDoS_DNS
6,121821029,35,27,540.0654003056924,-4.604710831205399,-5619058.180453741,-14005.033934632738,BENIGN
17,63151,2,0,221.362476675722,225.4012002410233,7439510.858285165,1012716.9456286846,DrDoS_SNMP
17,58318,2,0,1467.472931049244,394.45044070871535,2937807557.259977,2003206.9760510754,DrDoS_MSSQL
6,120397,5,0,5.224915301375584,4.733876715936872,-916172.4008506148,2002310.161467905,TFTP
6,1913361,4,4,544.7047885836531,0.569849144762207,2238474.1707466203,9000.519068475669,DrDoS_NTP
17,39228,5,0,604.0723274701155,597.2795996259418,1241293218.5858088,1994871.8201660505,DrDoS_NetBIOS
0,107459305,35,0,4.052314486219555,0.8079017406653841,-353869.3814247616,-20214.004602071793,BENIGN
6,-17156,1,1,-5.112877922684541,2.4013035064255854,-988388.1432275444,21850.84149292628,DrDoS_NTP
17,-46941,2,0,1469.9985346977105,1477.345867882276,2926880578.1738186,1999845.889266138,DrDoS_MSSQL
6,56592,3,0,1.898057992133721,-2.2637900166187004,813342.3805227288,1004397.2038426683,TFTP
17,-2601,2,0,389.6713876201425,397.44417089243467,806360169.2450626,2002108.875263229,UDP-lag
17,12527,3,0,228.49984069407014,232.22870281944765,477057563.7836248,2006948.2441745785,DrDoS_SNMP
17,13754,4,0,235.97936799802807,231.28811170282106,450942561.4615341,2000944.1437376947,UDP-lag
6,104673,2,2,7.116969674551781,3.232872770824901,1553209.8563574,25485.32898867241,BENIGN
17,-15925,2,0,1467.3419408073503,1465.453245583199,2952402965.812114,1999767.7209771506,DrDoS_MSSQL
17,67325,1,0,1477.694624155557,1481.7734595173617,2927703227.2773733,1997521.9912144612,DrDoS_MSSQL
17,-18838,2,0,225.95149525139425,229.38939856990407,463695042.30593294,2000015.9162355713,DrDoS_SNMP
6,92968,3,2,-2.5638666388173976,-1.6676999255806215,-3122001.939041026,29027.204223415178,TFTP
6,27521,3,1,-6.5160689963642096,-0.19256200318959737,-2295626.8354748106,13888.476104223975,DrDoS_NTP
17,95685,3,0,390.2011101996046,402.43625001241304,946184084.0493066,2002416.8502680594,DrDoS_NetBIOS
6,42915,2,0,-0.31245633129245165,-2.8388270656546712,-9003392.308334816,1992467.9823802696,TFTP
17,-56071,2,0,387.6146754545812,1363.070256492628,785171024.5988932,2001400.8414143287,DrDoS_NetBIOS
17,107418,3,0,450.3692740065322,443.273079694667,5072907.432462724,7153.800419447051,DrDoS_NetBIOS
17,73426,5,2,39.410013808573176,42.037906708022454,4424779.4858772475,3255.065525077084,DrDoS_UDP
17,-17187,-1,0,442.3389452649194,447.0242267646211,939340585.6831844,1999464.721118076,DrDoS_NetBIOS
17,-83342,1,0,1478.3369473482223,1477.3664852693598,2936976232.0571294,1997943.058877769,DrDoS_MSSQL
17,-65402,3,0,1479.1318099390508,1476.1685131317877,2964229389.0478773,1998038.9088133855,DrDoS_MSSQL
17,17888,1,0,379.1871270637539,395.30156806009023,777618888.8847305,2001499.8201009887,UDP-lag
17,-36744,2,0,228.00741646621398,230.37959439174702,424501625.5390947,1997314.654673919,DrDoS_SNMP
17,-16868,1,0,1476.0591341039972,1478.8476573534053,1240079276.024895,1002723.7767914141,DrDoS_LDAP
17,-49665,2,0,1475.6388364892382,1472.3795075704095,2948906423.3208976,2005798.9318453548,DrDoS_LDAP
17,-700,2,0,383.3609421782257,381.1136905641883,1245971238.2186847,2003652.5467887498,UDP-lag
17,39065,152,0,1466.6420457605882,1466.4540297374472,939560833.20677,2913.2517915880226,DrDoS_DNS
17,-4565,2,0,392.19864717188455,393.6849456391894,758623377.4572273,2002333.9716691764,DrDoS_UDP
6,64028,2,0,3.23481921569334,2.6490919501815835,4466730.793484028,25733.890553045065,TFTP
17,-13189,5,0,1475.089667547098,1479.3815416318785,1474637509.196521,1000895.908258452,DrDoS_SSDP
17,11491,1,0,385.4632129327855,387.92730779568797,778909698.4952791,2004764.8271252832,DrDoS_UDP
17,90645,2,0,443.0949438656218,439.6256166355075,-3616328.8245563405,11118.50786221668,DrDoS_NetBIOS
6,43818,4,0,-0.7508166994400683,0.17240323285043008,-84534.4600058347,2005524.2356203096,TFTP
6,78519,6,6,37.73572846442938,4.414531522307956,2550872.946367097,19224.31669662459,DrDoS_NTP
6,108737996,4,0,-8.2419325767636,-2.2882244174336015,-2783124.769203526,-398.48984635523993,Syn
17,35528,2,0,392.1137771056566,398.43880130150666,766881185.5592246,1997854.289182727,DrDoS_UDP
6,26569,2,0,0.28728121560477515,2.020288905743674,3344992.1842718944,2005397.6235622226,TFTP
17,2267,4,0,11.012993403842255,24.18537454437434,107283521.91266996,20603.944727524773,DrDoS_LDAP
17,87730,5,0,1469.713977831611,1472.5935723100504,84898118.06243125,989317.4242785814,DrDoS_LDAP
6,56916,2,2,2.3087958745729873,1.752837986644869,6931517.479657829,30634.186755591425,DrDoS_NTP
6,20044,3,0,-7.369027845068995,-2.540187659676687,-4216116.457189976,1999709.376050879,Syn
6,13483948,39,26,819.5015956102577,0.34900663717506614,3041963.3204965806,-11358.937652649747,BENIGN
6,93944,3,5,-5.639813596907977,2.378024628215842,-577105.5901013094,22621.816417335092,DrDoS_NTP
17,5219549,200,0,444.7488872333224,437.5279396527717,-129666.0443614712,4222.435641819802,DrDoS_DNS
6,53192,2,2,48.904901231381615,57.88506403396512,-2772802.559347242,11554.845423374865,BENIGN
0,1882417,9,33,1109.6881024211893,5.163017582653814,2246365.742433586,-16566.00857675515,BENIGN
17,117352,3,0,367.19982540479657,390.1337475722182,3985633.676716253,8852.649904485967,UDP-lag
6,116228373,25,22,3.948800533747282,0.7195899683482041,-1081011.2877301692,526.5868488834858,Syn
0,105051687,40,0,1.3956891927595478,3.629799101477162,5085994.400127347,6475.596000466669,BENIGN
17,39811,3,0,385.00844907673945,330.50237487691425,1643514.9326233165,14141.970389890423,UDP-lag
6,115541606,12,0,-0.4231991930345039,2.269941102776445,-7500163.42455447,12042.986737161618,Syn
17,-79895,1,0,382.9335729035215,376.3744042331458,760059340.611032,2000477.9676911088,DrDoS_UDP
0,85878116,8,3,-6.062351330240556,-1.187667373378075,-2487556.0541066863,18064.504610502652,DrDoS_NTP
17,42811,2,0,1469.6619983808444,1468.2155037745927,915643771.0300411,654533.5665365894,DrDoS_DNS
17,107390,150,0,445.3397337791967,705.610059978884,1043693.3109161388,654369.5445815731,DrDoS_DNS
17,36105,4,0,1385.4054719360809,1468.1012016809432,2608146712.488966,1992691.7198376474,DrDoS_DNS
6,48570,2,0,1.9814331362973874,1.6768075428092335,5741916.547924548,1997905.806964221,BENIGN
6,13179077,5,0,1.9653119280278022,-1.9048117919620169,-5218336.867943821,10578.176677960357,TFTP
6,-61813,3,0,-2.0125656245528867,1.609237688973341,752254.0501608754,1996653.0245125173,Syn
17,-24364,3,0,390.36566624436267,395.3861168301067,6728807.047688868,22129.880702553113,UDP-lag
17,102682,2,0,19.484643909053084,1472.4749781236694,113439871.0200006,1000736.5107285008,DrDoS_SSDP
17,24445,0,0,386.010416714528,381.60212301605947,753754101.4476883,997666.9424894792,DrDoS_UDP
17,30858,5,0,230.9007791711083,229.37844819025125,407988303.20062584,1993801.170706179,DrDoS_SNMP
17,93709,3,0,231.81385416038583,481.4418328810483,2603222534.906581,1996556.5845139078,DrDoS_MSSQL
17,207654,7,0,385.205925982272,330.8731460171308,-2265080.824885153,-16762.3309997549,DrDoS_UDP
17,105350,1,0,693.2463645877078,545.7023172599345,894935781.6900584,1995372.809929211,DrDoS_NetBIOS
17,23877,1,0,445.24056675467307,449.17508678626024,926575333.3755145,13388.235444797961,DrDoS_NetBIOS
17,-61208,3,0,377.4237357786798,388.9445307855044,257862.81021016766,7236.267711214172,DrDoS_UDP
17,-18441,199,0,752.1021348969808,441.2977793806524,2501451.424216034,20043.20849497126,DrDoS_SNMP
6,12609812,11,7,558.4253557336136,0.2838832085022837,1616530.5441086148,14110.126298250445,Syn
17,76424,3,0,1471.416454381219,1476.3339189289472,2938495871.817908,1996360.2123229157,DrDoS_LDAP
17,-8163,3,0,385.2262634317788,385.3438236734455,768203040.4027072,2000751.6984932201,DrDoS_UDP
6,-877,3,0,-3.963677942236061,0.5187650750543211,-2543833.10193008,-5249.866575248718,TFTP
17,24254,3,0,1472.4266351840517,1475.1566520141844,2931941261.652115,662214.5775005097,DrDoS_LDAP
17,-18844,3,0,1464.2252667757866,1463.195528975,69594460.72984892,1000239.8869417186,DrDoS_LDAP
17,-91106,2,0,387.6840833617577,388.6872467308351,760676421.5255529,1994114.4415907871,DrDoS_UDP
17,-52079,2,0,233.16574297003464,438.95049882760094,447622216.70299786,1995008.9982167499,DrDoS_NetBIOS
0,77419938,33,0,0.17995280460215274,2.143922078222557,2123014.9320163713,9141.123788231233,BENIGN
17,87183,5,0,386.99222833264344,335.026086451589,2534346.539461972,2002108.2493841855,UDP-lag
17,15209,2,0,227.18063854285396,227.66186571887664,466234018.93477017,14094.397148919408,DrDoS_SNMP
6,111321645,14,0,0.427241228445531,-5.017429156580088,-2349814.7464028345,1996744.4157363316,Syn
6,11555172,16,0,-2.009046647336527,-1.5975178071768927,991564.6748149245,13239.456808514922,TFTP
6,101812,1,1,-0.5729109986900063,-3.3340476246100104,1621227.7132817088,14359.796439900168,TFTP
6,104941,3,2,0.022483879313175706,2.483023587758269,-3980995.0110146245,25295.45069448616,DrDoS_NTP
17,-20927,1,0,382.0762935219401,390.3373791479899,743645438.8250984,2003596.8118605434,DrDoS_UDP
0,81897721,40,0,9.277810851642535,3.796840174463523,-3839279.967913232,-2958.886954079595,BENIGN
17,-36402,1,0,451.5943322094583,904.2348638174877,2597746.73077662,23405.832068451993,DrDoS_NetBIOS
6,12236412,4,0,1.762538444710959,2.2703151370998915,-3257243.6909476677,18804.676160256786,TFTP
0,104370494,30,0,2.0306126011720167,1.6611681496643287,3595954.216362049,2403.7347746604437,BENIGN
17,1834,3,0,394.24694927051183,400.1489844115937,430525397.9488149,1997303.406114989,DrDoS_UDP
6,107830,4,2,1.9420081016515103,-0.8683978719021888,-760169.4651880444,27752.58696197581,DrDoS_NTP
0,117942086,240,3,-2.94926060967403,0.674807823685186,-425656.04949522205,-11794.414759746629,DrDoS_NTP
17,28766,1,0,9.225477767179143,0.5962938140740717,1557975.2888771088,1376.6452910212101,BENIGN
17,54988,1,2,58.74960016171056,4.628597783957072,-4248697.651634278,9008.417356711674,BENIGN
17,-98447,2,0,1471.993754302076,1476.6841293360508,2939212757.440106,1996135.608580917,DrDoS_MSSQL
17,-2355,1,0,446.0273813457686,442.8067126417171,897985394.2172573,669125.241527026,DrDoS_NetBIOS
0,124912744,53,40,-0.5855742237315098,30.715952292095594,-9402062.868450977,-33384.57721380767,BENIGN
17,-17390,1,0,394.6491549806801,393.54999451922373,757476776.54598,1999105.700897485,DrDoS_UDP
6,118679292,4,2,-2.7877444058596867,-0.1593476999369926,-1726621.4257484388,4465.911438283182,Syn
17,51881,2,0,397.0193355959662,397.02004849192065,3147284.084974412,10755.771681801567,UDP-lag
6,109178787,18,0,-4.2239634210408825,-2.445714999813229,-5259041.081882879,9977.134265622708,Syn
17,12753,1,0,1461.1873551823387,1465.1624964488965,147212005.50711057,21423.223473918137,DrDoS_MSSQL
17,31743,3,0,382.3215638512448,387.54159918849416,779164658.4633648,18671.64573193992,UDP-lag
6,106531,3,0,2.473691121085851,2.0429514019470276,1986860.9442445207,2001507.3405697832,TFTP
17,46669,209,0,437.93302461791006,1461.685813793564,41043917.21444695,3560.3351919947945,DrDoS_DNS
17,-121753,1,0,1421.6045769984564,1384.9023862319993,1463310281.504666,1002815.1953628293,DrDoS_SSDP
17,5200159,5,2,61.33983154234727,2.423948296862149,4477365.98466114,-3507.7005665196557,BENIGN
6,115404939,16,0,-5.705586700625415,-2.8142603142330116,-3500152.0909113633,-2207.9986760351494,Syn
17,129145,4,0,1472.7635441743246,1475.4253104634993,1469615325.0217175,998925.6514222564,DrDoS_SSDP
17,48882,3,0,1476.24983065455,1473.7602774179886,2925310161.891422,2000168.4791360516,DrDoS_MSSQL
6,-102805,2,0,-1.485255498170798,-1.1520099509610031,-5840317.72150887,2000854.6246111179,TFTP
17,-34650,4,0,384.6465004271798,387.42399749973896,-3428693.5700662136,17713.302477838806,UDP-lag
17,-69015,2,0,394.3321386206673,392.2712312525502,779861814.6352082,1993908.5240357914,DrDoS_UDP
6,54668,4,0,2.121918297676384,-1.4204708733941576,-3285688.485602988,1994546.085295815,TFTP
17,115057,5,0,373.25591171759754,323.7739939644977,921241.7513972413,-16073.6189199363,DrDoS_UDP
6,10985138,2,0,0.0738493852494219,-4.2953857736473315,-1958415.4993226074,6918.237133004229,TFTP
17,63891,5,0,391.2940632700449,329.87413136492,-3105730.131435048,-3556.2019052683445,DrDoS_UDP
17,-30310,-1,0,388.7151668735284,392.0445781865742,784173397.9499465,2001280.748263965,UDP-lag
17,-1320,1,0,391.5652416167165,1476.6556822723871,2923682490.5291333,2001523.5816027382,DrDoS_MSSQL
0,19280,6,3,0.32457726600324427,31.443209422405605,174157222.9118694,30143.25710573086,DrDoS_NTP
17,48860,3,0,1470.5795573597054,1479.758889764763,1459738908.901895,666370.6879030623,DrDoS_MSSQL
6,36686,3,1,2.3779143105938343,1.5613381674142697,2105752.5090034343,19601.931209914706,DrDoS_NTP
6,11245,3,0,4.701112511210104,2.459809114275225,-3125884.947434759,12890.162849502249,BENIGN
17,11403,3,0,226.5716978496877,228.2928990869073,2700368414.6552243,1996119.576389034,DrDoS_MSSQL
6,65834,3,2,4.528617146984884,1.444003600148981,-1141126.2488684796,14618.093212853644,TFTP
17,-131599,0,0,400.454525218413,390.27903340645963,777734621.5552508,1997311.8916846302,DrDoS_UDP
17,1156,170,0,442.8807608911199,564.2231938969551,925222300.597957,658185.543993346,DrDoS_DNS
17,111748,2,2,225.71799898350744,232.3519841057653,177646730.06187874,31618.75353657064,DrDoS_SNMP
0,96890699,215,0,-2.2038083338352417,-3.8517545073891384,-1509129.2027360334,2014.9813554350358,BENIGN
0,95096105,8,3,-0.69014144416041,-2.1048935963559163,-6679004.58686102,-3681.044050889581,DrDoS_NTP
6,80627,2,2,3.9318953769007234,4.598852981037564,-3346658.642700266,22691.49016711649,BENIGN
17,-18370,2,0,395.50073082730665,400.1597739964029,772475927.7820104,1998817.2619378525,DrDoS_UDP
17,43570,1,0,1470.504911883564,1480.790579504634,199401489.8475446,14843.42721003811,DrDoS_LDAP
6,-57399,1,1,-3.8795789946608012,0.11373855321044077,3196888.940094707,21655.051556641534,DrDoS_NTP
6,149570,4,2,-3.938375744235868,1.2016044598208493,-1753895.0904699925,32078.831298887086,DrDoS_NTP
0,77717108,5,0,0.45905608076468457,0.1454771326734306,-741750.0044534716,14878.583750218133,BENIGN
17,-1720,2,0,1472.8454969270247,1477.6441714745515,2942768181.919009,1997920.6555515807,DrDoS_MSSQL
17,-18635,2,0,1470.658715061855,1476.8414050584493,2932513961.898171,1000130.2972362564,DrDoS_MSSQL
17,109157,4,0,382.6260853768449,325.49857568011845,-3666111.644184104,996537.2282034444,DrDoS_SSDP
0,-164060,7,0,-0.8484734707616456,4.0191210266150375,1410408.6046282393,23338.394531859863,DrDoS_NTP
17,60800,205,0,438.2830953038322,438.88062392984125,5882846.721916078,15791.113799426304,DrDoS_DNS
6,53425,2,0,-1.6725309304859703,4.252769866334319,-5261355.425749239,1998458.5663807422,TFTP
6,114935584,24,0,-6.62450781929359,-4.061356702586227,-4691045.479814271,16895.32780411625,Syn
17,122869,2,0,386.91820905840467,395.32288099802776,3080458.5466313926,2001691.4927880971,UDP-lag
0,108738120,44,0,-7.061012327118943,-2.8529230692406666,-2879701.5173720764,88.94456532829463,BENIGN
17,-12570,1,0,451.73091464620546,447.7481958184688,949458100.9535965,2003901.9313727596,DrDoS_NetBIOS
17,53522,4,0,398.1604457643461,331.9627198768387,-3058243.1344805583,-5904.859886771255,DrDoS_UDP
17,16625,3,0,392.26781612517783,328.07579677024825,3139717.103906838,15247.333976799695,UDP-lag
6,31820,1,0,1.1300052003202565,0.8043283296134359,-1737883.1164133807,2004085.1701529473,TFTP
17,-75859,4,0,1475.5205064953616,1475.0857085625478,2946062790.642543,1997382.7896857345,DrDoS_MSSQL
6,64441,0,0,4.793341241986385,-0.26160569611922563,2383799.772807235,2005057.5432041876,BENIGN
17,25023,3,0,914.4769550638371,569.2718644774233,980767802.0520524,1998681.6944499202,DrDoS_NetBIOS
6,133736,4,2,24.970661532271052,3.8575320018676056,-2233761.487378424,16567.63882940043,DrDoS_NTP
17,-1573,2,0,1475.449065147182,1476.00498877587,914174284.9185519,1997520.2656022941,DrDoS_MSSQL
17,-42570,3,0,1472.6711070683011,1471.0901470906722,2924231287.150478,2001682.121608628,DrDoS_MSSQL
17,211482,7,0,390.24283376713015,338.91060579599025,1946009.902876224,-16009.124498636662,DrDoS_UDP
0,109753509,43,0,1.2541236010911727,-0.24841620012763738,1401436.2284252113,-7722.240510296659,BENIGN
6,193919,3,2,1.8132607058338224,-0.05512127896446879,-3909526.2900921237,27430.820602512045,BENIGN
0,106493782,34,0,7.0409849888445395,1.0446020032994243,-1077803.900249407,-18605.20399161047,BENIGN
6,104607,26,8,505.6273171537875,3.219069797679287,-3783417.902184178,5520.514949412972,BENIGN
17,-53967,3,0,1468.5151932408494,1475.2449682012016,1474845545.1662078,998666.774790198,DrDoS_SSDP
17,42900,5,0,234.11010260584297,228.2678468771329,465588330.9042214,2004772.3531339702,DrDoS_SNMP
6,66695,2,0,-0.42646309896986384,3.8912570611615918,-1567657.7834231507,2000218.2384686305,TFTP
0,79142691,31,2,1.6120244407861657,4.277967828342055,-3932567.727982212,-588.5356255169263,BENIGN
6,116804248,25,7,0.003166670940110805,-0.5658491432779302,1320947.0657419255,15529.501112726395,Syn
6,-41314,2,0,2.753379721267107,5.711925567670959,5925014.646955027,20255.883226917547,BENIGN
0,80315664,213,0,-3.409213728810077,-0.14120209700079972,2979530.794414852,7104.965843350685,BENIGN
6,121898,4,2,2.3197141622559996,0.3830327221697495,-5903414.863156953,14180.806401720456,Syn
6,108420577,18,2,-6.905203365953297,-3.8749464060195242,73193.09399834601,7388.017184440809,Syn
6,121929511,32,2,-5.6197386928375845,-4.305635199398116,-8601335.32253807,687.2499880097093,Syn
6,15494,2,0,5.822660751875338,4.52856905447479,-738877.4747752238,2001119.7476438612,TFTP
6,145159,1,0,4.569374712320995,6.605801646727725,1094931120.586253,1997667.7084300432,TFTP
17,-78133,1,0,394.5138592309027,395.393269309159,767422363.337127,2004768.6081664867,UDP-lag
17,20880,2,0,1468.1677105419692,1469.8761082160152,1470368251.319378,996309.3455877376,DrDoS_SSDP
17,-32722,2,0,1474.7220932910257,1478.590447412565,1485346046.8436959,995586.8944533442,DrDoS_SSDP
6,665,4,0,0.1295340725059155,0.5100790131806067,-5853643.854145069,12457.240032664366,TFTP
6,-74288,1,0,2.585438413152763,0.937366418097723,-4917344.932773224,2000064.0156254526,TFTP
6,39687,3,2,28.64673007478634,0.04308051624475369,240212.7842578867,30278.088286300863,BENIGN
17,67249,0,0,398.97453670048463,435.4210100664756,2696178.550907641,-831.8716586559785,UDP-lag
17,48783,5,0,396.41754729461854,390.4849133157466,-2327396.3185004313,7767.011860558676,DrDoS_UDP
17,-12858,1,0,1469.6997171023959,1470.948390193422,2949650862.084292,996038.8142001913,DrDoS_LDAP
6,115281104,33,2,1.246910667880948,2.5840659723892996,-4987534.34925742,6556.437821670463,Syn
6,-94428,3,0,3.772504625624228,-2.4544076460189688,3983116.6734183114,1997120.108328502,Syn
17,53743,4,0,1470.009980375756,1471.0471375407715,2926467159.8775034,1990823.6272983104,DrDoS_LDAP
6,57892,0,0,3.4199094140865265,0.026440557077525434,-48769.09667789843,18834.146007986354,BENIGN
6,48615,2,2,68.81893395098092,7.369453138973717,3966000.406776893,1881.3185269522983,BENIGN
17,-68500,1,0,384.15866207533173,387.5293468394796,770054387.0085186,1998311.8166837576,UDP-lag
17,48681,3,0,1386.8972024798218,1403.1101964472693,1272390669.058838,994876.3877409525,DrDoS_SSDP
6,80006,2,2,-3.5696875781050603,1.0443434991042846,140943.08145708567,26358.21216775568,Syn
17,-36021,1,0,1461.4724707707696,1469.4783149272655,2937781122.188756,999466.2532788495,DrDoS_LDAP
17,17527,1,0,1471.045999352518,1476.9097599912525,1455742464.5774636,997098.3674083599,DrDoS_MSSQL
6,12877108,6,0,-2.004954593403265,1.883607247106532,-1556421.5929515862,16786.1114291688,TFTP
0,112640645,8,0,-2.1816795208713042,-1.8942702210591913,1582650.8529752016,18978.49149022992,BENIGN
6,119824400,27,10,-2.0092726767483566,-1.917252748997281,-9047165.671864219,-2106.9324665130553,Syn
17,-38408,3,0,397.41442257775094,390.44088472879855,777300974.8594946,2000915.4932806136,UDP-lag
6,122377,2,0,4.798672819872287,3.663258352947208,4733091.050239652,14602.43423395197,TFTP
17,-15672,1,0,220.68712084732266,228.5356342179151,-2113010.2874645414,7971.866054837301,DrDoS_SNMP
0,111377709,41,0,0.11368530701899283,2.7817172176470484,-1957718.6729856704,10244.46040988283,BENIGN
6,90962,5,2,1.0927508483466761,-0.8434350646096369,-1493158.834258091,1999580.5913563739,Syn
6,35295,1,0,591.2611045476667,3.920236532311585,-1587473.5810624792,16989.12516570442,DrDoS_DNS
17,12590,3,0,1470.8229029680833,1469.3665012197223,2901691899.071695,1991189.2210525437,DrDoS_DNS
0,108563422,38,0,-1.383984742098436,0.817366966938918,-838011.7581280337,-11777.363634178444,BENIGN
17,64251,2,0,1468.6274062108396,1467.4229708060939,110345253.40035823,667572.3355526349,DrDoS_DNS
17,6767,1,2,1460.7026644951357,1475.455731488703,170860434.65002507,22854.641324429536,BENIGN
6,204874,6,3,-2.2997621845318035,4.902325397383069,-9299400.700450107,25983.303403120455,Syn
6,12324,1,0,-2.766288345673019,-3.3888323655686503,-2745769.938558882,10760.21104433582,BENIGN
17,89589,3,2,35.989527297039345,336.1214435839799,3225252.939400482,13443.76941991177,DrDoS_UDP
6,36179,21,0,3.8261133696436533,4.55757331369829,1125095.7663805424,21057.688092563352,BENIGN
17,48165,4,2,25.774682368301583,38.10911352947377,5298745.1977099925,22068.380219572995,BENIGN
17,183739,6,0,399.6070243143611,336.55180585372807,1043803.16306498,-7581.8199518222755,DrDoS_UDP
17,13739,3,0,1479.5661669818294,1478.1349313396136,2928097436.1727266,1993035.1102171694,DrDoS_MSSQL
17,60006,3,0,1346.0091561972138,1348.5558951181088,426869122.5008967,1995454.041762772,DrDoS_MSSQL
17,-24980,2,0,389.4601690846054,393.5586059293027,442306600.9736075,2000337.5085101072,UDP-lag
17,46606,200,0,437.6268879491415,426.5160251755562,-40281.29020629451,5294.917019008594,DrDoS_DNS
17,43556,4,0,238.06555332690567,236.56439662671823,3625149.253548855,27523.841757869228,DrDoS_SNMP
6,44906,1,0,-1.4041236716674574,4.281373975228355,2058641.3714781806,2005288.3913071328,TFTP
17,-58556,1,0,399.70189399481836,385.5936844291828,752374990.270589,1999466.6665222663,UDP-lag
6,119243663,13,0,-7.672431586951074,-0.7786208920525831,-4211268.736217295,7414.7154445941105,Syn
6,12292958,20,0,0.5947340246033278,-3.818388875160997,11079.722968473332,7571.059781491676,Syn
0,120036208,53,39,580.613869183518,-0.538814207965691,-7218843.680671022,-31333.475349802047,BENIGN
0,114458053,35,0,5.455324154319773,0.5019325345498292,954498.4996487413,-19108.800125889185,BENIGN
6,43404,2,1,30.985422922238946,-2.6527609249299564,-5122018.611209195,-2390.846066459475,BENIGN
6,-155325,0,0,1.4104304575169975,-0.36347582534770684,-2080208.4492417488,2000678.1754203888,BENIGN
17,154204,3,0,394.32326871768146,328.0233949013632,4134325.572725837,1426.3773555721546,DrDoS_UDP
17,-12268,3,0,228.08221648215095,230.13130886548575,446908690.3605484,2002512.8772225736,DrDoS_SNMP
17,-19356,0,0,386.6505735823036,383.65012392850724,767620217.8964268,1996056.5553423793,UDP-lag
17,-7356,3,0,1473.4160596249403,1478.6558446237018,1463338080.3766036,994604.5509750943,DrDoS_MSSQL
17,-59566,3,0,227.28963623005066,228.90521411304158,448740208.7300429,2004546.5656586138,DrDoS_SNMP
17,8689,4,0,1465.8689303177696,1467.3980887017465,2933065536.1579204,1995140.767786131,DrDoS_LDAP
17,23243,1,0,1472.6593913099528,1468.7994653961223,101802071.3107999,1002789.1779885519,DrDoS_LDAP
17,-47791,198,0,1469.0445158132434,439.3757624121467,102637393.68797204,995415.2823013088,DrDoS_DNS
17,-37292,2,0,1464.5774123528208,1475.0172233400847,2917571572.221291,1998276.2722166819,DrDoS_MSSQL
17,-17423,4,0,237.58504715260395,771.9096231864412,433439776.7891548,1997893.7145379102,DrDoS_MSSQL
17,27207,1,0,396.1711961240593,398.9519593818856,810566908.9763716,2003185.5127029647,DrDoS_UDP
17,30869,3,0,1361.304295394931,1341.7103628802236,1233426260.9431405,1005519.3764272652,DrDoS_SSDP
6,-106634,1,0,-5.835783037130844,-2.0783194536243967,2727617.2024770696,1994425.4150947644,TFTP
6,-33809,19,0,0.5148033734466776,-1.247794165499459,-782079.0971267864,9504.424328040945,TFTP
17,100838,3,0,226.6138077309721,232.0850487169791,457183151.69740677,1995123.8636409,DrDoS_SNMP
17,144657,6,0,376.7563346302314,324.27012747013885,1188879.316194452,9702.775304517965,UDP-lag
17,8625,170,0,439.1586841660786,472.8632705948254,3377704.5033947765,5497.646319853174,DrDoS_DNS
6,153345,3,0,3.2250807918392446,3.688705080978349,-3132400.6494774427,1999776.0639428673,TFTP
17,-100437,3,0,568.9348116347403,233.03777670752348,444424916.91660774,2001511.5275691724,DrDoS_SNMP
6,89676,3,0,5.9994375788006,5.628573014640202,2674884.010475483,2004992.6434897247,TFTP
17,-30214,2,0,1480.0544134625563,1472.5473534440264,963246591.34634,668581.5739205902,DrDoS_MSSQL
0,113842665,48,40,5.400218571749047,0.1521709776327297,-2049236.451211136,-24768.096654635072,BENIGN
6,-33690,1,0,0.07238886798152372,-1.7087144490622093,-612155.6058992238,2005172.5771441446,Syn
17,41690,3,0,1474.0429980248177,1468.707608990185,2912452091.1904664,999880.6956917766,DrDoS_LDAP
0,118953771,47,3,-5.3562238066852075,0.29521153791896615,-1621657.7981894424,-3768.664104556152,DrDoS_NTP
6,133549,2,2,3.2896434741034195,4.33594890285053,-3367861.91928244,4075.6454564692667,BENIGN
17,-9569,0,0,451.4727513395281,456.2164943129787,976395784.0464823,2003724.2855652017,DrDoS_NetBIOS
6,1871659,3,1,-4.0016246911739906,-1.8355576770601891,7760770.883998687,5302.076712941286,DrDoS_NTP
17,126415,3,0,1471.4241013445517,46.01027663819248,1467796303.535854,998963.4842440317,BENIGN
17,-20831,203,0,437.5379267303116,507.2463097501818,931949847.4761726,662307.4158958847,DrDoS_NetBIOS
6,12871765,4,0,-1.2561012054705945,-0.12362584512796014,3599186.298766925,11210.613986511944,TFTP
6,126405,4,2,47.05882358662552,58.17119143633066,-6848206.1541929,5131.306721849095,BENIGN
17,6409,2,0,1474.1939900369516,1478.7313218627082,1460135984.71766,999831.4469728894,DrDoS_SSDP
17,35295,3,0,390.65965140035536,388.7922804504206,952758262.8643687,2000334.0915880157,DrDoS_UDP
17,-71859,3,0,394.9976949270346,398.99528034082294,445204780.71675915,1999137.8309869547,UDP-lag
17,40094,4,0,1475.324648346181,1471.4472629503816,873190285.8510848,1997368.937634892,DrDoS_MSSQL
6,69412,1,0,2.4613907072032504,2.9772008344054846,-1260851.8041623945,28137.846298092983,TFTP
17,98527,2,0,382.76303904099586,327.4950176498262,745999524.0929552,1996339.8659717804,DrDoS_UDP
17,-16443,2,0,1356.5983202183972,1365.8785028165503,1248138453.8344474,1000720.7007542213,DrDoS_SSDP
17,59310,1,0,746.562548778024,1365.9040926216096,423066264.7846742,1993982.37673224,DrDoS_NetBIOS
0,113657792,39,34,810.2764789563216,-1.8617801389988347,2281402.941029039,-15773.62676234802,BENIGN
17,6526,3,0,446.43362184006844,451.775271836625,946109059.8755238,1998694.9097996033,DrDoS_NetBIOS
0,-61529,8,3,-0.48097238345439214,5.557819442613313,4660774.649204652,17372.476328170418,BENIGN
17,-35417,1,0,451.17002510645364,444.42935229090705,893089319.8308527,1994728.7873505815,DrDoS_NetBIOS
17,85836,212,0,442.8010107363212,445.23392360281,3864161.223964409,-2029.8755169869164,DrDoS_NetBIOS
17,47305,1,0,1389.9780370613655,1368.2739204791017,1266551096.834097,999208.8962685899,DrDoS_SSDP
6,115596574,20,2,-2.7105199536789772,2.2641902697229277,2299804.9542628797,-6497.370906836983,Syn
17,89994,3,0,1466.9202264580883,1472.302393073478,2937470137.7830615,1999177.9121752526,DrDoS_LDAP
17,19072,2,0,1465.9462973170055,1468.7781445912694,2956134795.505625,1993737.8267997296,DrDoS_LDAP
17,43353,2,0,671.185037016159,546.6012788174777,1565626.5212414877,-1043.3739957742182,DrDoS_UDP
17,69318,1,0,223.7811836845513,228.33211123495812,442746690.3486152,2002319.108781163,DrDoS_SNMP
6,13623197,7,0,-4.152378548197818,-0.24825565862031768,-3983687.2945891535,8402.437007222703,TFTP
6,-30865,3,0,1478.36923726863,1475.0526899421525,2942841322.932995,2002947.6794394644,DrDoS_MSSQL
17,37659,2,0,388.9970505985191,330.43592340715793,813251.2508842889,8198.274699152948,DrDoS_UDP
17,91275,6,0,388.42777448266366,330.7110286300708,-2764249.257642121,-7317.072408409724,DrDoS_UDP
0,111180680,48,9,-1.4208320228619775,-3.7610190922509608,-5722923.4207358705,-17852.926165804303,BENIGN
17,50595,3,0,1468.9903319776927,1475.2758000048152,2934485136.5226145,1998667.5473675814,DrDoS_LDAP
17,100405,5,0,399.25153912808366,329.85994006395634,6156642.298214518,5822.724261555387,DrDoS_UDP
6,160331,2,2,5.064085674025714,1.5413885266663305,-4162300.3122390937,31826.33788033247,BENIGN
6,14603,2,0,-1.2356514854603073,-1.778023673163172,-651985.2974169641,2002636.564990309,TFTP
6,-4778,3,0,-3.252696364305424,2.53525582111199,-5168437.015849606,1997242.0238459036,Syn
6,13037532,6,0,-0.744154349139936,-1.3167306832094843,-1231259.2323819816,11089.061982164629,TFTP
6,76218,3,2,-5.327473447550473,-5.039733111005937,-5869433.037038484,14778.63997879866,Syn
17,-56193,2,0,1467.1578628789455,1474.6460090687046,1460591711.1647234,1000020.8870116217,DrDoS_SSDP
17,96867,2,0,1007.367569925091,572.4927829342782,917951703.7992641,1997179.1249345583,DrDoS_NetBIOS
17,-29084,2,0,1476.059385047017,1478.1608077443748,1469702214.7193162,1000712.5139547841,DrDoS_SSDP
17,43748,1,0,435.198056952254,441.9927219268078,966679527.5036669,654286.7465414831,DrDoS_DNS
17,51498,4,0,393.1308137027108,323.61199533386224,-548559.868364831,10006.316356838448,DrDoS_UDP
6,13261,3,1,1.533134234297354,0.009352119828706429,-3033758.9224914582,9662.801766499162,Syn
17,12945,5,0,1475.4051823499274,1475.327496892259,1476396663.1101377,995039.5735587351,DrDoS_SSDP
17,-67791,4,0,221.89154630990268,230.5246090533826,448015620.9729931,2005312.6740741374,DrDoS_SNMP
17,683,3,0,1474.520570506063,1468.5618254013382,2940901619.797885,2003507.27997933,DrDoS_LDAP
17,36001,2,0,1470.076751075757,1472.633997385221,2914232044.240092,1997951.815000311,DrDoS_LDAP
0,97549406,32,0,-1.1041423837121374,2.252466174920589,-3226559.7108906815,7484.928611503292,DrDoS_NTP
0,109807654,40,32,821.5896218494611,-4.047998586831222,-1448725.9552010086,-19417.436818347556,DrDoS_DNS
17,-99083,191,0,801.6964587083856,229.46359743599413,1490718.4365724786,5971.970989468051,DrDoS_DNS
17,-7959,4,0,1465.2992758494072,1469.0254914584823,2926979850.663593,2001884.329496852,DrDoS_LDAP
6,116115560,3,2,1.7669958562718193,-0.5442114789886127,478418.5459280665,9129.430160506607,BENIGN
6,55410,3,2,1.8857707956362537,5.392749906759062,1239417.9481327827,27077.23209771543,BENIGN
17,-32789,2,0,867.223777328822,225.7567108303441,1028779158.8036041,1003756.2360339338,DrDoS_SNMP
17,46091,3,0,1467.9173977574885,1467.8350363023067,149837159.72931686,15748.23937831787,DrDoS_DNS
6,11810,2,0,1.0765118962150273,3.9500255996480687,-964868.6438173924,1999210.0933476868,Syn
17,-62859,3,0,386.67061959359535,388.92505637943714,783768944.235001,2007133.1977448172,UDP-lag
17,38142,3,0,1472.010894041275,1472.484360589485,158282068.10513645,385528.30515117774,DrDoS_MSSQL
0,121515295,229,3,4.357428970023357,39.174617610295414,4424660.306026092,-3644.3729267506587,BENIGN
17,-41489,1,0,392.93787376477303,384.94957753197946,785901105.6236225,2000879.0476147092,UDP-lag
6,10081,2,2,397.1052262304624,7.417596004165114,5787554.10980142,19151.59703042785,DrDoS_NTP
17,113829,4,0,380.54218149130196,328.88287644471217,579915.9590435147,16592.871307251466,DrDoS_UDP
17,-4256,5,0,1474.3684017668559,1474.0315958258602,1469476941.9086325,997673.3826464366,DrDoS_SSDP
6,41721,3,0,-3.6850013814706473,-1.9298568204091018,1478239.791119684,19554.650201349104,DrDoS_NTP
0,-138050,7,0,-2.746867762796958,1.5943359623373408,209583.69672243437,21055.159646968663,BENIGN
17,-130941,3,0,394.8826061031687,389.41353134474423,788432059.7304314,2001238.2043356805,UDP-lag
6,113047963,19,2,-5.098318427287785,-2.5447369351313918,-3444298.077874955,1860.631822348354,Syn
0,79268219,6,0,2.9279573693227654,2.3113343083452618,602838.015765131,5917.272995395427,BENIGN
6,1253,2,0,6.004208933573492,3.362171567354623,5066357.640687839,2007332.9219574134,TFTP
17,-46800,-1,0,1461.966883197761,1466.3381222995195,2924838528.490539,2000629.2372319677,DrDoS_LDAP
17,-47363,1,0,450.8538483910168,447.1104604896901,946197466.2084287,674641.9092147705,DrDoS_NetBIOS
17,-93418,1,0,399.13454437465055,388.8363534165753,749968832.706225,2002692.9291472614,DrDoS_UDP
6,139864,4,2,-8.592439198929332,4.939055125301383,-5618252.911189176,1005387.3444159249,Syn
17,-8983,3,0,586.0916501405808,591.6825310994273,2730016086.8179607,1995280.1324196062,DrDoS_NetBIOS
6,-18156,4,0,4.011791923565916,-0.004207101621988757,-513317.93005886185,1994271.57407742,TFTP
17,145459,0,0,1470.7619116376318,1475.3165194760595,2949313552.960728,667364.8099124725,DrDoS_LDAP
6,43723,2,0,2.4634096930975433,0.6037389783483862,2105822.5003236793,2001016.4213009228,TFTP
6,118492262,41,8,6.70030482559352,-1.0077691471758332,1171589.547579406,-54.12456589557041,Syn
17,28119,2,0,226.626115644979,220.9605680490331,733825.3288297601,2591.2977334448906,DrDoS_DNS
17,39846,3,0,1474.2004699497695,1473.916454901031,1475385067.9916232,999569.128070699,DrDoS_SSDP
6,68064,3,0,5.214929263755955,1.1494806742887194,-4111460.442490043,2001272.3872774926,TFTP
17,121484,4,0,1476.819970893345,1473.2690712010476,1465869984.104629,670139.6511851014,DrDoS_LDAP
17,-95558,2,0,381.7677410367553,391.0166184052727,762199078.3977908,2000443.4408894435,UDP-lag
6,101688,1,0,0.1788437644338292,2.5799349956750177,-535953.9148742415,8088.049804762892,BENIGN
6,100601,2,0,2.9028816857760584,0.14633772976785547,1325913.9414010982,1999145.1495717515,TFTP
6,7723552,46,35,563.8008101584759,2.2353179184620164,-3276572.3006819347,-21256.943939731256,BENIGN
17,-66866,3,0,383.002216911684,387.5998349294128,780421738.9188296,2001758.878368378,UDP-lag
17,-29971,3,0,1465.8073715776675,1469.876813756481,1475848881.9423587,998854.9201057182,DrDoS_SSDP
6,6975457,43,7,604.0532873757944,5.27613175908253,5176808.64143867,-15492.307446917664,DrDoS_NTP
6,54224,1,2,48.33594397869727,50.50661613423051,1144394.4972698053,8552.281627620952,BENIGN
6,96938,4,2,-2.1993403726183574,-0.3420312922427075,-6836608.6662446335,21620.694035301225,BENIGN
17,80639,3,2,16.8177187964123,41.966532606531416,-2762061.609473386,11308.055517960043,DrDoS_LDAP
17,-11843,3,0,384.5151047061417,402.3099744211511,2627282.262650793,462389.7936781497,UDP-lag
6,97526,1,0,0.8561347354363659,1.050739596696269,-3231471.8534045285,2000412.5474199816,TFTP
6,62253,2,0,1.9857130226120467,-2.7244267865907195,499014.64948475873,21123.12620506941,Syn
6,12504088,17,2,522.6086561271821,-3.423900407273687,1766830.2776400044,3525.714314968968,BENIGN
17,208145,6,0,398.7129706733803,339.8316652069538,1982039.7300517978,-872.0611223478536,UDP-lag
17,-116130,1,0,379.3727393541056,388.5353433201988,783187669.074557,2001962.1680817003,DrDoS_UDP
17,10377,197,0,444.2357329176953,525.0838830057374,159811689.91649008,14795.601875302345,DrDoS_DNS
17,-31700,1,0,225.85557748475804,233.64035400766065,462146273.9698,1001450.9594308569,DrDoS_SNMP
0,105023291,25,0,-4.563962585806476,-0.2847210726387645,-3160041.7854067264,-750.3827101591633,BENIGN
17,16769,2,0,451.31427821085936,441.33737481753366,962376294.4512141,1998680.5202503316,DrDoS_NetBIOS
17,32735,2,0,1470.5593708355448,1469.372476098563,112420934.15216917,1000516.3279508031,DrDoS_SSDP
17,-25584,1,0,1472.0269361205962,1479.1497560345983,2927179411.0919223,1997116.5055945434,DrDoS_MSSQL
6,4430728,21,21,0.5481730571101616,-1.164727560602367,-5931345.89602148,4298.239341702159,BENIGN
17,67879,3,0,384.4401528041616,326.75351675976975,-1453598.6395208922,19086.220714102383,DrDoS_UDP
17,33023,2,0,1471.6539085302466,1472.9143956648334,132646449.19113718,287079.24425718933,DrDoS_LDAP
6,12400537,30,0,826.6057618844872,-4.087000407272912,336247.4519998417,-9585.583631356902,TFTP
0,119239316,245,0,-0.8497404601980734,-6.771810370735442,-1702069.0342949384,-12330.422124444212,BENIGN
6,7888,2,0,5.793811444242721,1.9453937335424298,-2394464.7797382604,1994100.8268534888,Syn
6,115488819,28,0,603.1709157418142,-0.7561881281733349,-1871552.9827155925,-9397.41599405769,BENIGN
17,-5436,2,0,395.8890770086221,394.9699349172505,751252594.3052238,2000279.7073307482,DrDoS_UDP
0,79165290,30,0,0.968174386361604,-4.899102402408284,-2621307.7894507954,-11555.694381516838,BENIGN
17,38490,2,0,1473.4096936724845,1473.9854545480605,1480086574.9865594,1004195.1645307547,DrDoS_SSDP
6,20377,-1,1,-7.186616289222652,-1.7918505490939536,-2665775.2950862544,19321.240251909432,BENIGN
17,-26200,193,0,434.0296463337198,428.71020993495785,4779.027819428127,-2265.0879512829215,DrDoS_DNS
6,114314184,27,30,563.7326390529278,1.538868553407889,-2710979.3536757017,6660.268977123247,BENIGN
0,16180,8,3,-6.737781052411179,0.9460213842185119,623612.4193581523,17980.84990801313,DrDoS_NTP
17,-30330,1,0,227.98221939517074,232.5338032019669,448561946.91984415,2001192.8421480146,DrDoS_SNMP
17,-5102,201,0,443.2241293996167,443.7525752256533,906554.6801510414,10528.031387547604,DrDoS_DNS
6,-44558,3,0,5.356595380307595,2.330096888090948,3600801.8031231863,1998073.2271604827,BENIGN
17,82780,2,0,1472.2362887162783,1470.42396902494,2938338769.96544,1999599.5458416701,DrDoS_LDAP
17,63681,1,0,1473.665444754806,1478.1923788320123,139233624.75663978,1003755.314272095,DrDoS_SSDP
17,107769,204,0,447.44297692322255,446.4007740071893,-2067649.201368504,17326.545595027474,DrDoS_NetBIOS
6,174003,3,0,5.074945271668316,3.1723825678401445,-2018613.671618256,1999989.1829477474,TFTP
17,-86993,1,0,1472.038088120486,1479.8581903948375,2926761433.1732554,1999510.9425688707,DrDoS_MSSQL
17,58669,1,0,1370.8921940642076,1399.8226999813994,1247454496.17516,1000807.3402791162,DrDoS_SSDP
6,108901,3,6,-1.2126569944003123,2.7755730952487,-917749.3864937213,28051.695491935065,BENIGN
17,34305,1,0,226.62948748312667,230.7144853322187,422215580.8233603,1996558.4600896828,DrDoS_UDP
17,3578,2,0,1477.1015398971701,1479.7408928101593,1473909769.6827912,1000984.8882647284,DrDoS_SSDP
17,136387,4,0,395.0098562237731,333.83447237301147,2940780.297923173,2778.534385294437,DrDoS_UDP
6,49833,3,1,2.872034976602853,-5.282352577469567,4262036.446470267,19928.957175141557,DrDoS_NTP
6,116766649,17,2,-7.790340363177795,-4.666182154992427,-3052626.9182063937,1542.9775077987451,Syn
17,23378,3,0,721.0189748855165,324.74359350384236,7983048.8222504025,11157.232554291488,UDP-lag
6,-24262,1,0,2.744207583546727,-1.8687980409882887,-3358597.5648167077,2000059.0847827343,TFTP
6,125090,4,2,-3.2878179881163114,3.6483144644540375,-3695921.63866595,20404.13284169197,TFTP
17,4579,4,0,1475.3245300691385,1476.95210032442,1480973980.6264217,1001912.1871383733,DrDoS_SSDP
6,4534699,4,6,4.4835553219908855,-0.14594365984937396,5362051.172520686,9113.578357307782,DrDoS_NTP
17,9342,2,0,387.04662486823656,390.48260539372683,777751941.5936489,2000089.015840774,UDP-lag
17,-44343,3,0,223.82419662112088,229.06459052847765,471546121.3347731,30527.950458137937,DrDoS_SNMP
0,93041110,6,0,-0.3885674612964655,5.702530887811981,2988725.2246661116,18103.31607712077,BENIGN
17,17835,1,0,1384.7061048247851,1378.0931564546415,1473581816.6254041,994505.554475137,DrDoS_SSDP
17,104129,198,0,442.386723241372,443.5515746310828,3192082.2878545183,7971.652655877218,DrDoS_NetBIOS
17,-4390,-1,2,14.078857127348723,50.58228539516675,-3133187.1291258344,15734.6286251589,BENIGN
6,89666,1,2,-2.2610185121525954,-2.167161015682258,468873.9577582651,2003062.9731102057,TFTP
6,3520216,33,7,559.7718425664647,3.4367119602538048,3891020.4434378,-889.7683269922309,DrDoS_NTP
17,-48940,3,0,225.91237053830838,233.6954534940332,472729862.8649765,2007621.9471794146,DrDoS_SNMP
6,12524631,3,0,5.266820475270468,1.7738431124156,-3151430.235891467,14529.614076769967,BENIGN
17,7977,5,0,1474.6512634725675,1473.1266597720994,2934769670.5164876,1997607.9937975034,DrDoS_LDAP
17,-30193,2,0,229.7632700861117,228.04026381145903,433615003.87514234,1996348.0835652153,DrDoS_SNMP
6,93491,2,2,3.9994658024755316,4.751947664167308,4231109.275095382,21516.751704476814,BENIGN
17,66812,3,0,1472.7375355994368,1472.1217508521775,2931540539.434708,1996274.0700830428,DrDoS_MSSQL
17,72117,2,0,1462.8530746588683,1463.069180797156,169289522.3545018,468131.94459286437,DrDoS_DNS
17,73343,3,0,1478.6008265958226,1480.3561059436781,2934266578.492582,995394.5101908287,DrDoS_MSSQL
17,86602,0,0,1103.459433656482,1477.3692567792882,1011485253.1569506,2001322.1862750591,DrDoS_LDAP
17,36085,2,0,1470.9662378232235,1473.3740946214307,2961317355.1062293,2003533.1986895404,DrDoS_LDAP
17,87861,5,0,391.9230379462191,331.6252130168622,-215406.82088294718,995952.5107155101,DrDoS_UDP
17,-59391,3,0,1475.4637142337424,1477.514321579114,1464708058.6250288,999591.258547268,DrDoS_MSSQL
17,7281,1,0,230.36216850355189,230.5332832274801,462991426.16879714,1004581.4714299961,DrDoS_SNMP
17,83756,4,0,388.6430109457884,392.5055004960386,768676959.8115736,1999238.5901693706,DrDoS_UDP
17,105992,2,0,1469.2232675336086,1477.5589228038582,1471161792.1669931,996189.4621328702,DrDoS_LDAP
17,37433,4,0,1431.2835226539703,1405.9962952218914,1304933496.161702,996414.2619873586,DrDoS_SSDP
6,135509,2,2,2.062720903693224,-0.8186391894996057,-1175920.5916748948,26431.380000645313,TFTP
6,8749,0,0,5.80910335254047,0.725501481235344,1654589.8008188799,2000077.3773233192,DrDoS_MSSQL
17,3452055,3,0,399.45485294291575,331.7138585389145,3647329.5901720347,4879.845934798202,DrDoS_SNMP
0,103730288,202,0,7.044440425603926,2.2778431864949935,3374714.6728269905,-6587.112821882005,BENIGN
17,-34797,4,0,222.26390451850673,226.24383651458172,200474023.21876457,1003757.3162329837,DrDoS_SNMP
6,29839,3,0,0.2926835034696335,-2.701364140057903,-3478117.7764481585,1998761.6116540537,TFTP
17,19482,3,0,1005.7910873629892,396.22670177861704,438046234.44128543,1997616.5190482368,DrDoS_UDP
17,4622,1,0,1459.6771697290458,1469.1351719290365,2925859788.884625,2000594.3105273484,DrDoS_LDAP
17,53559,2,0,391.4726260644974,402.561542451429,1274624.5636379907,2000521.1193327417,DrDoS_UDP
0,101082121,35,0,-2.431984782556371,-0.1050819316021351,-4288891.861705778,3298.396198359983,BENIGN
6,70927,1,2,47.88935042569577,5.272753498778924,504731.8599458544,9141.267738679948,BENIGN
6,60526,2,2,5.269283516801092,0.8830072795083068,-575260.9866392789,4967.76630635176,BENIGN
0,107063736,26,0,1.2599362190396979,1.6362727349466226,5727939.220876404,-1790.6780953443304,BENIGN
17,91310,2,2,1470.6100759662888,1471.6234280749538,445630.59860008734,28258.061238117,DrDoS_LDAP
6,12901635,5,0,1.0688992280498155,-0.44874746217645656,-60390.34006946883,7874.559161095747,TFTP
0,102780723,41,2,6.5073009300571885,0.07234537184872668,-933082.2501372162,-9687.636269630875,BENIGN
17,188230,4,0,393.4818073297581,331.16195393265764,5397478.45696905,4120.256523512655,UDP-lag
17,-64821,3,0,396.2999726173171,323.0476411263526,-2884494.2116116798,-2148.8972709445534,DrDoS_UDP
17,-19373,2,0,431.37925702325214,226.20162017830975,3568726.451988576,11255.346191395323,DrDoS_SNMP
17,32966,3,0,1470.954228292292,1469.3094634809836,2939558016.180372,2000705.3027290567,DrDoS_LDAP
0,-182988,7,0,-8.055863806828855,-6.804570908383522,-5999273.0427184235,21154.575263181116,Syn
17,118643,205,0,443.8642744422341,442.1461332777771,-3548534.815711138,6788.461399787604,DrDoS_NetBIOS
17,-72029,4,0,227.187188598458,224.01382496742892,468106894.3272235,2007711.3656860793,DrDoS_SNMP
17,-23197,2,0,391.77556175895756,328.3312651503046,126680376.8117972,11324.091049289249,DrDoS_SNMP
0,100118871,234,0,5.713861542995336,37.936112646910495,-1449940.3012519728,-8730.67447780991,BENIGN
17,-6557,1,0,1471.410621107123,1475.8107541224263,1483440628.2451284,997817.6252963829,DrDoS_SSDP
17,56288,126,0,432.00814751557294,430.56297914892735,-342142.51354798884,-3396.104749852215,DrDoS_DNS
6,137541,4,0,-0.2969199619999341,-7.389645577935047,-9710723.651251115,-3847.17875090298,Syn
17,83235,3,0,231.8075419163244,234.32454788468561,433323424.09758204,2001193.2955173752,DrDoS_SNMP
17,73441,4,0,1465.1022378075877,1472.1849146204015,182583845.55625293,11123.345723485589,DrDoS_DNS
17,95238,4,0,1474.8638234337216,1471.4355757849212,2925438751.753306,1997257.3752751544,DrDoS_LDAP
17,98972,205,0,440.29184745918883,432.91260646806336,4658844.955623666,4088.206252092573,DrDoS_DNS
17,85088,3,0,383.32155541066953,43.040361276266914,1533771.5874033868,12189.728409622718,BENIGN
6,10067,1,0,9.07790675350387,3.3914883333619725,3229688.362509706,2003534.4823986364,Syn
6,-11068,4,0,-1.4752573345097615,-3.025911730614003,-6673564.724555795,1999073.1080981377,Syn
17,136594,206,0,392.6562702277188,333.636769907825,5787419.361411149,653.7547255256923,DrDoS_UDP
17,-17675,1,0,389.33260130907314,387.66184786134454,777357445.6718297,999537.4890690881,UDP-lag
17,-25257,3,0,390.93924393736626,329.98853436620345,782916686.6686864,2000074.9954834813,UDP-lag
6,13138315,4,0,4.184412186017629,0.6274147423868408,-3946547.202415061,27927.561403485844,TFTP
17,9481022,224,33,426.03259765416584,326.612034265116,-4946019.497592033,-23956.988864905394,DrDoS_DNS
17,43513,3,0,42.39517614679142,236.96041666899237,137168030.293933,1003343.4722249262,DrDoS_NetBIOS
6,-12365,5,2,580.7124494008636,5.008291313114335,2065688.8867643378,18954.822397994416,DrDoS_NTP
6,-103415,1,0,-2.3053811495990564,-0.9315523501447289,778727.4114449957,1996548.4200003752,TFTP
6,-15443,1,0,-6.09793592631237,-1.8536616022812733,2369476.6497157323,1999790.825003143,TFTP
0,107600752,39,0,3.3550726832865503,50.90677852861615,-2566042.428246784,-1444.3942456143213,BENIGN
17,26556,2,0,213.69800856368835,226.57250969063182,440038194.1494603,1999961.702511179,DrDoS_SNMP
6,4734406,6,19,961.5756098314517,38.77895950969758,851101.7918670444,-7561.237780944379,BENIGN
6,104270,2,0,-3.7928460283710765,0.04783262993209306,-3625410.1144759282,19944.77122202911,TFTP
6,1137,2,0,4.348908728289025,1.2872754723517648,1594278.3539800155,1998643.8796575041,TFTP
6,14951967,3,2,1.7359704092482722,2.4170244567587686,1203202.5063917267,25252.088256811367,Syn
6,25855,0,2,0.3646157873990134,1.7064288480053782,-1241089.4227176153,17421.510731168513,TFTP
6,62656,1,0,6.168835467008773,-0.25441148342390424,-1082681.9530310535,1999528.2554422338,TFTP
17,17325,2,0,434.96110592555937,445.56214633327653,2198096.761917432,673045.9880785303,DrDoS_NetBIOS
17,-60862,1,0,386.2283033564259,230.13794192998483,454007993.8546356,1999772.0915015908,DrDoS_SNMP
17,-108268,194,0,225.5401856645091,226.17099179759225,5467428.976904757,14962.353093285668,DrDoS_SNMP
17,33104,1,0,393.2605223910069,396.9986718999861,784846128.358338,10845.620332422533,DrDoS_UDP
6,113097,3,0,-6.3082339821036015,-1.8927911255659395,546098.6091723333,1999984.1712813762,TFTP
6,115219340,18,2,-2.6387134167989896,0.5855025365289804,-4016788.1561321886,10728.316382340114,Syn
17,39306,2,0,228.65626354576847,230.93301352453378,6390141.39524486,13154.921366068365,DrDoS_SNMP
0,114095100,44,0,-4.93342851623314,-3.449765212723167,-5288744.243975625,-12360.677996489536,BENIGN
17,160008,4,0,449.742725891751,442.4733030158219,-3280628.173544461,4249.574560718821,DrDoS_UDP
6,138984,3,1,-1.0641994458377602,2.159059623539997,2545207.071821617,11397.76732902457,BENIGN
17,-1611,1,0,441.3463639544518,441.81539493933775,1122582839.717331,2000588.4457778884,DrDoS_NetBIOS
6,15367859,8,0,1.8406016551758022,1.7792823239736062,1423897.8011449296,9269.855844598771,TFTP
6,5650078,36,7,2.0387446883209046,-3.4049687374551527,-2324532.780995638,-3436.6984876227307,DrDoS_NTP
6,125065,6,0,-1.0164272080684322,0.3763433451500389,-352061.4177142689,23814.583193744467,TFTP
6,149969,3,0,-1.4500358959453403,0.9329914891153825,-3055518.9085585345,1999045.9136665836,TFTP
17,20710,3,0,231.04079674068342,225.78758676602084,441029817.4056004,2001081.009364211,DrDoS_SNMP
17,42660,0,0,1335.7192336883875,1364.2951904384204,2596983850.8315644,997207.9906257724,DrDoS_SSDP
17,7925,2,0,226.02690751062386,227.94155750095715,456111313.4193682,2005787.36042663,DrDoS_SNMP
17,51689,1,0,1461.0993547604166,1471.0643957740488,1096696091.0747867,677411.6477016025,DrDoS_LDAP
17,-47121,2,0,518.1879895486953,1466.0336781116673,939054136.887053,671383.3926772618,DrDoS_DNS
17,18920,2,0,1468.3495406310074,1469.9364337191594,2935723149.704456,1999508.2224493332,DrDoS_LDAP
17,-119327,3,0,384.70983735817236,396.59143314139783,780781767.1323302,2005224.5336078415,DrDoS_UDP
6,111852474,2,0,0.5998480916214896,1.374875638835535,-2653341.6692182813,14899.867336622468,Syn
17,41805,1,0,1465.1113080164164,1465.9183621009586,2919790703.89946,2003284.5296535352,DrDoS_MSSQL
6,-10891,0,2,7.799842845979779,0.9934845139567215,-949879.0933036904,2624.6988578220244,BENIGN
17,-19938,1,2,43.6618296028547,51.253311978281644,977350.6992616566,13048.570428036866,BENIGN
17,23025,3,0,1411.3867577459314,1414.0720094297508,1263760483.4309855,997928.2270965697,DrDoS_SSDP
17,76671,2,0,1476.6633364043882,450.26583534049666,923235233.1915213,1997396.4760551343,DrDoS_NetBIOS
17,77666,203,0,447.12928359300304,447.81329299005324,4026568.734511153,9077.532991689151,DrDoS_DNS
17,8768,1,0,394.11516727293656,395.627501614744,763864373.4309527,1999154.2543854483,DrDoS_UDP
6,69474,2,0,-4.236565288312866,-0.8991635229382046,-2145267.495241401,1995127.5039945953,Syn
17,-14976,3,0,1471.168149599544,1474.1168395191958,1458638047.1501157,1001374.4135137693,DrDoS_SSDP
17,79717,4,0,376.28501942525634,398.5899270415041,-1853710.6316206243,993714.4904078835,DrDoS_UDP
17,-89149,5,0,1469.468587645554,1471.3267845046955,2927461611.829947,1996409.9041299997,DrDoS_MSSQL
17,102695,1,2,44.60168964659435,42.39927611920507,-229763.0271200689,20381.223207189913,BENIGN
17,40754,200,0,551.9995544840258,432.2041422737486,6052172.569137789,3356.9997687994555,DrDoS_DNS
17,-22488,2,0,389.0939950136302,393.8597975934786,787306302.8633572,2005042.8802676515,UDP-lag
17,-121948,2,0,384.2626323658474,386.047837809774,769690776.3667281,2000786.7091980735,DrDoS_UDP
17,124858,6,0,394.36113725758236,332.97379629054166,-1662838.9999562108,-8959.654160882099,DrDoS_UDP
6,4625,2,2,44.0852966817303,-2.706883691532721,-1461079.8594117893,-2404.597160477173,BENIGN
6,-7331,3,0,-0.7039747715674981,3.305839121056418,-1914752.4576824491,2001711.1623704766,TFTP
17,-26938,5,0,230.4958540193736,227.83561923615957,413229959.2877004,1997992.957979909,DrDoS_SNMP
6,45578,2,0,1.3663569048976834,2.3035282784115507,1385488.877227081,2000453.4549863474,BENIGN
17,39373,4,0,1471.875295599179,1477.559053971875,2911980441.954126,1996517.8725165394,DrDoS_MSSQL
17,49878,196,0,441.1821370984371,435.9600895367421,911811801.028669,660143.2729235977,DrDoS_DNS
17,95874,2,0,1473.7955164071134,1474.355994241068,952871561.7869654,674070.1892354399,DrDoS_MSSQL
17,-18164,0,0,451.059907110663,443.22485423032134,932426178.6179777,1998356.6117410099,DrDoS_NetBIOS
6,28776,4,0,-0.77547215502181,-0.6331423445077228,-651851.488507502,2004017.0786872653,Syn
17,6583,2,0,380.9081940876888,226.21417090778309,7699183.890644752,404048.57717623306,BENIGN
6,53934,3,0,-2.066673476436631,-3.451097571674143,-2999208.5762722064,1996617.4068673237,TFTP
17,83224,197,0,437.1898500279594,432.63338374141136,146693733.56566697,13284.71846805772,DrDoS_DNS
17,112157,211,0,392.50615221030716,332.52933816548796,7732306.762881018,2838.738303550921,BENIGN
17,36978,2,0,1472.994928603088,1474.6791843294773,164332302.83912945,995939.9051864359,DrDoS_LDAP
6,112033022,0,2,-3.744738141775598,-1.6493600710170557,-4049399.413962368,8940.55136178799,Syn
17,10530,3,0,394.2572649106694,393.3622867806744,773620547.2435553,2003613.8414907865,UDP-lag
17,24801,4,0,1470.4980500164766,1471.1077624539455,159111658.3377947,21825.73260743643,DrDoS_LDAP
6,58174,4,0,2.593041441115056,-0.6541534459747456,-4529388.211799013,2009018.675755879,Syn
17,-172376,0,0,235.2067054388205,229.8861974054909,5168241.381732963,19072.17681014487,BENIGN
6,91373,2,2,7.34020476139949,3.0825428431794752,9176479.883029044,19189.2701767474,TFTP
0,83301012,7,0,-0.15974345164908982,-0.24470385413690576,-578817.4583462304,4054.501344622062,Syn
6,3413059,5,3,59.15801389766776,1.9964943470761605,2086591.5965935132,11552.649781977058,BENIGN
17,100239,2,1,43.364463521396104,56.45716948485692,2949581.6225617807,-825.5927046803208,BENIGN
6,113999262,2,0,-0.73855672590556,0.7933976744853916,1270029.5042852878,13317.426551157187,Syn
17,105317,1,0,1475.7719266522508,1469.023973510751,2935681338.1555343,2002514.3204290464,DrDoS_LDAP
17,204129,7,0,387.7284852592063,335.2092429984821,-1624088.6376760758,-12588.027877490415,DrDoS_UDP
17,33348,5,0,378.87212251828424,324.3169785315831,4387940.564408102,5009.992733865578,DrDoS_UDP
17,17707,3,0,390.56993302397836,391.4942087694028,948097440.1694931,2000842.1121192202,UDP-lag
6,-98998,16,0,2.5679720631098806,-2.6218342620771904,-1117503.6749924638,6897.775666815525,Syn
6,5509205,5,7,-2.695916804533155,2.3690402795022307,-691438.7939766084,4478.019446938412,DrDoS_NTP
17,-55726,2,0,1377.8727353068152,229.27096040475138,443203252.38040876,2000879.901982119,DrDoS_SNMP
6,-210,1,1,-3.7861044343903485,1.4782351550342148,-3478534.9059272027,8591.044148198833,BENIGN
6,40555,2,0,999.9919257848136,1.7314088077595082,253449.26358263078,26260.116795177182,BENIGN
6,-51192,0,0,-0.35092731931551635,-1.9619058075542932,1502188.0041427796,1998691.28207171,TFTP
0,-111992,215,0,-2.7104459848263938,2.01788401996937,-6014705.222904549,3507.8910259105824,DrDoS_DNS
17,122171,4,0,398.4004454653476,334.1414674586879,8755174.814424487,1662.3232585536898,DrDoS_UDP
6,13551202,5,2,-1.2536744208037784,0.39234725576874074,3865986.5009640893,18994.152490501987,BENIGN
0,87994047,220,3,2.015821619644798,47.28224105266231,2978208.139647804,4047.3976715259814,BENIGN
6,64696,208,0,443.8928984382758,436.48044480469696,5062803.987423314,2055.2580268210177,DrDoS_DNS
17,73430,3,0,1480.5656407985477,1359.9249067081264,2917035805.2132006,1997179.0082103068,DrDoS_MSSQL
17,107380,4,0,385.0001603193717,51.2324344777574,5340726.837125739,2941.6266340988805,DrDoS_UDP
6,149218,0,2,2.3450134500062547,5.583039979473708,4222998.334639595,21126.35462235454,BENIGN
0,95995837,43,2,0.8635479908506369,-4.636783057169502,-1798716.3777356835,-6080.182003988919,BENIGN
17,3649,0,0,1415.3833436205564,1393.8554254805097,1318344321.9859986,995412.6369711,DrDoS_SSDP
17,18043,4,0,1464.1855262650313,1468.506195522888,1466311696.369069,999645.1498973347,DrDoS_SSDP
17,16205,1,0,722.5996332379395,440.2033641320615,1264172343.2158256,996732.0825231249,DrDoS_SSDP
17,17314,0,0,1471.8073427043093,1474.4602815980704,110961692.41099149,1002404.409313201,DrDoS_SNMP
6,121993608,4,0,-1.6709774633212982,-0.49401336158650067,-1735718.2842071417,5538.511498790775,Syn
17,-75114,0,0,229.72840198058915,232.690541784791,450881845.44255966,1997406.1780821506,DrDoS_SNMP
6,4932416,6,8,448.0982816037637,0.5176742891589909,623747.1006426507,1295.6870966362094,DrDoS_NTP
17,37238,4,0,1477.9778904781103,1478.9405541735125,2944965503.222147,1996308.8662780963,DrDoS_MSSQL
17,80327,4,2,41.466187811534716,44.99729025131006,-261107.99903171952,18930.43831817412,BENIGN
17,116000,195,0,434.7207782150084,429.99662717494,4780265.065873314,-5367.6905228647865,DrDoS_DNS
17,15489,4,0,549.2956014820913,523.8817863311091,927336447.0786417,2000725.564886706,DrDoS_NetBIOS
17,53466,6,0,1475.6052037934514,1472.622817214888,692947476.6718415,1993625.6117633278,DrDoS_MSSQL
6,115961479,17,2,-1.1218425238333496,-3.757339391267749,-7503396.849074787,20083.519240886722,Syn
17,71998,2,0,224.89132301339384,231.77555843207514,453645098.18223184,2003007.651483764,DrDoS_SNMP
6,132419,6,2,383.34146056439954,0.7716798362708264,277302.68131448864,3697.664208836387,TFTP
17,28707,3,0,1467.2856294239264,1475.0246729807584,1467483979.798556,1003239.0852521148,DrDoS_SSDP
6,155541,7,3,-1.8657102898414637,0.781619964407991,-5195600.895528091,10213.019753091821,DrDoS_NTP
17,-67772,2,0,402.7047096484474,392.0902301827602,761592690.253064,2003289.7587969308,DrDoS_UDP
17,-72754,4,0,1472.7959858979925,1471.7377751478145,1463013874.0964596,994256.8651753652,DrDoS_SSDP
17,128340,5,0,390.5653921875095,323.3972345269825,324646.3403398853,7083.978243325353,UDP-lag
17,-90324,3,0,225.1221070677802,1463.895599031876,434361870.23149025,1003229.5850322492,DrDoS_MSSQL
17,-20622,1,0,1468.2020690156182,1471.5804978150945,1460836113.5667443,997788.8002463675,DrDoS_SSDP
6,-2828,3,2,-0.8292198028455543,1.9525990953377772,731812.0885625754,15650.899998266426,DrDoS_NTP
6,13244262,38,21,870.0146564909396,0.015749960332109063,-3811113.2595772753,-13560.41792322103,BENIGN
6,12207,3,0,1466.0491724439828,1466.8024134542438,87530721.0255185,663934.0348316501,DrDoS_DNS
17,-79681,1,0,735.620688416574,593.2381266161519,931247914.5015851,1997468.2655924635,DrDoS_NetBIOS
17,-32469,0,0,925.2195033615889,651.6530900329682,1327044926.8511858,2001368.0180652596,DrDoS_NetBIOS
0,107349446,35,0,-0.6540873277653111,-2.4047974154048184,-3185742.759254584,-15474.036568700783,BENIGN
17,46092,1,0,1474.7718948326478,1476.17150423103,1461195470.4771984,994998.0792439932,DrDoS_SSDP
17,-17362,3,0,229.87198253279175,396.94419615885516,432310773.98830616,1997967.6539401219,DrDoS_UDP
6,-36850,2,0,-0.40309306440748877,-1.1782103913522028,-11871309.404235026,1998265.4866897159,TFTP
6,100967,0,2,39.45268146011614,48.7387769452608,-61097.903329933295,16575.02202914517,BENIGN
6,24159,2,0,0.14223145603765489,1.2343420906331444,-5445152.766924448,28469.49773631386,Syn
6,-81656,-1,0,0.8459859663410523,0.18148710042277055,-3151369.035427361,2003558.0297770903,TFTP
6,33161,2,2,-0.8517722996962581,4.106543250142565,462518.0345588252,35004.18625356817,TFTP
6,36259,21,0,4.585900566592337,0.20506784120734495,3906692.0570185883,2002228.62429607,Syn
17,69961,5,0,384.30034411453397,388.29053791728074,749745865.6668283,1996833.46680639,DrDoS_UDP
17,-9263,2,0,1475.2611004797568,1360.2677749838099,2564113182.31621,1997828.592841234,DrDoS_MSSQL
6,78939,2,0,1.2838025724768682,-1.9030912340741613,-889575.4307343836,2001361.2349175368,TFTP
17,-166914,0,0,396.6785171078583,387.19583311596136,757237143.1449126,2000115.8546160464,DrDoS_UDP
17,118187,201,0,1464.4783704380268,1459.6117622731615,1681785.689950631,661298.5431955538,DrDoS_DNS
17,49546,4,0,394.713296841115,402.5327643399866,782926831.6407446,1996441.105063508,DrDoS_NetBIOS
17,-13869,2,0,1473.5783151512073,1475.481404992938,1461632557.2840564,997897.0525459767,DrDoS_MSSQL
17,-46122,1,0,1470.163487573662,1476.2292667608976,2943050004.5854607,1998233.3279989394,DrDoS_MSSQL
17,41944,2,0,1465.6945243434393,1469.207056686866,159317739.0262146,13719.487806749785,DrDoS_LDAP
17,39440,2,0,873.434375969494,653.0596835887175,1215949.7007560323,999672.5470207117,UDP-lag
17,-4159,2,0,239.28951952679748,831.7198195326911,454366770.7422449,1998689.5265698892,DrDoS_MSSQL
6,14590570,19,2,-6.519006893676338,-3.527347013712767,-1867668.6322064188,9603.436861339454,BENIGN
6,201286,5,2,48.59700768402905,4.089432839760506,771555.4149516912,8519.719227573396,BENIGN
17,-23282,2,0,896.3610845899326,482.2514345599274,2582966059.4786716,1993666.137495808,DrDoS_NetBIOS
17,25417,204,0,442.311766503819,446.01929936212986,132866959.64879656,997360.5232697912,DrDoS_NetBIOS
17,-50353,2,0,445.7758487751267,434.59066018385,906734851.9870263,1999945.050109987,DrDoS_NetBIOS
17,164021,6,0,390.37925474840205,328.7086069898835,-1014403.708934759,-1255.4007341258912,DrDoS_UDP
17,-97670,2,0,386.7748233783002,391.2583319140188,777036400.6535524,2000270.5090474659,UDP-lag
17,-46119,3,0,1469.9782747180386,1476.0692546628613,1466221194.5720623,997656.3838669542,DrDoS_LDAP
0,102609661,43,0,-0.8054045606729151,0.6703201311005992,5535690.578769584,1268.7635980676641,BENIGN
17,91226,3,0,525.1022892931927,576.02221331503,6109124.4326048875,25627.49023582253,BENIGN
17,-12116,1,0,1465.9587684944215,1470.9141550482273,912001345.1161485,670815.7593690299,DrDoS_MSSQL
6,135638,4,0,-3.6175342697686284,-0.19801056560568991,-1244862.646068279,1997799.4500422913,TFTP
6,1397844,36,6,5.474110302709411,3.1410526561487275,9411497.181046177,7562.107998321818,DrDoS_NTP
17,-18180,1,0,1476.8136708422098,394.12574910394505,2931010259.907871,1997564.5752103417,DrDoS_MSSQL
17,10518,4,0,1472.0379635842569,1473.1318939029877,2911467917.4403515,1998055.5752585682,DrDoS_MSSQL
17,-33491,1,0,1461.0721780918163,1472.5786307211617,2945226900.621333,2000759.1040414493,DrDoS_MSSQL
17,-42928,2,0,1471.9182209567236,1469.9851795458123,2935865990.4893365,1998263.6939546624,DrDoS_MSSQL
6,-35179,0,0,-3.8499216076288105,-0.06119987619306262,-3129914.5148346415,2000539.29642937,Syn
17,-21842,3,6,967.8689190813101,781.9882457269139,4806127.361997173,16372.882102153802,BENIGN
17,4048,0,0,824.6183525302308,391.6589606464126,436806954.8515055,1999538.297464062,DrDoS_NetBIOS
17,-9589,1,0,691.991998371367,556.2301779537897,170280724.02210048,14545.785039915518,DrDoS_SNMP
17,-115170,2,0,433.3852742484451,1466.2670063970747,1235993964.923418,1004898.0548327009,DrDoS_SSDP
17,61733,1,0,437.8948996670529,727.3600078375792,4290280.460655622,21849.804241147373,DrDoS_SNMP
17,-45722,0,0,594.3438411559265,448.5007672328457,894413487.9091557,1997756.113007504,DrDoS_NetBIOS
0,107374055,40,0,-0.07133475738220536,0.5292522560547874,126172.9668179776,-6165.871937697189,BENIGN
17,18558,1,0,878.9548363133866,592.4856699695398,971489599.5032233,2002634.0710079041,DrDoS_NetBIOS
6,25872,2,0,3.487283397790539,2.8840264498919312,6114942.234618282,2002366.436728904,TFTP
17,4621178,19,6,46.16342629441271,41.52641010120259,-774354.4174949017,-14204.075389578538,BENIGN
6,13111608,7,0,941.4701906129583,6.082650240660553,4470073.1977781495,13705.391924696447,TFTP
17,161623,4,0,388.5678241624241,329.79091046013554,2751281.7845663866,1929.8487424208906,DrDoS_UDP
17,37504,1,0,1467.3172784611859,1468.793506327712,2945409906.0674443,2003133.0524955338,DrDoS_LDAP
17,-27768,3,0,1474.5684830683479,1480.0903771085977,1467536088.4468813,995628.2435590293,DrDoS_SSDP
6,103113721,12,6,765.8784053961638,5.033113027577777,-178000.05037073907,8184.594353099012,BENIGN
17,59255,3,0,1467.090974477459,1475.0311602346653,2917987258.947046,1993815.8908453286,DrDoS_LDAP
17,16324,4,0,389.8336416847983,392.5033836521668,783237376.7402486,2001122.954468742,UDP-lag
6,-24669,1,0,1.2808017410098367,-2.705827542543674,42514.88503775513,1994557.50778161,Syn
0,85590443,6,2,-0.148783056287291,4.1323910137915085,-884913.1901156402,9405.112234869343,DrDoS_NTP
0,111759427,229,0,7.284110663933252,-2.0367593712035803,-1287653.581094913,-8259.881142271941,BENIGN
17,4683,2,0,1471.2348656126005,1473.4064740905294,1455342683.8157444,656329.9932415661,DrDoS_SSDP
17,-64086,1,0,395.4514372985001,391.0347558450887,777944256.2867988,1994867.2965215521,DrDoS_UDP
17,52081,143,0,434.201718452837,440.3241521497921,119880936.69752067,4697.208766894769,DrDoS_DNS
6,5578368,31,32,59.23524462105817,1.6425935830297478,-2543238.007943566,1083.6730640412916,BENIGN
17,-4027,1,0,397.9279899606315,391.4531052462376,788524968.041494,2002046.4824146426,DrDoS_UDP
17,5070,3,0,40.686514868324984,44.71257360741369,6474576.025019212,21221.695155854315,DrDoS_LDAP
17,59959,4,0,38.75169567726217,605.7107558424655,101439580.39444831,994573.1094562976,DrDoS_MSSQL
17,15833,1,0,1476.5317444172485,1476.5789571805058,2920498810.1825976,2002520.537734703,DrDoS_MSSQL
17,53640,0,0,386.4317545162893,638.0944466775042,158489.09346269374,9010.195224164288,UDP-lag
6,43448,2,2,39.15682456792532,3.003257526102555,-110171.81758179236,12954.386118401999,BENIGN
17,45864,3,0,440.4979209921416,716.4409525527558,5663341.862588436,13458.03365324214,DrDoS_UDP
17,-21816,2,0,1473.2254865314467,1472.8155970159305,2933939924.6532035,2001564.2199367592,DrDoS_MSSQL
0,75500147,7,2,1.6282653330844397,3.6639880518610566,-344319.15637010825,7575.179623120204,BENIGN
6,39026,3,0,1.1961690050918332,1.3755783364550282,1270703.5398243933,17272.698597890383,TFTP
17,-58101,0,0,386.89067402038773,389.29475083739635,773285490.1490932,1995856.7958290712,UDP-lag
17,118181,4,0,1469.0117949442438,1472.5339709392672,70058998.29173693,1001932.7342199113,DrDoS_DNS
17,-3621,1,0,39.27669724301905,1474.9319550527457,186466542.0178179,2001807.1354720804,DrDoS_MSSQL
17,105232,4,2,46.821964396061766,0.5355235833214207,-1179132.5423481565,264.74141582115953,BENIGN
17,-26275,-1,0,377.3743697593897,391.9621595023195,783812009.2544254,2003173.946179959,UDP-lag
6,121928626,33,8,529.3824588522865,-1.8571401214893293,-9993988.388831576,5261.456986122859,Syn
17,52932,4,0,951.3232955723015,394.19180801402337,767267856.6454153,2004086.2075300692,DrDoS_UDP
17,66614,3,0,1472.3970489444594,1470.4364837493285,904697678.0376872,659338.3477165313,DrDoS_DNS
17,178571,206,0,436.567341633136,433.8531570002517,2286256.6344154333,4787.467575226054,DrDoS_DNS
17,19129,2,0,232.55302310192948,738.3591223502116,950941308.6267941,1999966.6609084217,DrDoS_MSSQL
6,88491,4,2,-5.093194447230773,-0.8649295335100372,-2174418.7794648316,31016.44291283871,TFTP
6,2619933,4,2,2.1506749623526504,0.5472334028492843,5129014.836894382,8324.32158152853,DrDoS_NTP
6,121735,2,2,-4.241994359571683,0.469373538325293,-752466.259403215,27741.014327707577,BENIGN
17,18630,2,0,1470.7680710369311,1467.5413774632007,2942244795.76523,1999993.19469569,DrDoS_LDAP
0,109013193,42,0,0.7227810202693378,0.8285633745603816,-2403969.64129101,-27882.52713068911,BENIGN
6,112942253,13,0,-4.426476558248714,-1.484241290998918,-2319106.071421734,-2798.9064606118736,Syn
17,-71,3,0,401.84812951495724,397.9813186310201,788578184.8394831,2005768.2578458292,UDP-lag
6,79386,0,2,-2.9224826724345854,5.846765162595647,-1362151.9934137964,15686.220269448298,TFTP
17,-27458,1,0,1466.7690554476078,1470.6051535220515,159152808.66055694,671499.3483822993,DrDoS_MSSQL
17,-20570,3,0,1472.3328368848129,1476.2492610999013,897737638.881989,998280.3411712516,DrDoS_MSSQL
6,140439,4,3,-7.404770564720758,-0.9042803788795835,-6795060.530116312,13686.862599836439,Syn
6,167217,3,2,0.6859898224473042,0.22132790447403455,-4085621.4991748566,24871.660573468325,BENIGN
6,-20178,12,0,-1.392406520376541,-0.8935147193658171,1555779.6215686142,15437.116400275869,BENIGN
6,-52979,1,0,-2.806865475512991,0.5128905229553562,-3349928.5727605764,1995947.0365588844,TFTP
6,-57719,0,0,-3.9863487892508984,-0.4065397913352817,2510670.6836029515,2001085.1064369695,DrDoS_NTP
6,32689,4,0,9.312888094141872,2.2740244952424775,9035110.03201906,16434.90294362657,Syn
6,-16712,26,5,0.39802653287021245,-3.3701406088901256,921875.3640969098,13514.622783701197,TFTP
17,-49548,1,0,1477.4772090800825,1476.8059487038827,2706217305.122318,1996209.331927312,DrDoS_MSSQL
17,-34168,2,0,1343.2289289340788,1365.80528368083,1341644499.8220203,1002888.6215399946,DrDoS_SSDP
6,14231599,6,2,-0.6762988403316454,6.805249584670528,5658550.510464274,27857.382888640546,TFTP
17,143521,5,0,388.61031030540147,331.74105320949724,-3378502.7473444026,4453.8600279989605,UDP-lag
17,-23650,2,0,381.32017990438624,389.2519006624917,777229530.2367996,2000119.8668189365,UDP-lag
0,75297144,32,0,-2.0805075920364104,0.48386097768365893,2091423.0779693595,-2259.566722437512,BENIGN
17,72861,3,0,226.98562155400245,225.9999679754928,473245316.6679288,2004292.2330485557,DrDoS_SNMP
0,87670955,39,0,-2.542888587183,-0.7959872614258051,-3026755.2272744477,-9012.083888606361,DrDoS_DNS
6,-66168,2,0,3.250286709070665,-2.278870460838241,-1255354.4993162972,2003172.8059927349,TFTP
17,25250,3,0,1408.10259514652,1401.331094490011,1343837602.8471806,2001232.1069751433,DrDoS_SSDP
17,4651,3,0,228.2032828432284,232.1471646078788,190355186.19823533,1011634.2753190565,DrDoS_SNMP
6,3920630,4,2,2.3670219726394333,2.971721563550115,-3516382.024515584,21323.219927688464,DrDoS_NTP
17,-31554,3,0,873.8735548856262,1365.367741286284,1119727578.3148587,2000924.8934478937,DrDoS_NetBIOS
17,33766,2,0,1474.4017676917947,1481.0260583013896,2935273547.3853087,1996876.9477495535,DrDoS_MSSQL
17,113104,2,0,1467.6131066114435,1476.5863172287393,446693051.42235327,1001761.0709590982,DrDoS_MSSQL
0,-51171,8,0,4.3913692748803586,3.1567720572273164,2166486.319571563,30088.99428382717,DrDoS_NTP
17,-19773,2,0,384.88613482501427,383.0514720253385,440040095.66172683,1999325.9428758041,DrDoS_UDP
0,101259012,29,0,-7.037478590997572,0.4835283859206058,-690797.9338535587,6768.550323880247,BENIGN
17,-33525,4,0,1470.6901236600172,1467.5016991380905,2909212073.230921,1999745.0397705873,DrDoS_LDAP
0,73490329,36,0,2.3050685719652524,-0.3524576650003532,-868636.5508940753,-480.9155556457008,DrDoS_NTP
6,148490,3,2,0.6478052818373803,-1.207492741775354,-6214777.592762794,29439.284256978044,DrDoS_NTP
6,87560,0,0,-2.2620678997759716,0.3646536382666387,-3335837.9711692175,1995896.609620919,TFTP
0,110562086,46,0,0.9191700215248939,1.3884598351002457,-3688444.9819675516,-21066.385310024096,BENIGN
6,15383,2,0,0.6753936630542732,3.843887937978935,2271100.326058194,32233.01681220472,TFTP
6,6522,2,0,1.7564529908307727,3.153712058081768,-851428.7519795846,1996024.5551183019,TFTP
17,-53821,2,0,231.34695705399378,233.98121208798534,447493278.2840216,1999219.371830579,DrDoS_SNMP
17,42734,1,0,444.81081923044417,420.7465549920489,941681579.09519,2001469.9247784782,DrDoS_NetBIOS
17,-31276,0,0,1472.0806935400694,1468.5568872768451,2924000319.0695076,1997991.3873559034,DrDoS_MSSQL
6,203391,2,2,36.02361069490598,54.20986933324528,5793046.314608841,13170.03659633427,BENIGN
6,111374814,3,0,943.888534974428,1.5656910195186433,1553137.5834409052,5746.065521996708,Syn
6,119072777,4,2,-0.8903009167311103,-1.751961227091895,-5973288.077243262,9148.874372044935,Syn
6,180877,2,2,0.778127789803652,1.6168091174970796,2920646.8215589738,17352.445702642664,BENIGN
17,178237,5,0,393.45742568504465,330.0387652134655,6129231.469294901,10574.305609273792,UDP-lag
6,86125,2,0,2.6798386754242385,-0.7143858640611387,-1015456.7327097219,2000471.1638976228,TFTP
17,-71386,0,0,445.8033688985639,444.7386685878303,893763214.9595497,1997161.3779526243,DrDoS_NetBIOS
17,75864,5,0,393.1385400479563,328.6955944427973,-6780027.226639235,-6935.97016488975,DrDoS_UDP
17,64980,209,0,437.127497257927,438.8647403107498,2514204.809087811,1210.6532420041312,DrDoS_DNS
17,110792,4,0,383.52204087489383,523.3498222318086,-390971.89436650835,6824.974279501459,DrDoS_UDP
17,46476,4,0,228.66150892363032,225.5067308797665,413755626.6442678,1992463.2062197304,DrDoS_SNMP
6,50426,2,0,1.6386396465499264,-0.375182491035861,-6809239.174480597,2000799.0899564754,TFTP
6,130322,4,2,36.02501336510154,4.742788028362472,-10170605.412397748,-2210.0235116347303,BENIGN
17,-102269,153,0,448.53916160914264,223.0468666294455,3512375.3193928422,1197.7222468316704,DrDoS_DNS
17,2883,196,0,450.58927523533094,515.4342921130215,8742805.878520768,6028.029943349692,DrDoS_DNS
17,20998,1,0,581.3883598494714,592.9456897123653,991188243.7377222,998873.3385066626,DrDoS_NetBIOS
17,-66230,1,0,233.95069934789132,229.06751604667596,5005752.270567409,6649.655916257383,DrDoS_SNMP
6,46597,3,0,-0.8226702853607156,-0.3447753541120899,-2767168.627149257,2002781.114963377,TFTP
0,104950703,28,0,-2.650834122747937,0.7168253235249279,-3278810.949237426,-6371.06297891348,BENIGN
17,36145,4,0,1374.0779452747004,1473.529276193738,1470575636.856337,997752.5235365549,DrDoS_SSDP
6,6455267,9,9,517.2877388017549,3.0860563312769425,4739361.68200282,-8464.768400394856,DrDoS_NTP
17,102203,3,0,391.26304996783733,326.6833823724565,-1200625.9842886624,10364.472202182333,UDP-lag
17,-24356,2,0,391.4759427077442,390.75707736339695,774100282.9383677,2003456.318892638,DrDoS_UDP
17,32230,150,0,437.91344573936397,428.6361754901946,-1831221.0715998516,13105.672986575792,DrDoS_DNS
17,1951,3,0,238.83433623413086,233.65827835900663,248619414.85615835,26707.141125028782,DrDoS_SNMP
17,527,1,0,219.4166803481441,228.04316976089825,451286277.4286839,1998585.2633409062,DrDoS_SNMP
6,22580,0,0,-4.441144702976478,-3.8197247752653314,-1183792.0987360182,1999309.2285041078,Syn
17,-12187,1,0,1468.5044136265876,1478.8307267245107,2909098647.8000493,1999681.540344533,DrDoS_MSSQL
17,53450,2,0,1462.9597070244542,1466.3586647334507,114745309.99247202,1001070.0928355278,DrDoS_DNS
17,-48006,1,0,1471.4571381585833,1476.298866033147,2958796065.0636573,1998090.1079866304,DrDoS_MSSQL
6,-8088,2,5,-1.5426740018795266,-5.054860032863302,-305350.2976961881,31011.954315497023,DrDoS_NTP
17,25378,188,0,435.82177328784826,525.5699874653603,1177946.4605889837,-3307.7847244952027,DrDoS_NetBIOS
17,18254,1,0,1471.2085966159825,1477.6367569681681,2931774284.164367,1998018.0008717296,DrDoS_LDAP
17,7559289,4,2,31.79223963029862,54.14560831476418,-5394562.530647414,-13718.461366317671,BENIGN
17,-36784,1,0,230.44719208246818,231.85548166803815,458915770.45283186,2001487.7269016698,DrDoS_SNMP
6,107603,22,0,-2.300312464290861,-3.2013152372554634,1566666.2412971423,16480.49408654346,Syn
17,218776,6,0,380.9290782701965,326.04781147893556,624212.2107487092,-1032.3939117983882,DrDoS_UDP
17,4541,3,0,1474.5619035841023,1473.6337740636961,2931212792.4538302,1998898.9850181805,DrDoS_LDAP
17,-14714,3,0,441.8412664481644,1474.7002081031849,1240470338.636641,1999542.929297512,DrDoS_NetBIOS
6,38604,1,0,3.8446936178501976,-0.0625943436541085,-6832466.361147711,1994956.6871999183,TFTP
17,36760,4,0,1477.0651589148706,1477.1157892259298,1481478609.6490269,999438.8153436104,DrDoS_SSDP
6,105506,1,0,-1.525379235322556,2.7362859906395993,-1149958.442162229,2001524.3990590023,BENIGN
6,-6785,5,0,3.371892230280774,-0.6896946742972555,5460021.573363111,2007055.1094782918,Syn
17,-23746,1,0,392.8770998610734,400.791381478804,5459504.59049526,10422.64063654877,UDP-lag
17,14331,3,0,856.2002198768005,446.51279923844817,923387328.1866223,1991541.6953101214,DrDoS_NetBIOS
17,129155,4,0,389.13822153908734,327.9644634481686,9010695.878455978,583.4901580550832,UDP-lag
17,-12682,2,0,1471.7782930280891,1475.063246918012,2917494182.355828,1996118.2357349943,DrDoS_MSSQL
17,13501,1,0,392.79396753020086,334.2215162637355,6836863.446069971,17370.089378503253,DrDoS_UDP
0,120601102,240,42,-2.9757329706700144,-5.555286529899185,-1325954.3347023327,-14723.447453474531,BENIGN
6,84719,1,2,-0.884388077050355,3.985636323105231,-4032282.073628597,-1818.343148079979,BENIGN
17,106514,3,0,391.73683799425083,330.1753718116108,5360104.031438968,17077.98865093,UDP-lag
17,138469,2,0,1480.3712888830437,1478.4962676052928,960383607.5583829,2001047.8743639675,DrDoS_MSSQL
17,33958,6,0,391.3561257124519,329.0013975590436,2894939.942403175,99.62317634833744,DrDoS_UDP
17,101302,2,0,1462.070578494012,1466.9411250960372,151960720.6462481,27259.33562383506,DrDoS_DNS
17,-15691,3,0,1409.019554000538,1402.6400917737722,1469249553.8302126,998614.9568029889,DrDoS_SSDP
6,112312235,27,0,4.432378091794425,-0.453520604920017,-3628676.823459181,1996369.1949368857,TFTP
17,19986,3,0,454.67772834662,673.0487515290279,953129718.5617112,1001495.8611978759,DrDoS_SSDP
17,-43755,2,0,387.6648435016579,392.3956908463861,452705625.5135548,1995915.8067664,UDP-lag
6,77714,1,2,-0.785765345270283,6.241204496980113,-909829.0264305475,20596.085639436038,BENIGN
6,12467037,5,0,-0.06188473626542791,-1.4956693675127297,-5239756.493535075,1504.4755996179865,TFTP
6,-48395,3,2,2.7926278369688537,-2.843110975929605,4583436.857458913,1999339.5489167592,DrDoS_NTP
17,50084,2,0,1474.910579988999,1479.4003952775925,1467040295.770881,998376.5337534692,DrDoS_MSSQL
17,14273,2,0,387.1161150908007,394.13842368339607,774186187.1020341,2002955.0165764599,UDP-lag
17,168441,6,0,396.7302533216102,327.46932881804923,-1797070.6757820004,-3658.2233566848226,DrDoS_UDP
6,10527,3,0,2.279051422563693,-1.0513733603725997,-2782465.2536758464,1998573.552136516,TFTP
6,126056,4,0,6.441822246625116,5.711325784820935,1181418.664222687,2004915.9435460838,TFTP
17,-73744,2,0,1421.6177226462191,1411.2823156526792,1128735412.005357,1996500.655302952,DrDoS_SSDP
6,119741933,38,8,4.611545204001868,3.6964115159738644,-295707.0640414774,9230.743915710067,TFTP
17,73461,3,0,723.4139029878086,614.9326908717619,453921388.90750855,1995067.1480228463,DrDoS_NetBIOS
17,-86179,3,0,1472.9158898974276,1473.9314938411824,2954715844.394732,1996302.1782103928,DrDoS_MSSQL
0,123658876,246,3,-1.44045814213989,-1.605387799193134,-7100852.406949892,-16206.158444014818,BENIGN
0,110480254,42,0,1.4575036289992025,2.235734225303675,-1284328.892724612,-14562.185988711924,DrDoS_NTP
6,-60973,3,0,-3.0187377339997012,0.6583518627081172,-5526365.782794363,1999290.8738088254,TFTP
17,69328,172,0,385.1756349377754,327.70097322764826,661038.8518615703,-5603.698799561311,DrDoS_DNS
17,-33028,2,6,44.965778598584926,52.072181449446305,2959124.465981509,5379.364098692248,BENIGN
6,22110,4,2,0.6533802900045319,1.7176659235599385,-1388128.369350136,19049.15686657278,BENIGN
6,59849,4,0,2.4729946012674238,2.5679807259044045,-3741818.7656691,1997650.7780025303,TFTP
6,-2006,2,0,-9.008351748278692,-3.5283046743740423,-1336287.8183283194,2000528.297745369,Syn
17,-338,3,0,219.2105909795838,222.89659769956825,445393091.0015055,1998435.9716061682,DrDoS_SNMP
17,-29734,1,0,230.74367078978094,232.75614439068943,443030617.4081401,1995994.3003469375,DrDoS_SNMP
17,57284,5,0,386.75864846827784,330.66901785656256,1296177.4025749797,6763.267905508434,DrDoS_UDP
17,130931,5,0,387.6873284817396,326.22779670617655,-1431666.8626773746,11067.285109192555,UDP-lag
17,-15285,2,0,233.61551288341323,393.42396146362927,449998349.15794647,1999485.9307906337,DrDoS_SNMP
6,-6777,1,0,1.0360480236017984,4.607636811942274,1346872.424515066,25724.303482037347,TFTP
17,14303,2,0,448.35772748027546,549.8444919208714,1155205954.6303298,1998818.3454378021,DrDoS_NetBIOS
6,5181638,6,6,0.2571623569094831,2.046263929591424,4211663.632894665,6188.9295828119175,DrDoS_NTP
17,8988,2,0,859.6803806432882,230.3262904462314,452939801.2174777,1999110.1295263814,DrDoS_SNMP
17,-48618,2,0,1475.4816756530531,1477.171264513503,1458436793.476495,999352.0052807496,DrDoS_SSDP
17,64234,3,0,1472.0138970119306,1476.3643932411578,2920103951.0437264,2000072.9149236232,DrDoS_MSSQL
6,52913,1,2,-8.742105592559763,-4.500318072853457,-1351097.5253729352,21196.473073622437,DrDoS_NTP
0,109681073,40,0,2.8330824937906134,-0.9308420169133071,-6403148.863360734,-13506.71415461466,BENIGN
17,30277,0,0,1470.8932608204927,1476.2672252625007,1467508956.7000353,997146.0633223228,DrDoS_LDAP
6,111688345,27,16,622.3443661149665,-3.9323755032483083,-6248121.645623728,-8672.434754041213,BENIGN
6,-6498,2,0,-4.229379396174979,-4.4442571887534,-7455987.963238961,1992163.9963558721,TFTP
6,-21170,3,0,1.763952826180691,1.0304626205847924,276536.736032343,2001866.2274464446,TFTP
17,-59616,2,0,1464.4375559371913,1472.6337864330867,2914065231.540085,1996431.5504234051,DrDoS_MSSQL
17,12549,3,0,1476.1471115036238,1382.0740572644659,2931048394.6612554,1996287.7464033347,DrDoS_MSSQL
17,136255,6,0,383.7607223079448,387.20639050306977,-5725782.663471253,-3423.751321487125,DrDoS_UDP
17,56506,177,0,434.02284421335264,435.23960715866303,-5796246.408351577,-3253.6016023384454,DrDoS_DNS
17,-88413,4,0,1472.265741282668,1477.5468893094512,2927177626.6336846,1999482.5392167722,DrDoS_MSSQL
17,38439,2,0,1471.295048374857,1475.8093771510346,1477188926.4046605,994869.8349943643,DrDoS_SSDP
17,134408,4,0,383.20805160344366,331.6096227028101,858940.1151238905,-6101.986237653102,DrDoS_UDP
17,82560,3,2,1469.6758999622512,1475.946827471808,86630464.30589536,16037.972792393493,DrDoS_LDAP
6,180323,4,2,-3.645574042876903,-4.063733701777837,-5857428.619688524,13248.831635631355,Syn
17,24122,3,1,49.071255617115625,36.18807256459383,-3102765.935272184,1893.222665965015,BENIGN
17,-3529,3,0,396.2859615914987,398.6506473791314,2927799544.474692,1996289.0040878186,DrDoS_UDP
17,-30800,3,0,225.7341175965304,233.32039960532506,459962034.1356038,2006245.663641477,DrDoS_SNMP
17,22007,4,0,390.35174766427326,395.78209254824367,775046780.6222051,1997742.3854109957,DrDoS_UDP
17,-18515,2,0,375.2821966644745,380.68570989512483,787491353.1232563,9294.74425633217,UDP-lag
6,-48579,2,2,8.996509972995781,-0.14176533404155822,-1593374.325810124,28060.557179738826,Syn
17,51025,3,0,1469.0448923716626,1475.4529576364885,1458676938.0088527,998201.9437635298,DrDoS_SSDP
17,112395,3,0,1468.7762404583373,1483.4293749217695,2923682746.8656187,1996514.86602964,DrDoS_LDAP
6,70442,3,1,3.236949761168579,1.3842406615351395,-2707405.031833385,17570.558498481045,DrDoS_NTP
17,12153,-1,0,1471.796733526978,1480.1186233212356,1469704863.2707067,1000495.8051083545,DrDoS_MSSQL
0,-150891,7,0,-2.009518350347266,3.246421002250819,6751196.217474658,29808.973265723645,DrDoS_LDAP
6,10981,1,0,-6.989173777489641,-4.5698508322601485,848069.2484753504,1997506.1878330316,Syn
17,110816,3,0,627.4366768723196,321.097794809179,744227.3945547792,12032.37786342014,BENIGN
6,129806,4,0,-1.3828180956546525,-3.4131357437093026,-13221231.662273651,1999286.1942743221,TFTP
6,45661,4,1,7.048992541548176,1.9943678844846353,-195938.3627197342,13727.623822582389,DrDoS_NTP
17,-52914,3,0,226.93020355974417,231.00626397164245,416030296.04693437,1999248.849664197,DrDoS_SNMP
6,3803578,35,0,-2.0452312399371673,-1.00181757499133,-6902713.757018955,1168.5608024706617,TFTP
0,595,6,2,-2.939458402842133,-1.5906054758219264,744087.6803373771,20522.178562516892,DrDoS_NTP
6,-50084,1,0,5.883336067785203,3.2494619676970675,5044147.777524959,8236.203693210835,BENIGN
6,4159,15,0,6.54946123586328,-4.18257879227243,-2293494.2140391544,4143.77314666707,Syn
17,-61514,5,0,1479.633733389915,1476.1715370230343,2938780466.926754,1997507.6011498505,DrDoS_MSSQL
6,41516,1,2,37.9232844887251,1.828903067386788,5689245.227444788,30240.497727400234,BENIGN
17,-44418,1,0,378.2942487460062,386.749450401598,786386408.5366576,2000154.691389836,UDP-lag
17,31517,3,0,1473.8444773471747,1477.1442497577382,2923852565.333606,1998625.23907799,DrDoS_LDAP
17,157803,177,0,440.87655613961385,428.8605500202076,1681417.4470265226,-878.4105355200736,DrDoS_DNS
17,53151,3,0,435.1850171172508,435.29060603257443,1385528965.3861399,1999314.5076353725,DrDoS_NetBIOS
6,45296,3,0,-1.1324870055013883,2.8594951100038526,4901021.63424896,1999141.8257005326,Syn
17,184641,6,0,388.910340169959,325.38936732024854,2555904.2687321,8272.694193466767,DrDoS_UDP
17,32679,197,0,436.97045033191336,437.89849426715483,4687516.030942328,12003.530453388074,DrDoS_DNS
17,72678,198,0,439.7417826963329,428.59175205382684,115227072.17253259,1997563.2234765163,DrDoS_DNS
6,109316701,33,22,902.1302853406917,2.9900605328253413,-1991953.0852301244,-16776.258819298404,BENIGN
6,-80190,0,0,2.072157995418351,0.32574740130035545,-1723038.7827903887,25795.46727056573,BENIGN
0,121137928,47,39,554.8331160051627,-0.5225203654157966,-3782537.47445492,-14029.255727287182,DrDoS_DNS
6,31271,3,0,-0.07825022363916044,5.070890936890082,1664142.2068111247,1999613.0700725815,TFTP
17,-61029,2,0,1468.2649604588453,1470.5012887280855,2914264803.8450084,1994288.273633124,DrDoS_LDAP
6,6489,1,0,1.7598032948111586,2.2926100173202597,-6498903.96845634,7358.391113656564,BENIGN
17,47501,4,0,229.35487200013304,228.3036423130758,429686220.37086606,1995771.0050503,DrDoS_SNMP
6,70849,3,0,-3.4568145043539076,-0.6221850200684504,2425835.9692156552,1998288.8955708516,Syn
17,469,164,0,440.8885256648751,652.8634578439602,4313912.6977628125,9484.995060205165,DrDoS_DNS
17,-5646,2,0,1470.7728125326264,1472.2571526974373,1477206197.0574818,678660.3456830247,DrDoS_MSSQL
6,131442,4,2,-10.602270417001739,-0.8217238107270969,-4318911.226196411,13872.420936725235,Syn
6,75635,4,0,-3.372885321358348,1.2843276835032504,-2847086.233195575,1998720.6813805697,Syn
6,66042,3,0,2.546703956565024,0.7295194176947734,-1106445.7174514567,2003321.9362975755,TFTP
17,-42757,2,0,1469.3283683409934,1470.1417079325788,2933013746.2906675,2000367.7761005256,DrDoS_MSSQL
6,7221,3,0,1461.3273468539535,1460.886222346156,2937817736.985547,2000233.6883114988,DrDoS_LDAP
6,-31,2,0,5.890225114429443,0.7147589498794475,875942.3690586009,1998957.4284385913,BENIGN
17,20629,4,0,390.332574949502,336.6646079376463,-895731.4458388954,-966.6427756485828,DrDoS_UDP
17,13136,3,0,937.9229222744369,594.8910473484902,1222247322.09003,1999389.7921364217,DrDoS_NetBIOS
17,-12521,1,0,1466.3677451831982,1467.4473548818771,1463412068.9056563,997833.90073634,DrDoS_LDAP
6,114716,1,2,3.5619385843178977,0.947108130985793,-4052940.4513417482,25720.795538103557,BENIGN
17,105466,5,0,393.1471879997425,334.934198713951,4215003.889804081,-6036.8842501667095,DrDoS_UDP
17,68353,3,0,397.03392410215343,392.55346471205075,1837488.9647881251,16784.250035803867,DrDoS_UDP
17,33498,3,0,1470.5652040736684,1472.5668785938624,2947677986.1377687,654232.4698881041,DrDoS_MSSQL
17,-26584,2,0,232.52453447913442,226.3762596389972,471103044.15276283,2004894.0710189196,DrDoS_SNMP
17,4340,3,0,1401.318156101316,1357.380002696765,1243003183.4474316,1005410.8436306581,DrDoS_SSDP
17,70685,196,0,1467.8177624430307,1473.1729048424481,954095269.8317057,678026.6345003423,DrDoS_DNS
17,-3116,4,0,390.2810824748197,325.0011554476991,3899882.431694338,17743.926239295688,DrDoS_UDP
17,-37158,2,0,1473.6658390116145,1473.7297395712699,931351541.0076897,675579.3589343253,DrDoS_MSSQL
17,-75878,1,0,393.4747472453613,388.0827479524946,784983587.0198232,2001859.8492262298,DrDoS_UDP
17,20571,3,0,1467.0753872323612,1475.4546625279224,1474932693.3996937,13108.749801081432,DrDoS_SSDP
17,47162,2,0,227.88813797745684,396.3944542214135,462334119.5507653,2002822.0424024973,DrDoS_SNMP
17,-42090,2,0,395.4986619977764,399.01844853722844,798767409.2743279,2000376.0651650184,UDP-lag
0,121302743,47,0,3.7714448096052418,2.823316252754804,-3883817.26355162,-13031.049893963493,BENIGN
6,99970,2,2,-0.7015003315579518,-2.3763327394242557,-2494769.119332484,30284.46888633058,BENIGN
0,84557663,8,2,2.5835811886508413,6.438765885471401,3021839.775786644,1846.0531215382434,DrDoS_NTP
17,25803,146,0,728.2019615427477,440.52519381988003,1515007.832117105,12364.78948129246,DrDoS_DNS
6,-7855,2,1,5.139257429917018,-2.6201192372414566,-3999313.813091127,-1477.4118871511455,BENIGN
17,-23602,2,0,231.20559471109797,231.4870057714275,1313192766.8226185,2003718.666825629,DrDoS_SNMP
17,-79732,2,0,1473.6154121268937,1475.6141894799678,2935334585.655224,1998120.5789426458,DrDoS_MSSQL
6,-66666,3,0,-4.6644724327805385,-3.975227885322738,-2854829.1655974556,1999965.25448426,TFTP
6,29578,0,1,32.76622365059909,33.962941551641286,-6001935.262907076,14612.011198107724,BENIGN
17,45203,1,0,392.1335832976591,441.5194266262526,1317175.4026004618,8655.516911958544,DrDoS_NetBIOS
17,44561,3,0,1471.8611739390171,1474.0684651644658,1182868747.852021,996378.2372137563,DrDoS_MSSQL
17,82559,2,0,1361.3234496473856,1466.696976620379,1459066037.9355576,999904.9544355593,DrDoS_SSDP
17,105875,4,0,384.4072563783816,330.64111872360337,-1180205.6978547333,7955.960035596858,DrDoS_UDP
0,114123549,47,0,3.1411171708860888,7.095369196991063,-794540.370572842,-2814.3289391775434,BENIGN
17,34574,1,0,1472.166245540876,1472.4469299805928,147573337.42573753,1001638.955704162,DrDoS_NetBIOS
17,-16752,1,0,37.34125322460478,34.64381577506371,5109175.954869469,20324.378806526915,DrDoS_NetBIOS
6,22783,3,2,-1.0286859083685929,-1.2321842081918433,14579.960038449382,19576.31351662016,BENIGN
6,13807202,2,4,2.789844910465909,-1.010608709524841,2753847.5066548353,18174.831584097567,BENIGN
6,2496,0,0,-3.3154639073996814,-1.8808364131511563,-6489211.210741859,1992499.8277450202,TFTP
6,14448,2,0,-2.3713882859156525,2.201188061074785,-3028098.1479846537,2000309.2405632937,TFTP
17,52759,4,0,1481.1097928947424,1479.343566148702,1339065334.0005944,999666.395139809,DrDoS_SSDP
17,55252,3,0,389.6006690809511,1475.6435775570383,2946917549.107496,998489.826130165,DrDoS_MSSQL
17,18913,2,0,1470.9463739844114,1471.2055996767847,968823107.2657561,1002720.4189447154,DrDoS_NetBIOS
17,52474,194,0,430.95058393252475,432.8753895402225,956127264.3831367,994414.3403388329,DrDoS_DNS
0,105524291,39,0,-0.3156299891646387,6.020264856662971,-904586.455095141,1428.6222317773954,BENIGN
17,54753,2,0,1475.5654940750162,1469.3117316922041,1462748803.060037,398676.87417999265,DrDoS_LDAP
6,2270,4,2,-7.473339448545032,-0.724058026484035,-2730129.9989024997,25641.768041211257,DrDoS_NTP
17,-61075,2,0,1473.4812476860222,1473.6093741774823,1292556639.6470213,1998531.874235183,DrDoS_MSSQL
17,42181,3,0,1473.2043706259988,1473.4327562963429,2922902272.5368166,1999407.2585163473,DrDoS_MSSQL
6,111764,2,2,-3.69090118565689,-1.3943587405148248,-3945536.3210649434,22738.47952081107,DrDoS_NTP
17,135227,209,0,428.7660089850814,437.66410110428865,285324.102670365,-6695.6719626844715,DrDoS_DNS
0,81640161,39,0,2.3387762993480647,0.3951138924907809,8944.685725023039,2569.842908091533,BENIGN
17,-50098,1,0,1464.2576309430972,1473.349910664709,1470890560.046697,998760.6129864402,DrDoS_LDAP
17,-26584,2,0,234.31383766870306,227.98991450028842,458384240.6793342,2004847.969835331,DrDoS_SNMP
17,120873,5,0,389.2080852607229,334.34267865310534,3777140.874581539,-998.5168990772581,UDP-lag
17,14108,2,0,1342.7962302737126,1470.5173889433913,1284033318.1963844,1001164.7383249786,DrDoS_SSDP
17,83723,5,0,40.619785234677316,476.7364667484449,5819173.544320743,11494.785888717894,DrDoS_DNS
6,13881763,7,0,-2.6957938464732867,0.02999741392915621,-7967016.133301356,12099.561140493524,TFTP
6,-11337,0,0,-2.615655264021607,1.4267047340116474,-4298845.526661979,2000851.7405171972,TFTP
6,95637,4,2,532.9267737001466,2.2078779637344472,-136483.31974373502,14465.163259317382,DrDoS_NTP
17,16747,3,0,383.58064922721024,325.3994275220482,-1015786.8931081935,13528.725307400111,DrDoS_UDP
6,12724543,4,0,-0.8320545075453075,0.21464071300991217,-938658.4713712411,2003010.5752587765,TFTP
6,12577803,5,2,-2.253450892231211,3.2498034676740373,-838916.8807814049,28917.07187891241,TFTP
17,-16487,2,0,398.1190097152553,394.2829860922845,768470366.7061559,2000916.225705966,UDP-lag
6,1780195,3,26,797.4612967944516,0.8874029574361049,-1098437.046192269,15186.497658377339,BENIGN
17,-43215,3,0,1471.3575794292303,1467.3090815403548,2952537511.7858524,1998650.4226573189,DrDoS_MSSQL
6,33023,2,0,3.166564638862339,-4.75810429914973,-963474.9911435188,1995698.4783207336,Syn
17,-88930,2,0,228.2636497366412,221.124839091872,79470422.4072798,997033.6020645454,DrDoS_SSDP
17,28148,1,0,391.6675859619764,394.21235756862427,769552354.206418,1999791.4495133173,UDP-lag
17,20373,4,0,391.26298684410165,383.6114929217301,783517820.9465876,2004858.354944004,UDP-lag
17,-5209,1,0,1469.654459298549,1474.335807834611,2931761709.3256884,2000425.0293136346,DrDoS_MSSQL
6,61527,5,0,1469.1473010093794,1468.9115734997392,2907144558.150829,1996804.8131928586,DrDoS_MSSQL
0,106170033,209,0,4.924338382266344,3.777363609672015,1088779.2968996693,-9110.584690332293,BENIGN
6,12533411,4,0,-0.7434666813317357,1.673834523243043,652328.25422677,4091.516101727828,TFTP
6,10890585,0,0,-2.9705195004274176,-0.6748348881963399,-1230020.191406904,2002397.4116863231,TFTP
0,110563124,42,0,-3.632874682232006,1.3810401228656923,-6613048.202477555,-6540.551998710784,BENIGN
17,72524,1,0,221.71548767246665,226.18340854764926,430884882.069903,1998882.0152960797,DrDoS_SNMP
6,4621,3,0,3.3193132296976455,-1.3323593422332725,-4548441.956290975,1995592.4849703687,TFTP
17,75931,1,0,1467.8891047953402,1478.0852309582126,1471857804.2307005,675380.5819940467,DrDoS_MSSQL
17,74464,2,0,232.83633712605737,233.55066688630976,453128942.11058486,2001574.0149824393,DrDoS_SNMP
6,64936,3,2,6.060708525864385,4.480105272260318,-994456.6524053065,21903.91343890118,DrDoS_UDP
6,114029065,19,7,4.521893499545438,-0.8993016279191696,-4895971.475953138,10654.570004367228,Syn
17,4896,2,0,391.63044558491015,335.913223741469,-584084.7246057505,5814.233639602377,UDP-lag
17,-35552,1,0,1468.089325669498,1471.7300871063421,1470080222.9083617,669812.5586693988,DrDoS_SSDP
17,-71747,2,0,715.9228066716335,440.6507815765095,775283901.9181471,1999519.6555317834,DrDoS_UDP
0,112181413,40,3,-2.8063433281699983,2.3848997774605483,2543918.775209857,-1460.612566580512,BENIGN
17,-26939,1,0,452.087342303257,629.0838307715605,896019850.0544497,1999144.3977567744,DrDoS_NetBIOS
17,10277,0,0,456.04703440366586,443.75067166952556,933682201.6437403,1998670.2195283964,DrDoS_NetBIOS
6,6044892,6,6,916.0850462988633,2.1617247840861196,2943065.38367292,-3333.677901697616,DrDoS_NTP
17,57249,150,0,431.54202113555965,434.8921773017743,965032622.5599741,672422.3514541521,DrDoS_DNS
17,-19189,1,0,224.42914461372604,386.130860277745,2577586643.307398,1995773.263780516,DrDoS_SNMP
6,116501102,20,0,2.0951397541348684,-1.8054335280871976,-1342084.9517639235,9491.869379953418,Syn
17,22460,2,2,611.1664682693367,36.440598330573444,210248090.60001487,22395.096048828094,BENIGN
6,26300,11,0,-2.398980850616831,-3.081035537006679,-1870703.6920645644,1995377.0568367424,Syn
6,137336,4,2,1.327246298505494,3.1490264482227777,-2604590.9363646014,14811.868420390772,Syn
17,59249,3,0,1468.2810144809823,1472.2765147656094,2935527430.364546,1996917.950943486,DrDoS_LDAP
17,-25651,2,0,1466.3570708959378,1468.4667716285962,2933739512.5741177,1999730.6131813352,DrDoS_LDAP
6,100290,3,2,-4.167937229406525,-1.731781964680893,-4298565.29295791,20150.395414043942,DrDoS_NTP
17,85667,2,0,229.02615168578484,328.9104855697102,4772508.4438939355,19641.6401649874,DrDoS_SNMP
17,-52896,2,0,379.7633759089009,379.7201726150863,774764061.025915,2002894.6116475193,UDP-lag
6,118200174,31,30,563.1981275342334,-0.6869735192636582,-5607504.713891938,5001.124693183438,Syn
17,65397,1,0,444.61344823383394,451.13917363873634,888645212.3592716,1994077.3366776484,DrDoS_NetBIOS
17,-32831,2,0,1470.565941110872,1474.7255987763835,922359553.076242,677085.283277759,DrDoS_LDAP
17,8645,0,0,1472.6015007409537,1468.3985657237406,1328252879.2637906,995892.6073196597,DrDoS_SSDP
0,109942834,8,3,-0.0629916619552811,-2.636771732229899,-924656.449398984,8277.449611700355,BENIGN
17,6460068,209,0,401.50900762996406,329.04215358924654,80149.0099056589,-3757.55696301275,DrDoS_UDP
6,77733,2,0,-0.4472156062340879,-3.240021814035924,-460780.82112319674,381593.46530868666,Syn
6,-66990,1,0,-4.777329500157034,-1.894388628374602,1368884.9023406364,6071.3155689495425,TFTP
17,156426,2,2,39.94723412638195,42.12943316724844,58201.93294611457,4800.39337258893,BENIGN
6,111732618,14,0,4.251009860550754,-2.750184472151117,761395.8023810781,3378.735853404667,BENIGN
17,70179,197,0,440.9690816814231,448.40990941864237,-1266003.6484939933,8353.378925314288,DrDoS_DNS
17,148033,4,0,392.1407822542743,327.11431447113836,3330910.4406424453,7212.39330550016,DrDoS_UDP
0,13132847,7,3,-1.3474915417439834,2.0587858905097542,318820.48563384544,8046.37405629762,DrDoS_NTP
17,57658,4,0,1474.0220057203182,1474.8986746818882,1475969319.803338,1001277.3054831501,DrDoS_SSDP
6,43956,2,0,-6.916058598220992,-0.6264619586977105,-3248449.0768862646,8034.412596995897,Syn
6,102922,3,0,5.294994119875878,4.233224470374412,9693373.097568352,34071.24642749992,TFTP
17,62334,5,0,1397.8813171079112,1396.1137790633256,1284305778.6600199,1001242.9374607068,DrDoS_SSDP
0,86894768,6,2,0.29710361229561494,-3.0377093043485215,1285096.7297301344,1473.485681352733,DrDoS_NTP
17,34760,2,0,389.07348631553725,599.9871003045457,1083129334.1614506,997058.6207131774,BENIGN
0,75725201,34,0,-1.6528657653547267,-0.7895762245930915,2934194.537454472,14617.74669221481,BENIGN
17,56548,1,0,1471.400318378127,1477.6216263860765,1459149590.5840423,998071.2240452182,DrDoS_LDAP
17,58803,2,0,1365.5909078297732,226.49211824897273,455944498.66336584,1002279.3725903363,DrDoS_SNMP
17,-903,207,0,232.7654523338333,229.3116585483921,4604926.273053096,8261.600768365319,DrDoS_SNMP
6,11817593,4,0,1.010908860228325,-1.6606387551235735,-3268785.346893591,1721.4310165226634,TFTP
6,-59418,2,0,8.555040578776678,1.688185268548735,2211275.8658070755,2002274.1640179728,TFTP
6,-90144,2,0,1.094404052201922,-0.6746148387134481,-1562200.473617193,1997073.2253758654,TFTP
17,150638,5,0,390.0587665829276,335.5910718852875,746607.4349719733,-4035.264378317668,DrDoS_UDP
17,32213,2,0,858.4053133677544,398.59048738252903,949979165.4767553,1998611.1504866115,DrDoS_NetBIOS
17,-62511,3,0,395.87939504932064,395.9156307353265,787204273.3292494,1994133.4333737332,DrDoS_UDP
17,-4349,4,0,1472.137675447847,1475.5112170237774,2932523975.3514256,1997631.8045141138,DrDoS_MSSQL
0,79325119,25,0,-1.1069501685999668,-3.235599134813771,4981397.170083728,4363.14554502761,BENIGN
6,291,3,2,5.865333746712125,-0.8128928382183074,3587466.275678901,23058.847091962743,Syn
17,76565,2,0,1470.8160134022967,1477.000431054073,1471890743.211779,1004754.0663737638,DrDoS_LDAP
17,2926,3,0,1474.9140232610541,1480.6386190147773,2946016584.2590103,1997010.740796962,DrDoS_MSSQL
17,-86555,3,0,388.607326588954,397.80878377514796,778270676.3025101,1998224.5200848423,DrDoS_UDP
17,109272,5,0,375.12245207374883,322.3574267676015,3634668.341525279,1445.8408423210185,DrDoS_UDP
17,11499,199,0,442.7096503243581,436.6853426059177,1112794.6073065908,656942.6683879672,DrDoS_DNS
6,120424292,35,9,445.3590053285091,4.152195799234893,-6343306.083233846,9199.14982427265,Syn
17,-41456,2,0,1476.0214051663022,1470.6491193651157,1470455289.68223,1003201.4096649911,DrDoS_SSDP
6,8958,2,0,-1.8237073800528372,3.048937740455494,-2434140.6648264695,1993575.625955425,TFTP
6,13942879,4,0,3.0678981927029945,1.0806723020658395,3146463.918228452,21329.695243359463,TFTP
17,-31260,1,0,1469.6285249705638,1471.649376834394,2911180567.209143,1997470.0056341188,DrDoS_MSSQL
17,17686,2,2,43.0260311251137,35.156754043365545,6488224.265361236,8761.345325743403,BENIGN
17,101176,5,0,391.2842668735194,331.7901372404675,1798242.388876588,-4788.40157530814,DrDoS_UDP
17,-55177,2,0,381.2181002715662,384.1112306951747,758096110.1620964,2001439.9164679227,UDP-lag
17,129351,4,0,389.3014322337759,336.3752666277302,2309613.335222598,14482.241817769476,UDP-lag
17,4549,1,0,222.82047229088369,229.44668858362033,431622776.0686322,2004464.5381418555,DrDoS_SNMP
6,41980,2,0,6.806322805616373,3.5726842816089075,835921.6274078425,2000457.747984498,BENIGN
17,23647,3,0,215.70182747906375,230.07427173340366,432251462.69290066,2001804.481992299,DrDoS_SNMP
17,-16313,4,0,445.7005067978479,442.00972276178106,84008123.59541826,675806.3112997403,DrDoS_NetBIOS
17,-5445,3,0,1474.2106086808833,1474.0608644463439,1485425452.667667,999839.384635825,DrDoS_SSDP
6,100302,2,0,0.35068191995110815,1.249046951274644,1811714.5772256474,18246.186536511705,TFTP
17,159111,4,0,29.108139585345285,324.27730746154356,-3112121.2851648126,-662.93591681201,DrDoS_UDP
17,17778,4,0,391.5402051141517,386.9262362525961,763534112.6548162,1997358.4723910266,UDP-lag
17,35193,153,0,440.9815646462616,524.2200208417586,2817149.58933075,5911.398604265607,DrDoS_DNS
17,74505,4,0,1472.8789347966365,1471.276958481609,2925890736.3192515,1998771.2122881499,DrDoS_LDAP
17,32056,4,0,32.111037010933686,331.7172615437242,7265046.051040088,3189.841100298305,BENIGN
6,18726,2,0,0.900661741374101,1.5052170837071253,-456550.4732533484,1997568.7643999213,Syn
17,42149,3,0,1470.4471580094441,1468.8416747076656,1456502271.937309,997100.3372007826,DrDoS_SSDP
17,162970,214,30,440.99261680272554,324.3112121454396,3348895.458608785,-16124.848531181404,DrDoS_DNS
6,-21989,3,0,1.094398838004117,-0.3631510075228851,1656998.780600269,2000822.8792221057,TFTP
17,7766,0,0,1471.4359577187638,1480.3370532036529,958452175.5935813,1999395.3454923765,DrDoS_LDAP
17,-53203,3,0,1470.5373926372172,1470.7460020057583,206481618.41504186,19577.179818217246,DrDoS_DNS
6,83402,3,0,0.6549486115699278,0.10887069153086684,704770.5427065325,23561.104501506765,TFTP
6,108355,4,0,0.3456104911260443,-2.6579867819981384,-1092122.3930426377,21160.30902468501,TFTP
6,-8514,1,0,3.2217531635562904,0.3755577070792368,-1590799.343125133,2000357.8231679024,TFTP
17,-16145,1,0,391.35430734161486,648.5608069491767,456119092.2429168,1993947.7578137538,DrDoS_NetBIOS
6,114427124,33,22,559.9279257606298,2.9344615479164284,-5835793.181934367,-12076.750535717561,BENIGN
6,19608,0,0,1.5045844398874937,0.39909434252208376,-7915535.806063888,1992115.1272872754,TFTP
17,147564,4,2,395.57135529176946,337.0484889061006,-596125.2448610712,898.7130527888803,UDP-lag
6,6303235,7,5,535.364044983518,-1.538904968777129,2107584.697897636,-7713.140878320901,DrDoS_NTP
17,-34683,0,0,27.494438538068962,1363.394089553575,1457413820.5011034,998986.1988638665,DrDoS_SNMP
17,-13243,3,0,223.5105227202174,230.81045666600352,472754827.7847697,2013665.1471484883,DrDoS_SNMP
6,145861,6,5,0.8326367105069382,-2.640915988269273,-5365656.0482804105,-1543.7116809791041,DrDoS_NTP
17,-37912,3,0,1470.2652246798,1469.92179113772,2913357728.9838047,1994860.818196764,DrDoS_MSSQL
17,36241,2,0,1467.8240178884685,1475.5699185175517,1465471736.6201692,995581.5803430168,DrDoS_SSDP
6,-7666,1,0,-1.0327577118127051,1.1927479246112562,1958649.3421470649,2001883.8610538295,TFTP
17,30707,5,0,1476.2980514278142,1479.099465982693,922810005.05693,1988931.5802628216,DrDoS_DNS
17,87600,200,0,807.1018975632749,1472.7312861380008,4253101.71555683,5072.03263397348,BENIGN
6,5284727,25,21,522.070102673379,-3.0568063017644613,-3115126.013213993,-5741.98825610687,BENIGN
17,-27536,2,0,391.47597650948654,394.1716138996248,980841998.1398437,1997538.1360078845,DrDoS_UDP
17,-25828,4,0,544.8557025217455,586.0931056436166,901892363.095325,2001495.388702146,DrDoS_NetBIOS
17,51680,1,0,443.4376817772834,438.3877533526577,922797463.4838765,12164.390964894832,DrDoS_DNS
17,-19527,2,0,1482.00623388176,1475.4745040327634,1487461100.462106,1003992.7256684549,DrDoS_SSDP
6,-101140,0,0,-6.104763857707916,-1.7052583940457686,2700383.3985841116,2001051.3501957322,Syn
17,59369,4,0,1473.1661503061864,1472.6187450042567,2921778257.8315034,1999936.06131497,DrDoS_MSSQL
17,-30141,3,0,225.88220075838464,227.6258313951065,433698390.40105075,2002006.636027612,DrDoS_SNMP
17,-109547,3,0,392.91909628603696,393.4338394488607,787104267.5964409,2002637.400096929,UDP-lag
0,76490732,32,0,-3.236597346691614,1.6373989323755336,-971346.7666277301,4855.843605215021,BENIGN
6,107161,2,2,-3.0142132654298592,1.526100924975342,4101165.9265264897,15719.24772906989,BENIGN
6,12541380,8,0,0.8008847317124808,-2.708453750402858,50381.963117923355,13362.035596830181,TFTP
17,15816,4,0,389.29743181793435,394.34431880924075,773332976.8768867,13255.110878374213,DrDoS_UDP
17,-7672,2,0,1466.4902655226156,1473.220941761599,2929561361.96539,2000531.259462205,DrDoS_MSSQL
17,-11154,146,0,444.53676555855577,432.73050776827563,1943840.9436650039,8480.125634996713,DrDoS_DNS
17,223385,5,0,386.9505220764206,335.7040942284167,1228219.554987324,-564.7504488674149,UDP-lag
17,7335,5,0,1477.195539353715,1478.7388007819573,2922193685.2516246,1999605.862317848,DrDoS_MSSQL
0,113068581,43,0,5.139515957119819,3.7253487146056457,-2115964.5519731427,-20169.6915427778,BENIGN
17,68319,198,0,433.69514012026417,434.5897615092832,-5307223.563058864,-1504.126318267594,DrDoS_DNS
0,106422103,200,0,4.0706451804939405,-0.7739563631221774,-3310660.9591895025,8222.90336479082,BENIGN
17,-89008,4,0,387.43096456314146,386.44785485978036,751653688.1268315,1999344.936977775,UDP-lag
17,165632,4,0,388.22027026990816,330.3748055141956,1894555.9817600567,4717.000870716126,UDP-lag
17,69976,3,0,217.8291560143529,225.93893999023095,433712708.8380652,2002636.294695078,DrDoS_SNMP
6,111448419,25,0,-1.1111548734579015,-6.578029606098071,-1207222.2132578029,1820.2991301257607,Syn
17,12442,3,0,1464.7860093136012,1474.035300736766,1461676921.245018,1001549.2527341602,DrDoS_SSDP
17,7157528,38,0,397.21737145199677,334.904004847112,2533772.650899426,-27366.60179208071,UDP-lag
17,-2829,3,0,218.55695724034726,230.10170537313348,172931579.9615123,1010444.3258810757,DrDoS_SNMP
17,-22073,1,0,219.3896363090408,229.67577289136247,465640977.4736047,1004258.140165428,DrDoS_SNMP
6,51958,3,0,2.5959206483867736,1.7282292946881248,-4726706.560772447,1996554.1173291237,TFTP
17,65527,6,0,392.77021630834423,332.6164558228134,9415838.656074535,3736.100278095767,BENIGN
6,5870430,7,8,443.09905315186745,1.5111654467213975,598643.3010602396,-2051.9985496388254,DrDoS_NTP
17,31429,4,0,387.3255808863686,327.3479450681724,-2866154.472534299,1152.1247510364046,DrDoS_UDP
17,7670,2,0,1472.0459542632657,1477.3085435546118,2920829276.408627,1996905.2120245777,DrDoS_LDAP
6,-105864,3,0,5.564758282727853,-1.398583447132053,-2213214.773669959,1995909.926492357,TFTP
17,162648,213,0,438.34817109712986,439.3788610238978,3621114.8545333846,3577.6791275027954,DrDoS_NetBIOS
17,85342,4,0,382.72607011614065,323.06643217383896,-12955.282982544042,119.12997817705582,UDP-lag
17,34777,3,0,1468.5844230097775,1468.886057514239,936227314.1202395,672589.2594363483,DrDoS_NetBIOS
17,-22740,3,0,1472.8915490000627,1477.0506865572597,2939454932.9431643,1998194.2069513523,DrDoS_MSSQL
17,41331,1,0,1474.7029657924531,1471.9406835791613,2931680256.180528,1994751.9698691238,DrDoS_MSSQL
17,-985,1,0,444.1835297002938,451.875303393426,-1358417.69141092,408250.70673758496,DrDoS_NetBIOS
17,35761,2,0,1472.9127231806958,1473.5112645998468,2928066040.39668,1997914.9803824034,DrDoS_LDAP
6,116165475,4,2,0.06914721712153393,0.4306931052161083,-2446622.070004139,20209.30969798957,Syn
6,12110404,5,0,509.84034651578236,-1.959040571843439,-454361.2145460842,9355.83057495708,TFTP
6,117158059,23,0,-0.8481175714463453,-1.7767989874064896,-3900521.7691757567,1421.6565894024498,Syn
17,22826,5,0,390.92285660833744,325.5196170411097,766805090.8320497,8363.27107886778,UDP-lag
17,49903,2,0,1465.8685861344534,1472.0514504312484,1465968620.6706793,1996090.0822578247,DrDoS_LDAP
6,12036185,4,0,-0.27480612469713445,-4.37179368229873,-3538489.886904953,1997830.3337847323,TFTP
17,-2139,1,0,383.6254884601533,390.55315527914615,763640392.9783492,2001135.9602043445,DrDoS_UDP
0,87896088,41,0,4.102024465405749,662.4538753904818,-3591672.016521535,-10361.039067625825,BENIGN
0,115444145,41,28,0.9246277102414312,1.3909051121550404,2537932.2692855364,-11067.47683318954,BENIGN
17,6386,3,0,1476.0632021435938,1471.09323383936,1470012806.4103167,1000667.8933612027,DrDoS_SSDP
6,167721,4,2,-2.5326871910679793,-0.5914645740682715,-4855055.207774412,11550.896387544562,BENIGN
17,36940,2,0,1471.2355766957635,1472.0238861898233,1448806728.0316083,996224.862778104,DrDoS_LDAP
0,114090725,40,0,3.1902700797300367,1.9767851727734433,366371.0317544633,-5999.085778882783,BENIGN
0,-133934,7,2,-0.1892457466114828,-3.83565642422332,4167792.8317842493,26193.7349914647,BENIGN
6,5091,2,0,5.719754314077563,7.070280125449088,-2254721.5726427,2004009.5557706114,TFTP
17,-10730,4,0,383.1345548053831,395.682624117655,742573342.4394071,1996602.1577328362,DrDoS_UDP
6,106734,2,2,-1.44885772976222,2.1579550050143617,-1648634.0501292835,26609.582859440477,TFTP
6,7943055,5,30,536.1094503789203,2.251221902159395,-1834808.8145965773,16089.472689736886,DrDoS_NTP
17,38032,213,0,1112.8691558210962,321.49253051864923,-1320148.6117279066,2708.5915044835447,DrDoS_DNS
6,-15799,1,2,1.972010838342777,1.0915557049287619,1015113.0632599422,19130.2288352342,BENIGN
17,92687,3,0,927.2958074270656,952.2828643367561,2929720073.8386226,1997518.794052184,DrDoS_MSSQL
17,-16828,2,0,1473.9550502663965,1477.3251714430392,911856104.178847,408269.8180591407,DrDoS_NetBIOS
17,10871,2,0,1467.6175945201521,1472.1767742249424,2935236617.1164913,1996750.63664936,DrDoS_MSSQL
17,49788,1,2,37.76004584925796,55.330582185483365,-3618793.485352086,10484.49713338939,BENIGN
17,-20827,1,0,221.33333280926928,228.785003067971,435535483.6023631,1999910.818499855,DrDoS_SNMP
17,-16800,195,0,445.19253413935576,449.8330536396921,-122013.7047518536,13914.43165514138,DrDoS_NetBIOS
6,-13690,2,0,0.05010757004689112,-4.668651666815516,2001360.555516507,2006462.8511419655,BENIGN
17,-88209,1,0,599.2381644800995,578.4483386349269,773317222.0829164,2001873.215312529,DrDoS_NetBIOS
6,110774,4,0,-1.7258009941688934,0.3993337853526631,3235162.8513933076,2003258.655520136,TFTP
6,29310,1,0,-3.927497229968671,-4.297891139648171,842169.2754440845,2005787.0450392484,TFTP
6,86424,3,0,-3.047334334929393,-2.654562486700878,839393.2438660406,17070.141691063625,BENIGN
17,63700,2,0,392.810934783098,402.759111448612,783319345.2305363,1998523.9041332346,DrDoS_UDP
6,3396665,6,7,559.1276989328572,3.5263374451363103,3585829.9685333045,397.08342313554385,DrDoS_NTP
6,13459778,4,0,-4.011374998548665,-3.218473231885771,442337.1815195604,8374.632191162726,TFTP
17,4121,3,0,392.1130375398245,395.5706297884842,768331601.699587,2002955.2871293605,UDP-lag
17,38361,1,0,230.20000274595864,237.89645031868122,448236805.6990196,998995.4887109835,DrDoS_SNMP
6,-19706,3,0,-3.7806295266950127,-4.484623238526289,-5631032.534417823,3717.7358393064023,Syn
17,21333,3,0,1471.5063692149201,1472.5081674381581,2923027307.3382516,1995464.3459632443,DrDoS_LDAP
17,69379,4,0,1474.8803715718736,1467.8248043186318,3149134.1911097495,12732.826308508824,DrDoS_DNS
6,103236,2,1,-4.281736732721185,0.6351042462428627,1764310.321688092,-952.0172945522299,BENIGN
17,-58792,0,0,387.87163859051196,389.2865393556235,743956065.6026816,1997704.6443120365,DrDoS_UDP
17,4541,3,0,394.12693679526393,398.47433695844313,799160990.729379,2003019.469749802,UDP-lag
6,119463356,25,2,-0.5424017572491622,-0.3500499297042063,3806888.863330013,1319.3174940670415,Syn
6,40372,4,2,2.153538890812195,2.2154921074205673,2408472.350698471,20249.44140824164,BENIGN
0,74622200,33,0,-2.6495300882550104,3.2616074597490172,2399777.388708558,5695.048154642892,BENIGN
17,51318,1,0,440.65303349251565,42.223693105759935,7034620.93521568,12712.734175567677,DrDoS_NetBIOS
6,63295,1,0,1.2806831483248746,1.5180507767820086,612097.6728268204,17885.15765606494,BENIGN
17,47802,2,0,442.5929319691859,447.36494515644995,952757266.1741085,2006957.9047168167,DrDoS_NetBIOS
6,-37226,1,1,-1.4999099404717724,3.286198999244183,-3742744.288477173,24007.59634464336,DrDoS_NTP
17,-12708,4,0,226.6553783695836,222.60662146248094,423868557.98943734,1996352.1841165111,DrDoS_SNMP
6,37807,-1,0,-2.2112835533211035,-0.7477734071756831,5640174.2658469,2000404.4714481067,Syn
17,149028,207,0,440.6217117636482,446.166375245502,4308201.191292341,-1761.2215309059156,DrDoS_DNS
6,114743739,27,6,1.0502266400379556,-2.8886588396757857,-961756.0096867604,3697.566605523116,Syn
17,-32463,2,0,386.007391254965,388.97919512027823,756510524.8673987,1998086.34807432,DrDoS_UDP
17,75540,1,2,40.07562917264337,6.3515450650411145,2075676.7756642823,7713.170494381968,BENIGN
0,111510233,41,0,440.8137124854316,-3.7050892308251524,-2360381.758115545,-1345.6531895787975,DrDoS_DNS
6,1874637,2,4,1.6243731163135673,1.3049479301683755,1031188.01608362,5123.84497742622,BENIGN
0,109468428,41,2,3.988569341667052,-0.5378716525367091,-3365100.382551159,-18643.406736973033,BENIGN
17,30048,4,0,1474.979306432994,1471.6067956483475,2931024396.0237927,1996198.9442419447,DrDoS_MSSQL
17,43614,2,0,386.33082317548974,386.78649482088366,-1484611.9747070859,2003080.658509146,DrDoS_UDP
17,9769,3,0,1473.9701051209133,1479.0571941613916,1466526035.4322917,1005446.4129348586,DrDoS_LDAP
17,141286,4,0,385.59365935428906,402.2474931444821,1169069492.322886,2002474.8117178031,DrDoS_UDP
6,32690,1,0,-0.35881791634978044,0.6497963255339606,17201.514129240997,2001631.8497876588,TFTP
17,40628,3,0,444.699226279344,437.2667993477053,873012287.0665492,1995083.2157731103,DrDoS_NetBIOS
17,42018,1,0,378.43150173883913,388.46862725229545,764427269.5109884,2000977.9070648411,UDP-lag
6,-24902,2,0,-3.3607701933884484,0.7368621651743097,-3692696.8036844553,1998054.068150077,BENIGN
17,43573,2,0,390.8798449093544,332.32757705724043,3987466.201139315,22553.325458000912,UDP-lag
17,35628,1,0,1467.3335149350141,1474.6499312266383,1473102665.3463767,684831.2064615065,DrDoS_LDAP
17,-17337,2,0,1471.1076830515244,1475.0160688858646,2951863469.55353,2003163.2328004332,DrDoS_LDAP
17,-6495,1,0,381.468253934512,383.10302386425593,769222153.9325625,2000993.4677216685,DrDoS_UDP
17,8351,5,0,1477.7428086687062,1474.8183459829713,2927834342.894899,1994601.228099673,DrDoS_MSSQL
17,17639,4,2,29.796507085087562,37.28942571239247,157078.1274996316,6587.406371162986,BENIGN
17,-23548,2,0,234.8958307997755,231.57813019217713,7538750.095065457,2000234.2385323562,DrDoS_SNMP
6,78466,2,2,-1.2497303045756836,0.6181864414051708,-2227439.8552285004,28093.259487494313,TFTP
17,102762,179,0,452.47490115536414,447.7361499482659,2994239.7085898533,7295.649509255024,DrDoS_NetBIOS
17,-37026,2,0,598.1420647774128,591.1039165917197,2698455844.4204183,1997922.145009716,DrDoS_NetBIOS
17,10768,3,0,1472.743437940419,1471.2195272754177,2938692406.436505,1997464.9328960667,DrDoS_MSSQL
17,-27630,1,0,1470.6178372856796,1473.9500093193526,1466522377.491168,998878.029916661,DrDoS_SSDP
6,-10213,4,0,3.4482724674587164,1.019705260649209,-1539397.932275593,17277.909113229638,TFTP
17,27728,3,0,1473.977039148508,1478.8679556040197,2916747702.7977104,1995211.909800185,DrDoS_MSSQL
17,-107335,0,0,222.59490047122068,231.2604422448733,1453069647.6865096,1993139.6059928122,DrDoS_SNMP
17,-108999,0,0,228.7806558279371,228.6948904446059,429172698.861841,1998202.6125146358,DrDoS_SNMP
17,148121,4,2,49.855024979503035,49.128997912288376,-2489196.119175517,-12123.001800451428,BENIGN
17,76739,3,0,1465.5880646450687,1469.565376966514,2934067207.100039,2000246.5575145124,DrDoS_LDAP
6,23522,2,0,3.7576550753170124,0.6602583864777931,-832067.7972631908,1999507.5053875204,TFTP
6,5060372,4,2,27.23697483922271,3.7727638727819577,724255.9115243013,5738.853561200993,BENIGN
6,45629,3,2,-2.0443678657889772,0.11595796761945798,5804797.072140463,29780.094235683282,DrDoS_NTP
0,111472151,41,0,0.8103829993165069,-2.5629205363030323,705973.2123531604,-10998.865746700565,BENIGN
6,-15378,2,0,2.712335253791303,1.6163730023288239,-1932179.2898369015,2004131.7098899044,TFTP
17,-3412,1,0,1473.2567575713938,1475.286458577331,2931779125.855825,1001315.1653625136,DrDoS_LDAP
17,-40760,3,0,389.49373645460804,388.7989989454072,769433992.5857421,2003183.7002562,UDP-lag
6,142842,3,2,-4.426369849084331,2.9553791408025893,-2629017.4373897417,18644.25962831853,Syn
6,63402,2,0,1.7394320302887758,1.9826353794430713,175307.94732239936,2000740.1730684882,TFTP
6,68065,2,2,3.8123752922918186,-3.1196710693978935,1068958.063692805,29590.092349135848,DrDoS_NTP
17,154145,5,0,392.3751916357953,335.6696530297926,6892584.858100814,15904.637425914454,DrDoS_UDP
17,2360,197,0,446.9868369619576,432.700368583462,159328.04982482642,11616.124710680528,DrDoS_DNS
6,112085,1,2,-4.307846525079095,0.44327703631820486,-8468381.07218897,23676.971762582223,DrDoS_NTP
0,107188120,37,0,-4.100406334726704,45.62231590314937,5856757.608282699,14375.32547356228,BENIGN
6,111253,4,2,1.0071264447623947,0.5958623466695985,6106754.793582361,25770.580158284727,Syn
6,80420,4,0,-0.17402189572113141,-2.5393895722386106,-4571142.496859064,11062.061021794945,BENIGN
17,61771,200,0,427.95050758202393,434.10943761825536,-57476.33902409626,8310.039444631819,DrDoS_SNMP
17,-513,2,0,216.82987591231938,220.98307586871294,436156134.2272725,2001612.9027103586,DrDoS_SNMP
6,-15084,1,0,-2.577587254669606,-3.3910079616630187,-446279.53220690927,1998435.2930337265,Syn
17,-50317,3,0,1466.1498719640451,1349.849718035681,2933689401.2654734,1995825.6804418135,DrDoS_MSSQL
17,149150,2,2,50.385199145222884,34.96254639496479,2506446.9120987635,11013.654831838336,BENIGN
6,16690,1,2,2.5213959380649555,1.1892727252344735,6101238.69912009,13300.370516546616,BENIGN
6,5620788,8,6,445.7134341267252,0.17223022122689047,2518888.1880247495,-5777.432697184322,DrDoS_NTP
17,144491,5,0,386.87798150432457,329.25916838205205,-2049433.2053347782,998089.7577415524,DrDoS_UDP
6,141222,3,2,-0.1316739545818158,1.2249050275949114,5217184.037094697,16916.335617845514,BENIGN
17,73844,2,0,1468.5086269944238,1466.6864565355243,2933968570.502898,1994869.2006986337,DrDoS_LDAP
0,109976775,41,0,0.9704691184374962,-2.118272516386901,-2849207.8492846154,-11000.374266548286,BENIGN
6,13692785,3,0,1.5138190267211211,2.3342672601363383,-3590362.648697352,9232.945332451854,TFTP
17,-57531,2,0,1476.9196574324098,1477.4646182698555,1467844208.2710698,1997090.6783569804,DrDoS_MSSQL
6,110210873,17,0,0.9981472323608022,-2.6829118538752184,-2758182.0905797994,-4390.875408576272,Syn
6,-2016,1,0,3.9390211238732307,0.8993644755049981,-6137188.825429599,1999189.0970898338,TFTP
6,134429,2,2,1.7469174356494195,-4.567777929613164,2806222.890679867,14294.899188357887,BENIGN
17,212875,5,0,378.725102858169,333.83379617723375,3695574.6139275683,5809.510852062279,UDP-lag
6,5102219,25,0,810.1522257873705,-0.813749797330962,3031385.4376487983,3837.7625031166544,BENIGN
6,108168,2,2,1.7375578293288843,4.543441455934544,-235326.22983431653,13251.01904716399,BENIGN
17,-49027,3,0,387.77653209423346,400.84250260782915,783756004.8138396,2001337.7013243975,UDP-lag
17,102875,4,0,385.19231100698863,328.72343116898,976227.1808731582,3444.662560011482,DrDoS_UDP
17,-41613,2,0,1471.802801844321,1473.8242672080155,1467683521.6684842,1002339.5848936522,DrDoS_SSDP
0,102783167,43,0,0.5786542267651481,-0.022090652293368804,-1568453.389456541,-9660.1271511827,BENIGN
17,-22141,3,0,717.9778994075753,1473.5554524111092,2929423012.5124464,1998259.4433109243,DrDoS_MSSQL
17,120103,4,0,1469.3772655380744,1470.914263781536,132776750.5482098,12542.590664913776,DrDoS_LDAP
17,75359,3,0,1476.420592199519,1475.081338735199,2946905355.804397,1994192.1340770691,DrDoS_LDAP
17,18067,1,0,551.4360340185551,719.893414666972,445273136.8556296,2000553.3148702467,DrDoS_SNMP
17,96588,4,0,380.53487624246077,329.70498550643754,2498824.1661346187,208.07027547757934,DrDoS_UDP
17,34815,166,0,422.4854115142038,455.0297441032718,-2355412.709907002,8178.714908543208,DrDoS_DNS
17,58863,2,0,387.2853941018222,324.8841750006612,381412.8576645901,2164.0851435841805,DrDoS_UDP
6,153923,3,2,1.04112865306078,-0.5627706084077732,-548031.0748810999,23449.343510001483,BENIGN
17,45153,1,0,1422.1783474110534,1390.7788568587728,1285424049.103761,998340.4919937144,DrDoS_SSDP
6,7009726,7,8,-0.8391561843256213,1.2828545637062905,4662294.997576151,-9373.824868965923,DrDoS_NTP
17,56263,2,0,595.7338626398513,584.7496603017867,1221416291.4387026,1999878.5219398295,DrDoS_NetBIOS
6,70913,24,0,2.861836248216942,0.6604734562137751,-4218151.104198444,13704.489815966685,Syn
6,89720,1,1,45.58991408330644,1.9296805294822177,-2742373.5812240345,15129.24147568853,BENIGN
17,12333,1,0,447.5557718147669,441.8977477972941,918013642.6330812,2000672.2418731914,DrDoS_NetBIOS
17,131971,4,0,222.80645464807705,231.55463287492123,419518861.0918193,1998147.8823683686,DrDoS_SNMP
6,52750,1,2,688.1028489037484,5.622129886105181,3799118.2833500486,25965.201164947808,BENIGN
17,68177,2,2,35.037473186620105,35.598442900239725,-2142952.8829519525,8036.4153419047525,BENIGN
0,111269454,37,0,0.8774139979393173,3.71570062095948,-1210814.2510239396,-1534.8049454922948,BENIGN
17,13768,0,0,889.481254692363,394.2278789220881,1034135351.5861552,2001020.5889751047,DrDoS_MSSQL
17,153301,5,0,385.89306714461287,329.19889811995336,3770239.716984216,8113.730016156022,UDP-lag
17,-35761,1,0,1470.531789370241,1476.5522316970637,1462981247.3230906,664685.726380857,DrDoS_MSSQL
6,5221527,41,34,48.80184487439061,3.8122016977308615,698327.4491092034,-14473.227210310662,BENIGN
17,167510,5,0,393.0743904497732,336.51158064822357,7433403.159336528,11964.132067437935,UDP-lag
17,87461,205,0,1472.6568790019676,1462.7353113484428,174136739.54097518,658653.5891172572,DrDoS_DNS
17,-58601,1,0,619.0744856182337,651.8685263199553,1208135766.619682,2000944.8947796633,DrDoS_NetBIOS
6,104430,2,0,2.365921898162975,3.2348069045246657,-2545599.0574272713,2002562.183040853,TFTP
6,-56836,2,0,2.426740543882273,-3.423705643838993,-2273452.672582659,2000003.38734543,TFTP
0,112134901,45,0,0.9926076322345594,0.35962085705225355,-2172666.7819682267,-23868.552177599977,BENIGN
17,94159,2,0,379.9752908417799,224.61223662722324,758629.7695630692,5090.7441709360755,DrDoS_SNMP
17,134472,198,0,443.452929732516,441.3560740850301,1476019.3366166393,-7096.730329794846,DrDoS_DNS
17,-112217,2,0,533.0245971296421,545.290497251415,2712956920.1300077,2000848.4065968706,DrDoS_NetBIOS
17,-38325,1,0,544.9976663550896,666.0464759963498,1238913334.3844984,1999429.3753463388,DrDoS_UDP
17,87807,197,0,434.31146517841245,405.39646733994476,4621537.6358656315,12609.780872399937,DrDoS_DNS
6,-72451,0,0,-0.1620638606176616,-1.3511082000096961,-156272.67770887702,2001360.9263583953,BENIGN
17,9433,1,0,222.4848001079966,229.654621929262,457531566.33612055,2002484.5158061748,DrDoS_SNMP
6,13043223,2,0,-2.0901177223724177,-1.6189405677217918,-2114022.2425070116,1995795.0337552475,TFTP
17,17600,1,0,441.6536045427024,437.8624090792292,891651909.4622184,673965.908947265,DrDoS_NetBIOS
17,-48183,1,0,397.8707933401195,398.5278992414855,776891911.627016,2003003.253581947,DrDoS_UDP
0,85986895,216,0,-7.845035115465646,-6.62103115925771,-3301470.68949611,-512.1728723372526,BENIGN
17,6709,2,0,1462.4290275755254,1464.6589207658983,2652988587.5890727,665417.7743891199,DrDoS_DNS
6,25321,3,1,-0.3172714307597197,0.8266446780760374,-651344.0346592821,16038.19398806795,TFTP
6,11106258,20,0,3.3143505259913484,0.402593914993464,-672893.7112367633,3082.3532858042327,BENIGN
17,163442,5,0,391.7235661270146,326.37301732085206,1456379.7671229278,15974.311175695853,DrDoS_UDP
6,225867,2,2,1.0588525602231502,7.171217603411885,-822538.3749978722,27714.44774539703,BENIGN
6,172870,3,2,-1.2079509989906052,-1.8712914555965445,-2914147.4470100235,2000764.898125068,Syn
17,61912,2,0,1473.6824533388658,1469.8780793228939,899146300.1951959,654800.3500870961,DrDoS_DNS
17,-25603,3,0,1471.4991874818159,1470.459443678616,1470175417.021384,999869.070070171,DrDoS_SSDP
17,88526,2,0,381.9216908685468,50.91486074448175,122896521.56532153,11301.340381130254,DrDoS_LDAP
17,145122,3,0,392.25527445702573,339.4549764359354,-193753.80141651328,-2262.0963231009937,BENIGN
17,-75524,1,0,1469.7347658132387,1471.8866901534755,2918132966.939644,2002439.4386008978,DrDoS_MSSQL
17,-80207,2,0,1470.233729963864,1471.4593769242722,2933188871.616708,1999482.9418574641,DrDoS_LDAP
0,120813114,48,11,-0.7601898869269796,-1.2363225991959685,-1767981.6657150288,-10211.94971783663,BENIGN
0,77847828,33,0,-8.077305558286662,-4.099809201613247,-7072230.989902546,10201.875509475332,BENIGN
6,13115092,30,0,0.5475307103817205,0.2757420416015434,-3260144.807684808,13663.263100495902,Syn
17,13166,3,0,1463.4714920755516,1461.1912494704404,104077652.69941063,996341.2594117689,DrDoS_DNS
6,-5129,1,0,-5.152352552839774,-0.20267935498622958,2197429.8647548277,2004718.5940149468,TFTP
6,13606377,6,0,-0.891841651552305,-2.4448031528235243,-4316865.842264416,19525.6660600483,TFTP
0,122490834,51,39,-2.1990391617498033,-2.3437275698797615,-6526741.590086178,-27129.657909659338,BENIGN
6,-3372,3,2,-1.7456697555353633,1.2545022086838042,-2360367.2632687828,2003693.9132965775,TFTP
0,110615269,43,0,534.8167610573781,-0.7068321413041906,-6494543.166965633,-13537.51983940693,BENIGN
17,53545,4,0,1480.243840333518,1478.3934084571886,1468976621.722567,998257.6693174384,DrDoS_SSDP
17,-252,3,0,1472.7627155155797,1471.967582830947,2934376897.204425,1998206.6087098126,DrDoS_LDAP
17,-13110,4,0,217.76864502447876,219.82942064483478,434130850.88898623,2003520.2912548252,DrDoS_SNMP
6,-131241,1,0,0.31397490717154386,0.13477537991167327,-5508490.9525057245,1998368.9995853212,BENIGN
6,932,3,2,-3.1939939553325045,1.982070786804543,-2472979.338302618,8832.960746171064,BENIGN
17,-31572,1,0,1473.3191232429497,1474.4239088241004,2943657783.3413973,997666.5908911523,DrDoS_LDAP
17,24182,22,7,446.226575691658,32.88703411528732,976014.2878113389,2061.3267582757835,BENIGN
17,-196124,0,0,384.32948080916765,389.86262986618317,780035413.9561048,2002561.0101296112,UDP-lag
17,-50191,2,0,434.7985413241149,1474.7950531196857,972375145.9643549,690928.7949373412,BENIGN
0,116186346,220,3,-5.343134957590312,-6.795221820874029,-6208209.279794825,4586.7697516266335,BENIGN
6,-54705,2,0,4.848463315973424,2.462680325682371,-4562631.874424964,1998719.4937821706,TFTP
17,-18214,2,0,1467.0564059253645,1476.5022883034887,2920119748.893082,1995838.455949781,DrDoS_MSSQL
0,-130368,5,0,3.3425445423463223,-0.8860330369474974,405043.95397365594,18648.324892946443,BENIGN
17,148382,206,0,988.9181792654902,334.4248647066969,5555670.651338884,8910.33288509494,DrDoS_UDP
6,81258,1,2,66.44703623439071,56.206300264099625,-689830.1344090956,13059.567260510237,BENIGN
0,3243994,9,3,-0.27401656782601036,5.215969776749649,3046376.1960663972,-4569.391291015181,DrDoS_NTP
17,-11251,0,0,776.1583017568818,231.86681719337156,458125370.3881062,2002515.8857708287,DrDoS_NetBIOS
17,119934948,205,0,445.5805298902515,433.8176997498327,2143283.4251939296,3968.7559676115798,DrDoS_LDAP
17,23015,3,0,1478.3561047757787,1475.8983099448453,2918516050.435636,1995067.6700611098,DrDoS_LDAP
17,-41212,4,0,229.99424014207705,225.7008737349208,432955633.8928861,1999501.9142829943,DrDoS_SNMP
6,127654,3,0,0.16892930077360552,-0.004429523400977811,-3362037.138268753,9952.18941794985,Syn
17,117840,4,0,376.69481790270044,378.1828774779351,760497324.6901033,2002843.9352855464,UDP-lag
17,16848,2,0,1471.822827428248,1472.1666008716143,2921494599.2415743,2002210.8409827468,DrDoS_MSSQL
6,11890,4,0,-2.095141783848235,1.8187878734804834,-2119100.538912447,1998988.0473612766,BENIGN
17,-50365,1,0,1467.9814561433134,1475.111747756187,1470715367.459604,307982.88290701946,DrDoS_MSSQL
6,76562,1,1,2.252444219987261,1.6177995338269167,671484.8047615081,6804.543133868654,BENIGN
6,108022605,21,0,-1.1156935294961898,-1.7053430497432351,933563.2770730092,2610.8362996655014,BENIGN
17,-25722,2,0,1375.3937823405224,318.5512393932211,-6137592.533754234,649307.3514784116,DrDoS_DNS
17,-54664,1,0,601.7217358076477,701.5511606624264,1563343803.2446632,1998262.5849454394,DrDoS_NetBIOS
17,3879,3,0,1467.7238107577489,1464.3585454216416,930939114.644763,663377.71525318,DrDoS_DNS
6,47710,1,0,1.920472009591555,3.351365295238281,1329669.7046686972,2000692.060581753,TFTP
6,33022,2,0,-0.32615199781446486,0.9915409187378282,578728.7908302296,2005258.2300697712,BENIGN
6,-88535,0,0,1.7777477746667254,0.24722549325733695,-4266300.83775767,1995241.2655629108,Syn
6,13553909,7,0,1.0224743753714447,1.7598484743444796,1108324.3563016742,7250.264834885442,TFTP
17,43529,0,0,227.01861497694395,230.1932485247004,413772939.8389824,1998228.7459923152,DrDoS_SNMP
17,27902,194,0,439.03396475025846,440.1689447826857,2117573.7947014775,14290.277758104648,DrDoS_DNS
6,16386,2,0,2.3968602802092187,0.7369700043601675,-3979979.8348950967,2005031.180014212,TFTP
17,33813,2,0,12.925313061604264,327.4277185492063,-4320787.503582847,7973.559241308799,DrDoS_UDP
17,-48356,3,0,1475.031577403576,1474.8870991043973,2948750856.765624,2002475.6148734137,DrDoS_MSSQL
17,-30880,0,0,219.37284683317998,228.14549723979894,443050913.44507325,2002032.5659464428,DrDoS_SNMP
17,7204404,29,31,455.89980738733425,444.29718789877,-4656584.786906474,-10639.771028952891,DrDoS_NetBIOS
0,108545311,33,0,2.205953219753014,3.508325368580451,5749409.578431326,8020.259250269954,BENIGN
6,118616976,3,2,-6.155791695074241,-4.060896352649677,-1695127.3448112996,11052.72207400299,Syn
17,-71918,3,0,227.0252308426305,225.56596657434596,415299316.99934036,1997515.437134861,DrDoS_SNMP
0,-186709,8,0,-2.7894830376766464,0.7922701491239713,4732033.731695279,24783.189234099023,DrDoS_LDAP
6,115102407,22,2,-5.249087320602957,-3.3432714438194613,-5175826.7034674315,-8235.630472897596,Syn
6,-15432,1,0,7.015864196423798,1.702089496548182,-4681005.382623674,1998817.5350674475,TFTP
6,143723,6,0,5.830226916671753,2.294121868482074,-6384369.4472649,1993163.1322423727,TFTP
6,56378,1,0,2.728576146089577,6.276576192585605,1626618.4373853523,1999160.2700647763,TFTP
6,27191,2,1,1.2810295893278774,2.1789201821487723,2527846.9428045796,7933.405873516802,DrDoS_NTP
6,67602,3,2,38.759389482218026,6.392822519159539,1347396.0508543495,6442.93585272224,BENIGN
17,-11398,3,0,223.07263252673454,225.9176199287728,460844701.2353529,2002351.4782455328,DrDoS_SNMP
17,2203,3,0,1397.5207443102913,1426.26330609629,1314736734.9992576,1001015.3672098242,DrDoS_SSDP
0,107224982,38,0,-0.03598464863610297,1.2472321101786297,-174104.42609186145,-2347.9941691925633,BENIGN
17,-12320,1,0,1463.1727415326725,1476.6989074040969,1458005431.4742007,1002066.9425632646,DrDoS_SSDP
17,2038,0,0,231.7650038409288,230.59690431031296,186937450.8297676,1004772.0281027469,DrDoS_SNMP
6,53144,2,2,0.7330005448162622,2.790879730638988,-2935657.5311819967,17271.907375765048,Syn
17,-36309,1,0,1469.1124236707478,1470.5030850418705,923155589.2877688,1003078.747395813,DrDoS_SSDP
6,88269,0,0,0.940005289021722,3.6206538516078433,521548.49931508256,2005394.5907930413,TFTP
6,50327,2,2,2.899241205624799,-0.050613473735418565,2954280.502932062,2003421.0027206764,BENIGN
17,90088,4,0,1474.6410844524369,1479.6695772278317,1467508065.7762575,998085.9985406285,DrDoS_SSDP
6,1688852,4,17,442.98601637215256,4.272524632986521,9052120.539963733,1932.9853317367288,DrDoS_NTP
17,32427,6,0,386.70994723355557,397.5191952589111,782771964.2041824,2000649.4756840295,UDP-lag
17,37823,2,0,391.3128370835318,649.3758391563783,2486382.5546797724,2002063.2006513805,UDP-lag
17,56659,1,0,390.37023212670084,324.37997009623354,786960329.1406614,13599.895160039672,DrDoS_UDP
17,57555,1,0,1475.0570573290056,1472.3574184957433,2916484507.579118,1997615.4461127338,DrDoS_LDAP
6,93704,1,0,-5.170759883695852,-3.653750474728091,-2698622.2283878624,15244.304231347496,BENIGN
17,50134,4,0,228.93660697325012,227.01956532745467,444544575.1613581,2002154.0259042934,DrDoS_SNMP
17,131094,3,2,38.43897444884718,37.73612934668926,3071666.348377783,3729.3281097441695,BENIGN
17,-57377,3,0,1447.8520197884186,1395.4802379005987,2917163745.8212833,1996589.7409007142,DrDoS_MSSQL
17,247690,6,0,389.2029262188944,333.25986381438514,4492692.674573606,-4599.970582323416,UDP-lag
17,-59375,3,0,387.54069642172385,393.3327606186101,804919515.1477383,2002973.9898072071,DrDoS_UDP
0,112669916,40,0,1.411421033839549,-1.6389691097929908,6408756.536410722,11383.443032116802,Syn
6,6548846,8,10,450.5127440683022,4.918414627665491,-1091146.138270897,-8881.805989230626,DrDoS_NTP
6,95616,4,0,5.673350863862276,-4.16670424441234,5012963.456831589,27103.90725649281,Syn
6,117880383,32,8,1.2714045439609394,-1.4925647719670783,-4230341.27032543,-1346.1556445051046,Syn
17,33784,1,0,229.79427015879813,231.92863840178148,121849582.88588461,1002345.7492135295,DrDoS_SNMP
17,14517,2,0,574.9919437906195,450.9820571841524,1189291836.277776,1999689.3242159013,DrDoS_NetBIOS
6,6897,1,0,-0.22702946092269283,3.485660216512079,-3539978.5613520453,18078.936040041262,TFTP
17,18179,2,0,230.19627842862826,235.16297626563244,462897282.9419055,2003075.0745549465,DrDoS_SNMP
17,-25990,2,0,1477.9365027221195,1476.9569470997583,2938748711.760026,2005095.7932002696,DrDoS_MSSQL
17,-53562,2,0,392.0493139250447,400.72721546203866,961684625.8299841,1996596.5029195438,UDP-lag
6,76254,3,2,-0.5789356404725357,5.224323800165523,-2411464.8191824937,16701.38655543968,Syn
17,-35282,4,0,223.76794433406593,225.45028148757675,447412054.41801727,1999396.9035549974,DrDoS_SNMP
17,-15886,3,0,1471.7419289527877,1474.8958908749582,2948713749.337614,1998663.1881161786,DrDoS_MSSQL
17,-71851,4,0,389.73872231985234,389.0510270878,777264974.4897473,1999936.748774994,UDP-lag
17,32100,4,0,382.89579884559913,321.95046593772435,5265083.331912644,6712.76338870009,DrDoS_UDP
6,115284649,29,6,-5.058898121798056,-2.843184897505955,-7174357.922265566,1628.321498402578,Syn
0,77258940,32,0,0.8060198677275875,2.42647867225858,5213419.403282856,2966.8007809757155,BENIGN
17,185967,7,0,387.7643303779417,331.66539490472184,-389655.14490740024,-7690.688651062101,UDP-lag
0,103296470,41,0,2.113726550403773,4.462288401783323,-3563345.8648711946,-13882.66594637277,BENIGN
17,117511,3,0,434.3902569685294,433.1031853878538,-2122090.2352686888,667511.3405613623,DrDoS_DNS
6,50516,2,0,-2.7979511374329267,0.6947577964162526,233342.8979503382,14621.778171080437,BENIGN
17,53640,3,0,1474.9968943155618,1472.8364457037585,2927544327.3580704,1998758.7824437215,DrDoS_LDAP
6,166602,1,2,4.292476556788356,5.42562553189128,-1962840.185508304,28087.5315013344,BENIGN
6,11761309,2,0,1.0834289540149171,-1.1209555852652617,-433487.9641508376,13453.707631833508,Syn
6,194006,4,2,-2.224494875434211,-0.4695395101099695,5281241.059706142,1031.7330854865813,BENIGN
17,-46369,2,0,1467.0353540506756,1473.5812117015696,1466644367.991125,1006754.933534678,DrDoS_SSDP
0,100367594,30,0,4.460608486273621,6.490540203431506,-614402.1729358162,-3524.0424798470303,BENIGN
17,-5435,3,0,1471.2959660471488,1467.5899342234543,2946893458.4264307,1997791.4977195337,DrDoS_LDAP
17,-15300,3,0,391.74683353598107,323.8445631802033,1822865.2749436237,5071.633557704424,DrDoS_UDP
6,25911,2,0,0.8079358429001268,-0.9282783325431017,1910150.4237029913,1995282.2551003636,Syn
17,-36835,2,0,1357.3066310044928,1376.4273973792372,1326499484.8538234,1003336.1146654082,DrDoS_SSDP
6,6858,2,2,3.769108363946909,5.34318039940853,3257966.869061893,8526.841959304613,BENIGN
0,109869804,46,31,4.116558253594722,-0.7308992027887126,-1302203.9914363392,-13020.402469800942,BENIGN
17,-35703,1,0,1476.3706902231331,1479.8829225928798,1461675121.1746683,996116.4165657791,DrDoS_SSDP
17,90077,3,0,1471.6815660050972,1478.6057372701057,1474347603.624195,1000842.520405006,DrDoS_SSDP
17,55317,3,0,232.74890971721095,236.65392954534465,436003998.35160196,1994936.8909730143,DrDoS_SNMP
17,-117724,2,0,447.3985025016445,440.13953945870037,1316412522.2104478,1999914.0651266102,DrDoS_NetBIOS
0,75421583,35,0,-2.7065688043468663,0.5865683130287193,-3613673.0465218043,3489.878305569634,BENIGN
6,13680307,4,0,1.1905037185464054,-0.564418738643352,757404.9550116658,18268.191752146406,TFTP
17,-10700,3,0,610.8227890949491,536.7915330307147,877185718.5963224,1997374.6934546009,DrDoS_NetBIOS
6,108871378,21,0,39.297715484904316,0.7679837021228122,-1088123.9627209844,719.4561937172657,BENIGN
6,12713539,42,0,-1.9107608376169534,1.8801851650301202,-2276747.5659901714,2712.346633139701,TFTP
6,100002,4,2,554.2908742855727,-0.5970137273719418,4877873.90081595,18627.76178070368,DrDoS_NTP
0,91359376,222,0,2.813984463615983,-0.40025795126961666,-726720.8615342614,-8079.268809968093,BENIGN
17,90288,4,0,387.91349044175837,323.5286380519163,534970.5932053088,3797.3616618350907,UDP-lag
17,-24666,3,0,451.7877864928082,451.60629197000776,978852273.8444835,1999345.9015632833,DrDoS_NetBIOS
6,26166,2,0,2.72659159815288,1.733037074337969,612633.3110993003,1997472.7943903506,TFTP
17,299503,8,0,387.60182783993605,332.0675118674509,442592.72029951576,-10025.285980109955,DrDoS_UDP
17,-35544,1,0,390.8201506251596,393.2293159040322,768126553.4190773,2001249.2118448596,DrDoS_UDP
6,-70776,1,0,5.421536152542845,0.45035347799910963,-3779158.0277746283,1994972.969846486,BENIGN
6,124074,2,0,-3.681866557246067,-0.17783929845500418,1499453.8046253857,26389.89801497059,BENIGN
6,5403234,6,6,574.9758491490106,1.9395532650445364,4094000.9090334782,-9499.149833343938,DrDoS_NTP
6,5988824,28,24,3.752071760811497,-1.336674680244259,-5434016.9666878665,6285.884613721456,DrDoS_NTP
6,156546,3,0,-3.8520334790002826,0.5077021799805611,-5182373.542588346,1998333.8810458118,TFTP
17,-31564,3,0,1472.2833930521056,1469.7302657040357,2922319501.9288263,1994533.7630283732,DrDoS_MSSQL
17,25848,1,0,1333.8936351521083,1395.0933459618293,1465896805.7792492,1002138.2630587863,DrDoS_SSDP
17,-58499,2,0,226.85282842670867,231.41028070719196,414932153.3503834,2000826.0146081373,DrDoS_SNMP
17,-26623,1,0,233.10764876258156,232.74955159224132,476996338.0675145,1007350.0934478277,DrDoS_SNMP
6,113222547,21,2,2.80834852209076,0.3417358193731157,-369164.12898973376,9435.426004738072,Syn
17,-62000,2,0,1470.7812175230213,1475.1086740913627,938119370.4856929,671231.2556817437,DrDoS_MSSQL
6,49490,3,0,1.0750257285801652,2.0713496813021264,2977645.122220329,40962.73800601042,TFTP
17,3754,2,0,1483.9158469512565,1482.3865610800372,2945543884.438965,1996906.7897344925,DrDoS_MSSQL
17,124373,3,0,220.47600515037908,42.16772667152327,5530424.923048593,13268.155647823089,DrDoS_UDP
6,45014,2,0,-1.4169377446640663,1.6332864360553394,-1731462.7045670038,1998393.003296334,TFTP
17,6795,1,0,231.0559025832041,232.1264433007933,431814541.84303254,1997524.6890133845,DrDoS_SNMP
17,124528,2,0,228.0323804876598,229.19254985417945,446842571.60158104,2000985.5032884479,DrDoS_SNMP
6,13889866,6,0,-1.1292104278527577,4.034542306845293,-5269944.964571266,10700.157826461327,TFTP
6,113744592,4,9,0.7560506337761091,-0.10394349229540424,-1181315.090478216,9053.171146943181,Syn
0,107222361,42,0,-0.9778864043619658,0.10309120591275173,873537.3988470914,3229.6800006105614,BENIGN
6,41285,20,0,0.18321147360337986,-1.5977326002602685,3300183.5128913485,1995387.1760305646,Syn
6,100744,3,0,2.971562856743763,1.4520527523929327,120201.62679813965,1998381.4821231477,TFTP
17,9131,3,0,1472.8375876174414,1476.3176295008493,2933554298.5763946,2003020.7740724524,DrDoS_MSSQL
6,-45496,0,2,-0.41603864432315824,2.9294727268011522,409993.80993139325,2002222.559015377,Syn
6,37078,2,0,0.4013712891866546,-4.975702861273527,579758.260479204,2000702.9810630826,TFTP
6,55500,2,0,-3.6977887771761604,-1.2839299756029987,-2199454.3324770713,27855.570585699446,TFTP
17,-25625,2,0,386.56712649815876,384.5255824394595,757349380.9263808,1996590.2572702502,DrDoS_UDP
17,96457,4,0,1470.4796545909253,451.64459638484965,161783264.25947347,9166.977620902779,DrDoS_SSDP
17,-31002,1,0,1473.1665206773635,1477.5455928541414,2948524577.9598227,1996202.9491978823,DrDoS_LDAP
6,9205,1,0,3.4501304195231226,-1.7269478477029478,4009223.2345524216,19140.091967684188,Syn
0,112898864,43,0,4.797756091141905,4.198728767580874,-4580309.682166873,-16633.77184274778,BENIGN
17,29479,0,0,23.547696579128026,48.34900011920824,-304412.96427223436,5617.795420955814,BENIGN
6,94678628,28,25,543.688987622671,0.24538176962924568,7358332.737416714,635.3943294771143,BENIGN
6,-7885,10,2,-0.09153371085619234,-2.840650538311996,-94429.47451726603,2001738.824858549,Syn
6,-15473,1,0,-0.37916165475816904,-3.8386265666024073,-2295280.569691048,1997861.569245944,TFTP
6,-16338,10,0,4.541381018170067,2.815080857976426,-1981095.3713129058,9160.454586452142,BENIGN
17,6552,0,0,1465.6643634097982,1476.2740155496608,1474990187.4530482,999348.3519802195,DrDoS_MSSQL
17,-27022,144,0,1471.1378398033812,1464.0256427514814,124306786.0355801,9069.607198377438,DrDoS_DNS
6,-53528,1,0,0.2130413081017322,-1.4543597110309547,235259.4388000029,1998904.7486323894,Syn
17,-37041,1,0,1467.1622589862513,1476.6315385737062,1464592151.9756196,995219.477057722,DrDoS_MSSQL
6,109105,4,2,1.2571617807657383,1.5938424140880587,-5359074.314158032,20105.412414848208,Syn
17,28522,3,0,233.84373463033364,229.24978678171186,766734319.2972308,2000501.382112137,DrDoS_SNMP
6,110060,2,0,2.6352376400037127,3.525811362540551,-2003417.703749737,1995362.8674966171,TFTP
17,-32097,1,0,1467.019062898896,1475.2605786591405,1466640395.9915397,996222.0523966071,DrDoS_SSDP
17,-1303,3,2,385.7195511946394,662.2330952953901,1110343659.8985574,10878.881549091737,DrDoS_UDP
6,119083,2,0,0.729211460027558,0.37354552967929133,1367534.1973608725,18793.327031800596,TFTP
6,39677,3,0,-0.9003171481938438,4.038850119905394,-1451966.895567795,1998700.276023135,TFTP
6,118236,2,2,4.520012508002359,1.8110729175847005,-4583675.707692754,1939.3711295760277,DrDoS_NTP
17,-43111,3,0,229.3268713814807,232.81753838171525,9658342.274021244,41425.925213526,DrDoS_SNMP
17,30207,2,0,604.5595440584966,591.4050052963539,1218182790.488975,1998609.1513583453,DrDoS_NetBIOS
6,13664205,23,7,0.10593699392309006,-2.1001933792393235,-4187035.4998156503,15453.469864291204,DrDoS_DNS
6,117534216,40,36,5.886489808634379,2.2410388730340745,-1281922.4797390036,-5569.961550164509,Syn
6,5019232,5,6,582.4945299904824,6.823163394220701,3106694.8903286424,6696.150322972829,DrDoS_NTP
17,2563,3,0,1468.1364433870344,1466.086235496436,2620361801.5944653,1997303.388078129,DrDoS_LDAP
17,112849,3,0,1475.6288410719133,1478.560094313656,2930526492.586859,1999351.3295630608,DrDoS_MSSQL
0,86737047,43,0,0.5889256810843987,0.06267503619756988,-5607831.116367175,-7749.844344386114,BENIGN
17,8624,2,0,1474.4216638472546,1480.9205172357972,1305901090.1693454,999568.259597277,DrDoS_SSDP
17,97836,4,2,56.50454738526402,51.98144876644507,2347892.816300279,6207.734969114197,BENIGN
6,169681,3,2,-3.405081658940171,2.0219696256562516,-1537759.2093222032,21753.6620899031,TFTP
17,74170,175,0,721.5562240162654,-0.2309742215971683,4512030.142269783,21408.22375053184,DrDoS_DNS
6,12964866,4,0,3.3735229403292095,2.718012754023582,-5193133.013655287,2001548.7153230326,TFTP
6,-1048,3,0,0.0554148769030399,-0.7403017395817042,7301.668002222199,2000816.7191834801,TFTP
17,23866,0,0,238.67372458496865,755.8917149450441,2500776.2059376966,2000655.4973541717,DrDoS_SNMP
17,-39748,2,0,392.63787597114566,392.51033541204606,929998993.9342061,2000482.1904421314,UDP-lag
0,115623089,51,39,399.55535570409387,35.2674303090965,-5469234.075858179,-22895.531464306685,BENIGN
6,113058034,13,20,4.360011816843083,1.31667003307195,165541.6416817545,-2000.2006445460374,BENIGN
17,-120170,3,0,1479.669427156697,1481.179430018571,1466055214.2478788,995272.7014382392,DrDoS_SSDP
6,35745,4,0,-2.665097985255186,-2.040796064709703,804194.2532541816,2003775.6143461692,TFTP
17,-65194,1,0,1472.548330461958,1479.3976196686635,2932814661.4209533,1999272.2021157276,DrDoS_MSSQL
17,57469,3,0,398.5861595681762,331.55323671189706,3129052.117766938,4872.65332140482,DrDoS_UDP
6,-74162,2,0,824.4464054691362,3.085821508544885,-753431.5088283403,2003503.4334900915,BENIGN
17,59947,4,0,1471.3813607769,333.7118981220993,107706242.62336385,996081.6457610712,DrDoS_LDAP
6,1541,2,1,-4.196751614039889,-3.0265540073043242,-988186.2890652267,24226.742927054263,DrDoS_NTP
6,115839197,22,2,0.7278350330674306,1.99190988140996,-3761972.5079764575,16323.936061918612,TFTP
17,6212,2,0,574.3843054959377,1351.9464194179259,2936124339.315319,1995874.968996241,DrDoS_LDAP
17,-1481,2,0,682.3474582218765,558.8418900825666,454915747.7596247,1997862.0546951485,DrDoS_MSSQL
17,-41303,2,0,217.47638959111302,222.6500799071152,454465668.7427595,1999011.5298070342,DrDoS_SNMP
6,103987,0,0,3.7788271436139245,-0.5870013929045851,677665.0450497287,1997323.2278511664,TFTP
6,4489974,3,3,-5.922989646597934,-2.6451848486424354,-1069939.9090347525,14335.389258703952,DrDoS_NTP
17,33210,0,0,680.0524682045354,224.59007440943398,426567660.8172915,1000233.9141858079,DrDoS_SNMP
17,44648,3,0,1473.5610789342018,1473.6194691374253,1296773148.736787,998354.8852777705,DrDoS_SSDP
17,10017,3,0,231.91291290606705,228.5090346090801,189124005.34879303,2002488.2440251454,DrDoS_SNMP
0,-100819,7,2,0.9301784663257686,-2.1582576708517127,1067277.3325261136,12148.355144798426,BENIGN
0,-93399,8,0,3.8128081919700545,-1.9506245782437992,3313011.720698958,20146.732690891477,BENIGN
6,41025,4,0,3.2644237331847954,1.7251314494660621,-4394245.776435001,17808.91503004006,Syn
17,43169,2,0,385.4679875307013,326.6137675215571,85851313.13622566,999391.3821137331,UDP-lag
17,287729,7,0,390.9180449506801,338.59123581364344,6620110.191819347,-12685.561886634001,DrDoS_UDP
17,98193,5,0,382.7259096596771,326.3983646590773,2629749.473465876,9705.575516142837,DrDoS_UDP
6,61360,1,2,0.8037249537610742,3.076199088260565,815784.8293079267,21656.982831668633,BENIGN
17,-85667,-1,0,391.392381949969,390.752217125179,767949211.1497765,1998945.6486297157,DrDoS_NetBIOS
6,14664403,38,29,600.2412738756975,2.142211479828521,-2751047.136472665,-2875.615734430381,BENIGN
6,113855,2,0,6.776239066968507,-0.8871937606216496,-2162850.8180562668,1995144.5096615814,Syn
17,-69793,1,0,397.2100515421589,393.1680463764452,793637994.632322,2001646.8237311959,DrDoS_UDP
17,15894,3,0,1473.1963742633611,1482.9539798674007,2948281684.788833,1995111.6470179243,DrDoS_MSSQL
6,6383,2,0,-4.915032341335156,-1.6897779101578074,-7127596.47291845,1992979.5376207035,TFTP
6,14011,1,0,-3.828695214666394,0.39616937751357273,-1065203.3152205811,15304.93321492095,BENIGN
17,-10571,3,0,609.6076329036526,537.2657741442408,2609929880.6228228,1994079.5979845587,DrDoS_NetBIOS
17,21642,3,0,1468.4607268066227,1473.678356842938,2966743869.843264,1999497.7373649215,DrDoS_MSSQL
17,70957,2,0,385.3129493235319,392.7694994085307,1191060.891290817,2006486.8989144505,UDP-lag
17,12256,2,0,1470.0980319503406,1477.2361645744331,1467068478.7451441,998647.0253062329,DrDoS_SSDP
17,123618,6,0,384.7570429167031,324.2626550846316,-865280.1885993679,-2525.143605245674,UDP-lag
0,90601559,35,2,-0.44222240553365205,0.7988239387014324,460116.386083032,-2644.641247547308,DrDoS_DNS
17,181212,7,0,402.1242645002533,341.2213011265737,743124.7125085015,-5571.017283044155,DrDoS_UDP
6,25929,2,0,0.10391922063293761,-2.568215888505867,-2115553.327802038,1995879.3367507348,BENIGN
17,204095,3,0,390.1642787215932,333.9344458262847,3761365.112842533,-1739.1527864874242,DrDoS_NetBIOS
17,8015,3,0,47.649869175176285,1477.5917540413723,2054711.389044015,995796.2844100589,DrDoS_SSDP
17,29915,3,0,463.74764373635816,465.45961381295314,2258293.1894630073,7948.316800989394,DrDoS_DNS
6,144878,5,0,-1.6381050989310257,1.1067739221461406,-3346401.4933817815,26126.541174388552,BENIGN
17,30920,3,0,1470.6684056855722,1474.653368238581,2937435954.718877,1002698.7689658174,DrDoS_LDAP
6,17946,4,2,2.6566381629207356,-0.7366707847876872,2954685.016525962,26207.163821288283,DrDoS_NTP
17,-1155,205,0,442.25627595117606,445.996869093811,4378829.747948813,5367.336656085547,DrDoS_DNS
6,32963,3,0,2.603234834042748,2.695966418504534,544497.9351916941,2002961.4714533298,TFTP
6,-3846,2,0,-0.33554519326969795,0.47697227246125345,1886457.288107668,14285.524072474254,Syn
17,129939,2,0,1467.7452168880081,1477.323388963381,172192681.0151521,1003812.461100985,BENIGN
6,114194325,16,0,-4.092537503936765,-6.438922036088561,-5514620.662147594,-47.56608527125354,Syn
17,2008,156,0,441.2147603825477,358.528827741197,1145227.900629301,9125.739787894832,DrDoS_DNS
17,76323,3,0,1477.1072356130512,1479.660086284895,1483554823.6603074,673408.9953370461,DrDoS_LDAP
6,113592796,2,8,2.486990720780403,4.861234296460112,-1318401.1774238006,13515.68227055443,BENIGN
6,32678,2,0,1.1141160844832043,-1.8685435205906769,5615711.5277048545,23351.657031776806,DrDoS_MSSQL
6,-15731,3,0,4.816817743192314,5.657371444324764,-1872987.7041219592,1998060.2162714917,TFTP
0,107590972,7,2,-1.1619816610576947,4.104408819955983,3828745.4817088377,8912.455901542191,BENIGN
6,-42338,2,0,-0.9252924887479065,-3.472647481756806,-1353388.2480075348,1995205.0872290393,TFTP
17,-9037,4,0,386.2851931650388,387.1557287746984,780594040.9069613,2002438.871985823,UDP-lag
6,63658,3,0,0.16809333526838344,-1.3417969585767175,-4838764.610552261,2002289.764871231,Syn
6,114819090,16,0,-0.8478315181295503,-1.4373671546590947,-2443934.618045198,21607.66601434989,Syn
17,10197,4,0,1471.0605585779335,1468.745240450103,2943214976.4134088,1993535.8799306373,DrDoS_LDAP
0,108242315,230,0,4.3906402572709595,-2.190780065936462,-3020327.836427777,-5649.513448290247,BENIGN
17,89768,2,0,1416.5750122263744,1410.0835466582073,1207067151.1865685,1002791.7129839286,DrDoS_SSDP
0,107815653,43,0,582.0802445416208,3.6460771194979875,-1961383.9902548825,-13279.791649068342,BENIGN
17,122857,0,0,1463.0584024537025,1473.0782439881852,2942084942.0069776,1998879.475706186,DrDoS_LDAP
0,111742884,9,3,-0.21264973408979787,0.8707320927146177,-941342.1654069482,6340.543912989409,DrDoS_NTP
6,-81673,20,0,967.2399851372876,3.3900209679392197,3644536.782150979,15808.581904829887,BENIGN
6,113579206,15,2,-4.587818874629279,0.30314763607543505,-4472457.285332793,13774.298708797229,Syn
6,112047186,10,2,2.0999603406358736,-1.4292893412051513,-5646828.696311532,15923.178590229623,Syn
6,-62899,1,0,0.0006756485689401875,4.333575002168109,2932274.7755277487,1999046.488011741,TFTP
17,-14885,4,0,394.721615327726,380.9225650241638,781423346.6808888,1998581.1902314047,UDP-lag
17,41018,2,0,452.42456966487583,451.41253954891897,907196575.3860664,1996188.0035979822,DrDoS_NetBIOS
17,-61657,3,0,383.9145829520065,386.57715564209786,758801544.5742923,2000981.9345024365,UDP-lag
17,43377,2,0,1467.2341627947897,1466.4417063851456,143003414.34883648,675606.479962936,DrDoS_DNS
17,88825,4,0,380.102308829937,325.15797275572015,-3374951.509887671,13409.377246507574,UDP-lag
0,109861686,39,0,1.597401647453264,3.0129569664724127,-2534379.509187174,-13000.553767608577,BENIGN
17,-75253,2,0,1470.23508223594,1467.9596828093597,2912922236.0582433,1999038.3959033182,DrDoS_MSSQL
17,65011,2,0,1369.1813595007677,1371.743523062632,1186331426.6646276,998404.7258062402,DrDoS_SSDP
17,3885,0,0,221.44805835461415,230.3574634117462,445523303.88053083,1999925.184192561,DrDoS_SNMP
17,26696,1,0,391.076885446611,394.00554294453065,1131868668.6863434,667621.3841565731,DrDoS_UDP
6,198684,4,2,22.54615218605068,4.065666388997772,-1087370.2306893512,14775.569228404198,BENIGN
17,602,2,0,445.7271006208491,445.6971721869319,963497231.9950954,1997773.6123691164,DrDoS_NetBIOS
17,52055,3,0,1474.799856561521,1478.8115100244643,2950902667.9505477,2001008.355732451,DrDoS_MSSQL
17,184631,5,0,387.7714480372942,327.90459570977794,-538362.2068214673,10690.001559208426,DrDoS_UDP
6,149760,4,2,27.297254489430138,-0.5007595907167647,760973.3715460418,7568.507079452271,BENIGN
17,46091,2,0,1471.1757984424314,1476.4582228766706,2952817296.6267285,1997046.9838058602,DrDoS_MSSQL
6,82447,2,0,2.941461414075442,5.060468437268922,3083160.4934370965,2007530.8316618896,TFTP
6,122572,2,0,3.9336669915503104,2.4776957012089573,-931133.2300938808,1999556.234541617,TFTP
6,11684775,5,0,-4.473645889239277,-0.8676665130727035,417669.9049843155,-1455.0844073223252,TFTP
6,-51428,3,0,-4.661120309893941,-1.9110535173997976,-143853.54668766656,1995025.4411337026,Syn
6,67420,3,0,-3.168764028539098,-2.494982623839985,-6675537.097407803,2000973.5386661738,Syn
6,97915,2,1,-0.5790498071523841,0.45399992533906824,-1129757.9942375266,7717.488430309028,BENIGN
17,-52494,2,0,1470.0025061875556,1475.682901318603,2935801520.626063,1998060.9574576046,DrDoS_MSSQL
17,130108,3,0,391.6273977266022,335.0116051426642,2995887.021082065,4860.574767003891,DrDoS_UDP
6,111783,2,2,2.6075803222414202,-0.7784747088155201,-1071385.635787735,17745.163317976323,DrDoS_NTP
17,-16653,2,0,1461.9454172095338,1467.0959121395435,2932716197.5292826,1994977.8933939387,DrDoS_LDAP
17,76796,2,0,1426.3314226333937,1405.9745830796298,1198317014.2072537,997073.7011096545,DrDoS_SSDP
0,-158069,7,0,-5.018463109163377,0.5736571572241279,-534020.0607353884,25763.38061447857,BENIGN
17,24542,139,0,1465.0024891083253,496.14260654725376,223244788.6706553,14455.558284743323,DrDoS_DNS
17,95121,4,0,382.6712770845829,733.0114904701189,3211262.0569863846,8426.215397843036,DrDoS_MSSQL
17,150364,3,1,20.920905147656427,45.19489992615167,941484.5095112195,-1389.0930168629293,DrDoS_UDP
6,74874,3,2,-4.451853937705631,-2.537721025040702,-486313.2252716727,20439.70896061218,TFTP
17,253126,6,0,400.24477685504206,333.1364995671029,-256379.32369864942,2548.6774274716,DrDoS_UDP
17,41638,3,0,391.601020150092,780.6706233499115,1214814884.12216,1999516.8370791497,DrDoS_NetBIOS
6,12491737,3,2,628.2031358624803,7.356708085393828,3368419.6145627974,14551.716606950744,BENIGN
17,-10857,3,0,390.8669037290431,392.3753815043141,762081532.5495371,2000168.848489074,DrDoS_UDP
6,4001522,3,27,36.379291403306254,2.1602228924181253,-581929.01878451,14012.758330246299,BENIGN
17,58554,185,6,433.41179044221957,23.416036134694394,1364984.985389403,9244.436678753562,DrDoS_DNS
6,143876,0,2,0.17641468339792155,-0.21093491773959216,-1622055.8696292255,33217.59052359671,TFTP
17,37873,3,0,793.5412572456287,1400.1867561903703,1300127513.9366763,1001920.979201027,DrDoS_SSDP
17,-99601,0,0,443.65557651638636,438.31774728472135,1226431820.9153314,2002284.493985388,DrDoS_NetBIOS
6,-39936,12,0,761.9871961216602,-3.18528178013843,5548699.9721617205,8240.177129869457,BENIGN
17,26974,175,0,445.4867815357678,429.3260343977213,5482555.960039612,1838.4412181718726,DrDoS_DNS
17,107733,0,2,31.820559500968272,35.90790117894412,-3757714.244105438,11162.008835955205,BENIGN
6,156589,1,2,25.590532196234033,3.676376555562204,1034014.9473897617,8733.556825030171,BENIGN
6,15499070,6,2,-2.064544871128017,-2.7705908110212056,-476907.2776269207,14966.30862637795,Syn
17,-39822,2,0,388.3029010725196,381.56265475013896,777969834.3823667,1995760.160774704,DrDoS_UDP
6,5371623,30,0,-3.933899052269171,3.7049518925852065,-1458532.7927279703,7444.831553315105,Syn
17,30376,2,0,1472.3042265027668,1470.6816598297798,2930687320.4732428,2003231.5515305516,DrDoS_MSSQL
6,86381,2,0,-2.196301344120893,-0.24761670176126965,715313.8660817107,1998965.6870658828,BENIGN
17,18466,4,0,225.53013091248667,225.19897004883757,408136714.49535036,1994002.2430452288,DrDoS_SNMP
17,45034,1,0,441.9925808120471,449.5089008157105,928509715.3817017,1999831.7441565807,DrDoS_NetBIOS
6,-21434,2,0,-6.502203595577599,-1.727755341329632,2365092.2269932637,23089.993522049866,BENIGN
17,-54941,2,0,452.1673049071233,448.9889785455014,844287122.6540859,1998478.2850491481,DrDoS_NetBIOS
6,95291,3,0,1.5812969305999927,1.089074131052047,-3103271.1075241547,2001870.7281583638,TFTP
0,76342291,24,0,-4.861767491850038,-0.255262190187661,1461198.2132025538,1000180.0608666847,BENIGN
0,118196501,43,0,-3.488018446706968,-5.337319245181978,-1183574.4076114974,-6850.332209277309,BENIGN
17,36228,1,0,222.41557628225357,223.16553230681458,445096897.9466658,2004274.696840215,DrDoS_SNMP
0,114394687,222,0,-2.0740739995074247,-2.473949500825517,-2584469.136404738,5172.260263549598,DrDoS_NTP
17,67359,3,0,1473.1193769158556,1472.6364389256069,1470027313.7295015,1001958.2200629,DrDoS_SSDP
6,-32784,0,0,-1.9924844149409635,-0.10346081649354198,1564182.1701568323,-297.9561235481524,Syn
6,71958,4,0,-4.305774427123438,-3.2320770151549936,-3828764.2250103652,17463.51654054227,Syn
17,188,4,0,224.12390430822572,226.28400524090623,417740215.313499,1996243.8632381924,DrDoS_SNMP
17,-37152,1,0,1472.2531336981517,1478.825342980103,942454193.0950772,995326.6112776579,DrDoS_MSSQL
17,37449,4,0,1473.6846692347976,1481.9411062966672,2923956236.121998,1997546.3250000128,DrDoS_MSSQL
17,38230,3,0,969.716153895671,441.65364151688664,922306526.5267034,1997020.8509723542,DrDoS_NetBIOS
17,66764,5,0,395.8060297929802,394.4648692577923,850762.9748239786,10416.52866220595,DrDoS_UDP
17,88208,4,0,450.33052389663595,450.6709487576701,5599059.364582914,11661.479353261411,DrDoS_NetBIOS
17,-23774,4,0,1482.6616279826362,1479.2355024410701,1474493823.0368927,1002142.2759997599,DrDoS_SSDP
6,97410,2,1,-1.5414007675317742,-1.7672212741833155,1390383.1024997912,17818.20755850477,BENIGN
6,46979,0,0,4.647227293446595,4.546743138796781,-63.99574921024032,2006859.6677316085,TFTP
0,-92498,8,0,1.3763982372661294,2.270449036961244,1620954.3411428318,2006400.9955341388,TFTP
6,90478,2,0,-3.400299633250841,-0.027652635361647054,2552041.1236468926,1996924.2241634086,TFTP
6,115800577,20,0,4.98950954928833,-1.5256371524327537,-834657.2747949439,-623.0421507319388,BENIGN
17,-208,2,0,235.98135658633794,224.6145005543415,487808036.94177955,2003757.5540382094,DrDoS_NetBIOS
17,251209,9,0,392.37870131549835,334.16782808105836,-3005160.0529835187,-24777.00223505309,DrDoS_UDP
0,84793950,38,0,5.016934289576433,0.6659192521038065,204624.84859124292,611.6744142145835,BENIGN
17,-44676,0,0,448.5648707589745,443.22469355820186,936860183.6375593,1997112.9409956604,DrDoS_NetBIOS
17,-11760,2,0,381.982383322265,400.04354458560545,803447891.949517,16687.32359284703,DrDoS_UDP
17,-14446,2,0,1473.88931297968,1472.4899652407425,2935912508.6334596,1995229.679199359,DrDoS_MSSQL
6,105004,7,5,761.908667154519,0.6264151965210023,-1240348.5749942155,-6875.966651069393,BENIGN
6,14168147,8,0,-2.6838382972083052,-3.8700489909253037,-7013629.398135441,15843.972635208322,TFTP
0,-64106,7,2,-0.1908143713279138,-1.3045607350671555,1386193.8904682077,9072.408384591607,DrDoS_NTP
6,123228,2,1,49.8281713523165,5.339651197443036,1432394.1237584173,8123.820264008047,BENIGN
0,119972018,50,42,2.9328419813224,-0.9682815247578311,-7166444.809625774,-26443.431537889966,BENIGN
6,5094,1,0,0.9855808943901417,2.127739007376145,1196921.8590920805,1008912.9968652612,BENIGN
0,106844042,42,0,1.2671307206669835,-2.7547432644554712,-1854290.1570680232,-5462.60945625398,BENIGN
0,114104508,211,26,-0.8773252036025442,-2.8730080484435097,-7126507.748872758,-16610.628884348906,BENIGN
0,105887370,219,0,1.4891023952604803,-1.8517526992991848,6673899.494461412,7611.9965746946355,BENIGN
17,-111991,2,0,389.64501330163154,391.2574049817264,762331499.7401978,2004931.1223368172,DrDoS_UDP
17,40395,4,0,1470.5050986879078,1468.4824825120481,953494434.1363534,638892.8749193295,DrDoS_DNS
6,117916644,10,2,-5.993699019251401,-7.127666183418641,-7531446.524944293,2016.6504298454156,Syn
17,59879,2,0,227.67457664070437,1478.951730976809,447418650.1335422,1995459.9393006668,DrDoS_MSSQL
0,-38417,7,0,-4.44254210798824,-3.9118297314647457,5018924.596774076,26424.923166075052,DrDoS_NTP
17,-15429,-1,0,440.5449898518586,439.23962944135144,946425270.0924194,1996019.5493743015,DrDoS_NetBIOS
17,44444,5,0,233.02267051738346,235.2091280215521,458219825.40343213,2003161.7846982412,DrDoS_SNMP
17,66507,3,0,1470.5858233810102,1474.8324711387904,2933109061.8952317,2001786.3290521794,DrDoS_MSSQL
6,85644,2,0,-0.6344781849453687,-1.770941366447018,-4328078.411504219,2003614.9340091662,TFTP
17,30889,1,0,1468.536702971438,1474.8549734805456,2925522574.773813,1994000.645494768,DrDoS_MSSQL
0,103565326,33,0,4.235263953262721,2.481997981216936,-1555025.7928930067,-3418.3248082829978,BENIGN
0,76715089,5,2,-3.534411468526645,0.42373991227122104,-5581471.969107079,12173.682193907147,DrDoS_NTP
17,23387,3,0,928.1389706498743,452.8052772521653,955871607.2015297,1997528.8776876251,DrDoS_NetBIOS
17,1124,2,0,1471.6012982326138,1476.371758559535,1468479656.0253987,995337.36035554,DrDoS_SSDP
17,-15772,2,0,1466.8593819847008,394.1386192916643,1072213513.879334,2000281.562389595,DrDoS_LDAP
17,-13346,2,0,1394.380829668632,1384.2131008847853,2761637096.5236907,1001214.2585216678,DrDoS_SSDP
6,12577,3,0,1.9926548175364072,5.81328045908584,822358.3765261153,1998246.516035663,TFTP
17,18144,2,0,1470.1845353475044,1478.0803765704445,1461766230.0184934,659724.0186032811,DrDoS_SSDP
17,174609,4,0,392.03975210446595,333.9896897731888,6842802.575319226,12751.539578074613,DrDoS_UDP
0,90173103,45,0,1.0974947376357806,-0.272298015027115,515778.40950561373,-5719.84789742302,BENIGN
17,-71113,2,0,393.3144105132701,382.91657666069875,777621255.1541493,1998168.6201193666,DrDoS_UDP
17,110636,1,2,33.41662301881836,23.247833191916513,1012272.6772465052,7725.2701287884265,BENIGN
17,6125,3,0,1468.2949599486399,1470.1652493709678,2931620100.7374277,1997333.0994246672,DrDoS_MSSQL
17,-48693,2,0,1467.1050799500695,1475.189692886297,2919678024.714574,1998706.7427527988,DrDoS_MSSQL
17,-97507,1,0,394.7862833550414,384.72357982339616,791872242.6201725,2002818.7540252423,DrDoS_UDP
6,11688440,2,0,3.660563316894802,1.1367353993867455,-3082432.081072652,2000351.5342945622,TFTP
17,-17444,1,0,1472.3230145663715,1479.4701836894376,2941096347.93706,2001124.7412773985,DrDoS_MSSQL
17,37285,2,0,1477.0880597676585,1476.3121807580048,1474940116.9103167,1000498.5554746176,DrDoS_SSDP
17,-40077,3,0,1466.0830503272155,1472.5666468539398,2926263555.4689417,1996238.9172734995,DrDoS_MSSQL
17,82677,139,0,439.0932933556287,433.4109305928514,141977141.09777403,19150.85374365755,DrDoS_DNS
17,94417,1,0,34.94900825174539,845.5488814078191,6016787.427114272,12579.899675795352,BENIGN
0,107021382,7,2,1.5060439302312603,2.2712916101383813,-2757356.958006708,13070.503163104615,BENIGN
6,491,8,0,1.5950403434100466,1.3363295205666117,2628849.4508511806,19581.865932323068,BENIGN
17,-4166,0,0,1468.7425089105698,1480.0915341978898,2958472416.0025425,410099.99348422955,DrDoS_MSSQL
17,-44379,3,0,1470.2641221996291,1476.1623587752806,1221143526.3479447,2003783.8182831244,DrDoS_MSSQL
17,-13088,0,0,222.91000562236943,231.57066237452221,438348776.46188587,999633.221183766,DrDoS_SNMP
6,97883,1,0,-2.0276436294802136,1.450696711978874,-4038114.9073349293,27758.293001828595,Syn
6,173973,5,2,-1.0900612606488937,2.7035429374362248,-5273214.3577854,9879.741770454593,Syn
6,111878668,28,17,529.0068125830928,-3.264792845741928,6595751.333412431,-1102.3899257739013,BENIGN
17,90757,4,0,438.51983631909195,322.4881340898793,1530265.0927201672,2259.890592274389,DrDoS_DNS
17,190011,3,2,31.161368082342886,34.291010810481694,1609266.4784960616,9104.617189203955,BENIGN
17,-26862,3,0,224.692955615148,229.21062299129235,491419671.0380129,2007412.2815649023,DrDoS_SNMP
6,62895,1,2,-0.05542125304437319,1.224973305458097,-2044865.4496430766,19347.89346437969,Syn
17,42410,197,0,751.6675928870292,572.3488073139825,-1026958.3936155045,6430.0392208464655,DrDoS_SNMP
17,55103,0,0,1464.1834646184786,1476.371380865915,2949012937.5638194,1998857.3266997242,DrDoS_LDAP
0,114708890,201,0,-2.0168720668982276,-1.4769943206516134,-1098635.9477006167,-15809.773485253507,BENIGN
17,-42308,1,0,1473.3803166480018,1468.9358925770857,2937552581.6340985,1998447.8317434886,DrDoS_MSSQL
6,34243,4,0,-1.0062883823270725,-0.06665791396091404,-689771.8865989586,12987.162350560437,TFTP
6,45191,1,1,-0.2613491593002213,1.8618677746581698,2031366.6330642742,2000266.0689844885,BENIGN
17,58637,4,0,1474.5803809906085,1469.2385383284561,2952695916.847075,1999017.177276748,DrDoS_MSSQL
17,33280,3,0,1469.6455289501648,1480.6997292569333,2925720457.6332498,1998472.8054510674,DrDoS_MSSQL
17,88244,3,0,386.75993372353287,327.9339560790527,1071467.886673138,20344.80157791095,UDP-lag
6,-66335,3,0,-0.07277407302458071,-4.613500859128485,-4503670.058873511,1999362.980730474,Syn
17,25582,4,0,394.58261441828995,1475.951287769954,1240204530.836292,361394.84939204645,UDP-lag
17,18307,1,1,37.46312185365121,-0.9713726196563051,-4715788.720083473,16190.291137002216,BENIGN
6,146810,3,2,47.19927118137057,44.525780705735265,4973179.128815752,10121.354589845434,BENIGN
6,81403,21,2,1.494975037113971,-1.1450729421935726,-8299120.988623864,2453.969294137697,Syn
6,-32898,2,0,-0.3018251276397539,-0.21119748872804145,-1792479.8357047152,1997276.6185434635,Syn
17,-21458,1,0,1468.4718264307905,1473.6642155839024,2931714940.288519,1995102.8172019257,DrDoS_LDAP
17,-17384,2,0,378.8635784152244,393.6175086433069,774987235.2856243,1999612.2576408712,UDP-lag
17,36159,1,0,1471.3873838410436,1473.388164001564,2963471632.6638255,2005448.3772250242,DrDoS_LDAP
17,198951,8,0,388.96733703439133,332.14915975437026,2338785.8248699964,3740.916914975549,UDP-lag
17,1338,2,0,235.65125245071854,239.6203067709137,442938351.3660735,2003508.5647191037,DrDoS_SNMP
17,32980,3,0,439.26966002107866,444.75202389041965,-1604514.957662293,1867.4663644149405,DrDoS_DNS
6,95810,5,2,3.6750335646268018,4.680821828393652,-1698683.4138836188,18702.245236952083,DrDoS_NTP
17,91822,5,0,386.53705422322184,327.7447073459331,6134642.878752778,18253.91798949847,UDP-lag
0,116952328,228,0,1.9084535261716706,34.107993107090834,-6503746.857813435,-17956.683685621334,BENIGN
17,27299,2,0,440.81090452004133,435.2856946399043,945477398.8361976,1998732.4835422684,DrDoS_NetBIOS
17,-42606,0,0,897.476479380854,829.5263440267887,450679434.3645168,1999122.9408503997,DrDoS_NetBIOS
0,104892978,34,0,-3.3657013693870863,0.6882147962904294,282923.4607811526,6462.350826581667,BENIGN
17,19031,1,0,1477.8745750497335,1474.9182046626893,2968093975.3083086,1994069.5746437642,BENIGN
6,13448,3,0,-1.2913096517379576,3.0950756488799644,-684352.0218138036,2002758.7477109088,Syn
6,-65920,2,0,4.90624778361182,2.260499723957557,566826.1729364657,1999977.4453382797,BENIGN
0,86283365,198,0,0.06823619142000148,1.6110733343453343,-3841966.8830259973,-13073.142911031358,BENIGN
6,186579,5,2,1.493420357345158,5.661158265197058,9245824.840477798,26081.015292858647,BENIGN
17,72242,2,0,222.25550673293142,224.26680880152375,420191613.1528303,1997056.4979918627,DrDoS_SNMP
17,-34357,1,0,456.5649946059676,451.0433658523991,948544179.4123098,2000936.9455489388,DrDoS_NetBIOS
6,3831288,5,0,2.7710408155349886,0.5737365565220786,4883703.245022136,12692.440483121609,BENIGN
17,85017,155,0,444.13869413405183,586.3611731634505,250171.68346430687,7393.149732636326,DrDoS_DNS
17,92639,3,0,1473.126093958316,1478.6041041111812,1462755293.22194,999959.2273352001,DrDoS_SSDP
6,119115998,26,8,1.2415220976004318,-3.2426588666772673,-6253249.600300478,5047.751932810436,Syn
17,177551,5,0,379.652946023977,335.76193062623406,-916433.0396692457,5387.9043886034915,DrDoS_UDP
17,19350,148,0,1466.9483197018242,1465.1879986734666,162081581.05665976,650879.7830031586,DrDoS_DNS
0,105468321,6,0,-0.4287395207232311,3.6705810154475413,2638624.0776075595,2461.76427590825,BENIGN
6,88797,27,2,-1.4355150826206728,1.966487941452325,1636384.6088144532,4503.244994376674,BENIGN
17,59026,4,0,1474.3187892958347,1478.4854989453345,2596240297.8478565,1994712.8484350322,DrDoS_MSSQL
17,142457,3,0,395.5983160501473,336.6998420694299,3662392.1517657246,15950.193916767457,DrDoS_UDP
0,100535742,32,0,-1.795323591149841,-0.833549215713789,2147063.627544886,5162.118759519746,BENIGN
17,62966,4,0,385.6101840283492,403.16226612958104,-3070769.6347370446,3052.1696055586654,DrDoS_UDP
17,-12843,3,0,1478.572428018894,1481.093078131164,2942599131.2233343,1998357.7091551088,DrDoS_MSSQL
17,-72932,3,0,1476.5467515005025,1475.5096365662882,2928244003.238952,1999213.0169294474,DrDoS_MSSQL
17,13397,1,0,439.7513463733135,442.51964920640813,938249702.04258,2001261.3891732474,DrDoS_NetBIOS
17,231467,7,0,388.11903781870825,328.5745504427534,2710044.616585731,-975.9630257644003,DrDoS_UDP
17,-44357,2,0,437.0833303530929,443.53259557737255,3184572.883539361,1004319.4878352098,DrDoS_DNS
0,112153037,43,33,3.478821361054962,-0.1742726653919054,-5315687.4798756195,-14531.779957723105,BENIGN
17,64457,1,0,1353.0954346120786,1386.630707175774,1216875209.0286672,1000174.6856700939,DrDoS_SSDP
17,136518,181,0,397.26952061715485,331.97566597906297,6902730.177141981,11738.127985968124,DrDoS_UDP
0,103315865,39,0,2.5474938469022868,52.72049359946071,3611060.933553745,665.0657367116073,BENIGN
6,-29388,18,0,2.8761634086603367,-0.49611636403702863,1250942.0726957582,2001516.1258089705,Syn
17,59044,2,0,1406.2261961606034,1408.664874966337,1315932233.3318746,999216.6642015292,DrDoS_SSDP
17,158594,6,0,383.32004614251224,321.6884529223123,-2696722.5981927533,2906.454789257309,UDP-lag
17,-43333,1,0,1469.6335789399607,1475.9748412125589,2936560733.872303,2001737.0205283712,DrDoS_LDAP
17,25899,2,0,625.3989702819068,597.0036429586476,1130936241.0286455,1998189.0552376201,DrDoS_NetBIOS
17,85610,3,0,43.01391838490036,1422.4578654481356,1146235471.536006,1995892.3266396674,DrDoS_MSSQL
6,91166,1,1,-0.9694652323859313,-4.33892204096404,1766974.6557085635,25490.13060965784,DrDoS_NTP
6,-11926,1,2,22.59477628266589,-2.155135922844483,-2167629.285872196,20188.66515339668,BENIGN
6,113569209,18,0,-0.20692108897801742,-0.9927814369098569,-4032087.198466572,1993908.6080360252,Syn
17,32953,0,0,219.19289711509313,227.73567564741583,435737671.451306,1997680.819165938,DrDoS_SNMP
17,14114,2,0,400.5344268357691,395.5303182232601,772892045.3283598,1999823.039688707,DrDoS_UDP
17,59318,1,0,776.5963492421583,541.2036572069148,78059.47037565662,17343.79539242859,DrDoS_NetBIOS
0,-62738,5,0,-5.402290637991031,-1.2328203985248305,946209.2591566248,28998.831113507516,DrDoS_NTP
6,28249,11,2,0.49483648209012027,4.135405420587571,-1624016.163442265,15138.442176183951,Syn
6,12852689,5,2,2.8904682571875426,2.471119558100923,-1549631.0256665975,20976.206074479313,TFTP
6,6080623,40,39,452.10766690990704,4.551563976449634,669814.8105183443,-6322.977464931391,BENIGN
17,-48221,1,0,382.59365932470814,635.3882715581502,430331475.4722513,1999573.883512542,DrDoS_SNMP
17,-26792,2,0,1467.9454006387148,1479.1364541923137,1467456707.1097894,1000196.4939546731,DrDoS_LDAP
6,75988,3,2,-2.4690305666177483,-0.40798862103342615,1884565.1066532563,18318.362742839876,TFTP
17,-127654,1,0,228.4784518101169,225.59546479715684,479180026.81068826,2002751.0369532409,DrDoS_SNMP
0,76757745,32,2,-3.9426778212063023,2.0039546719132892,-2958218.7601673156,4089.836631698283,BENIGN
17,-43056,-1,0,434.89357112337166,580.6977508147411,1004709647.6646363,2007051.1083873957,DrDoS_NetBIOS
6,83042,3,2,-3.9704190511751327,-0.5345150817974219,1239889.953356919,2002526.7169052837,Syn
17,24609,1,0,389.56343931253014,397.7283920293021,792568805.3812324,1999421.835391294,DrDoS_UDP
17,8510,1,0,37.19369370647064,584.7841554240499,4340950.687012937,17481.52348553924,BENIGN
6,4896131,21,21,49.01031047632361,1.9739708411421115,-529680.0620340151,-5574.979169014814,BENIGN
17,-13725,2,0,227.59300156725325,224.96771435366836,460100160.38382375,2004684.9630010522,DrDoS_SNMP
17,63227,2,0,1472.6383260535547,1475.3028911776614,1468584658.7529352,997848.0264509126,DrDoS_LDAP
6,82129,1,1,-0.7926148610195348,-1.6377365671022952,1095281.376470628,30382.7352090909,DrDoS_NTP
17,15284,1,0,550.634329627004,444.030603350558,934143281.2921426,1995953.076330304,DrDoS_NetBIOS
17,20305,3,0,223.40119683975846,236.50542834927566,3073238.368193758,23855.178086583775,DrDoS_SNMP
17,-34974,1,0,1473.7923827849313,1475.3661551518092,1461414098.4457798,1003428.8428240934,DrDoS_MSSQL
6,47547,2,2,-0.422334727542587,49.31430531332709,2154590.4122550036,15296.841380469796,BENIGN
0,-102036,29,0,-1.7844145192582983,0.03565196150127787,3244513.2354588048,14785.564616231342,Syn
6,-14830,2,0,-5.748882003907217,-5.285837957662253,-8803190.558548063,1997516.2165848843,TFTP
17,18539,0,0,384.94556745114346,388.9093484779455,770150578.5766963,2000799.5511847537,UDP-lag
17,42579,3,0,230.5207176590149,232.5849649213435,11922142.609721515,30630.111672878746,DrDoS_SNMP
17,1875,1,0,1468.712299917887,1474.5422642437004,2933567257.9198017,1992193.636585648,DrDoS_MSSQL
6,162869,1,1,0.5608497117425236,49.45059334927947,-3815357.5654477095,10989.010933730715,BENIGN
6,67060,1,0,-1.2613044898384096,-0.3058062616737008,-460563.80105639645,2004443.2293954024,TFTP
6,41962,1,0,1.513705284452722,-1.2466567913052617,-3655319.96234658,4946.213300150733,BENIGN
17,44064,1,0,382.6956135245567,326.6485674673711,130460.08617097791,5366.45649366291,DrDoS_UDP
17,23152,176,0,441.7189000042107,432.8029817872003,2629794.8369677803,26485.116111177973,DrDoS_DNS
6,102566,3,1,1.547629219153824,-1.2720191956220641,5530611.745517972,23158.457914801736,DrDoS_NTP
17,32325,2,0,399.4064211549135,400.18143586975475,765979155.0351735,2002348.2921630412,UDP-lag
0,-225864,3,0,-6.735180744091826,-0.33771390700243575,-1163259.8798743149,22215.582186949345,BENIGN
17,-3017,0,0,444.03770676041245,450.4675705334441,918355167.7655873,2004008.3256567565,DrDoS_NetBIOS
6,122874215,35,10,587.1970075946392,-2.968717898761446,-172073.13437199616,-3507.0999307456786,Syn
6,110834,0,0,-1.6576254791278677,1.9384223091908006,1257532.4299098446,2002993.2856400795,TFTP
17,45874,3,0,1480.9770474906034,1475.462270272902,928291744.1141137,1001162.970637708,DrDoS_MSSQL
17,49439,2,0,1465.9464187596136,1476.1393007261681,1461868776.5127378,997812.7024688453,DrDoS_LDAP
17,-17785,2,0,1470.8432355399304,1470.754566263491,1469125478.8846664,998367.7938518327,DrDoS_SSDP
17,219025,3,2,384.0938690222947,331.07121925198913,-1242786.6619042305,-1978.0452699678372,DrDoS_UDP
17,7068,3,0,923.3969768670879,228.8807527579101,1105271427.4673676,2002558.5547976207,DrDoS_NetBIOS
17,-20691,2,0,391.61364693347474,392.9079844869004,783476637.800195,2002530.3286576723,DrDoS_UDP
17,-98630,-1,0,382.7905642477455,390.2448589925726,776099726.0192198,1997198.345270288,DrDoS_UDP
6,117532790,34,7,-2.1176055180758384,-4.406438556177477,-3238567.3493176987,-752.7598417415593,Syn
0,-66208,8,2,-8.675790697312253,31.77686637716945,-6752202.48931763,6922.888017511768,DrDoS_NTP
17,11184,3,0,1481.0113875464162,1477.9643385500715,2923642342.693078,1992487.824472332,DrDoS_MSSQL
17,-98991,2,0,1473.7209175511202,1476.1312052001256,1460854828.9454362,996165.2233440587,DrDoS_SSDP
17,9080,2,0,1472.637009178258,1473.9175607528164,1470578121.4915617,999469.8788829317,DrDoS_SSDP
17,20632,0,0,32.001973654580596,440.59858415780263,1142174681.6978877,2001243.504338169,DrDoS_NetBIOS
6,187600,1,2,4.154436854179942,8.336025112674278,-2098139.111532731,22740.726129619507,BENIGN
17,48257,3,0,1476.152520591927,1480.3914902729496,996513665.1063614,672493.8735057429,DrDoS_NetBIOS
6,131304,22,2,0.05291219079579076,-2.937409012668093,-767150.881288735,18683.228761827315,Syn
17,86669,5,0,388.90652240570097,326.80892140412317,3036742.894065949,7245.4158560793685,DrDoS_NetBIOS
6,7265745,7,10,848.8595550025317,5.774751382617453,2054825.468856495,3694.2590660254527,DrDoS_NTP
6,-65222,11,0,-1.3571738220263634,1.1445053538206211,1956304.7000246255,13578.541691973172,Syn
6,88364,3,0,1.7684572867822108,0.8867962582709281,-7260758.48273781,2000936.7489471643,TFTP
0,117766670,52,0,0.35315296466906043,0.07050773457796958,-7486904.397690319,-21506.37642597618,DrDoS_DNS
6,116868320,28,7,2.3886565281556145,-2.8295932869514004,-1877545.259736309,11221.555664450301,Syn
6,119088680,35,8,769.3233680421613,2.8698040713954693,-1626056.1789124964,-281.0932741937322,Syn
6,54292,5,0,-3.224523932304155,-2.9544897658907776,-482430.3510894843,2003926.2100170534,TFTP
0,89148136,8,35,6.861846494094818,3.647706050042703,-265472.2900225739,-6203.214156806653,BENIGN
0,77223914,31,0,-6.924689429452957,-2.222297216111687,-1552582.3375212282,-12604.057922242839,BENIGN
17,14152,5,0,1475.8690217441904,1472.5792850973173,2890936035.97141,1994724.2302090575,DrDoS_LDAP
17,6698,1,0,456.57995192037515,618.3800098521675,917681696.6642566,1996492.435905831,DrDoS_NetBIOS
17,43704,0,0,1470.1952897811307,1478.7548876023147,1466325415.0007555,995260.4942569917,DrDoS_MSSQL
6,4488,2,0,2.1533620931284783,4.2120488159372815,-919731.1541538157,1003503.0717097095,TFTP
0,105850041,38,0,4.532431029528266,-0.6471925897526692,-3621408.4630772164,-19678.981355988497,BENIGN
17,53761,3,0,227.59753846291025,232.21576387468446,448877526.3390712,1996095.1689100259,DrDoS_SNMP
17,18145,131,0,1471.0148018422751,1472.510801338783,1477675529.097964,16263.11937966579,DrDoS_DNS
6,120433,5,2,624.3014354500845,0.6587528983259193,-2814480.612250248,20795.675752059986,DrDoS_NTP
6,2230675,7,3,-2.051200890121915,0.45137814392158193,-2840756.2799299173,-6379.9431478179795,DrDoS_NTP
0,113428163,36,0,1.06746671814818,-3.8901870874285183,-6374238.623070495,-9827.2124728153,BENIGN
6,84447,1,0,-0.43742673804773896,3.7850271081830633,-6628501.856510734,1999177.8607702013,TFTP
17,24857,3,0,870.112010454526,237.37912148489244,456969598.9614424,1997418.246287535,DrDoS_NetBIOS
17,104551,148,0,431.86594502282054,1468.772136042067,97666816.18107861,2108.9086622627683,DrDoS_DNS
6,127861,4,0,2.323794817710339,1.8680753058338362,2621620.146028548,2001052.862457612,TFTP
6,117126435,34,32,2.429830259232819,-2.1226305695602696,-6847777.750944152,-9329.899912787427,Syn
6,42466,1,0,2.8107436577895037,1.009428722943027,794592.0212261918,19240.83822314976,TFTP
17,-17340,2,0,821.5933997225432,397.0373149870839,450570718.4416109,1998959.7032731469,DrDoS_SNMP
6,97720,3,0,-3.703530215261625,-0.19832531327564962,-6999727.766398166,2001975.6466407052,Syn
6,148521,2,0,2.0679701457579722,-1.9104701123840544,-1234335.3609726198,1998550.1576848682,Syn
17,-23521,1,0,1467.712808402779,1475.04579366655,1458418762.0220327,997408.8048302192,DrDoS_SSDP
6,119176765,4,3,-5.803427363364931,-1.2614111174327323,-9813523.251873136,11217.93611199409,Syn
17,50737,4,0,1386.4690618439272,1469.5002832278092,1483394705.665835,1003640.6829957418,DrDoS_SSDP
6,110504045,21,0,1.451902004171162,-2.5991965539473436,-3814261.325555548,8629.440800735547,TFTP
6,116984148,38,33,568.1230190676497,0.6242415369948764,1621294.8861595278,-976.2102104867681,TFTP
17,-7375,2,0,449.15649247205573,457.1053488176523,936614418.3398165,2000092.5001917342,DrDoS_NetBIOS
17,196348,4,0,383.4836746756059,333.46923487837216,509824.5840922799,5950.383619970338,UDP-lag
6,13463858,6,0,617.9013010531045,3.290324664228428,9484314.459563736,5176.9082603851475,TFTP
6,8033422,40,11,877.657392044876,1.797367768800603,-1251739.6455876643,-6014.268003138863,BENIGN
6,30169,2,1,3.4009176080346233,0.026974828590425312,7888203.671423755,26506.859126195963,DrDoS_NTP
6,-43996,-1,0,-1.7443710565006556,-2.317823369099173,4535308.329323653,2000634.777189112,BENIGN
17,96727,3,0,429.313103023685,444.1516940749781,-599786.5357839605,9722.117870002237,BENIGN
17,-11709,4,0,1467.3652356291682,1473.7547982254257,2917222164.8073797,1999439.1591189816,DrDoS_LDAP
17,179289,7,0,394.664903334604,332.5267192834694,-2653560.165612067,905.5025471724202,DrDoS_UDP
6,145066,3,2,35.48249228628735,2.012109505452771,-3335255.4930678485,31890.71910489009,BENIGN
17,-9067,1,0,383.6057073140201,394.8621789221005,758969609.8271743,1999231.894500419,UDP-lag
0,105094781,39,0,2.107287016114497,-1.46062478594869,-2974700.7430513455,-11493.0111080895,BENIGN
17,251474,8,9,389.5517363755626,329.60791580376247,-1849560.8106772325,-5651.38350467115,DrDoS_UDP
6,94047,2,0,1.2681558562075455,1.412245208901237,-939591.778448872,2006440.1669560994,TFTP
17,-15624,4,0,1475.5604093132993,1473.6488416968512,2924135448.975781,1999386.2545284114,DrDoS_MSSQL
6,1205179,30,19,748.9883037629,1.2938018179907007,-437371.3751792025,-5640.160856248138,BENIGN
6,96724,3,0,1.7879146115637357,0.628567443135416,877344.846141499,1996978.842352309,TFTP
6,119863850,24,6,-1.7057388224419792,-6.660028110613533,-7656975.655827929,9006.775859568801,Syn
6,119240,1,2,-2.719387970280866,-0.013079170875414367,-2520637.052341195,22112.62397473922,DrDoS_NTP
6,-109571,2,0,6.192732014289047,-4.757051248669872,-2812886.7159525855,1997087.5979189547,BENIGN
17,-56979,4,0,907.1322173895913,1340.8543494070518,1141331718.9644775,1993698.0993271407,DrDoS_MSSQL
17,-7001,3,0,1476.6364688101037,1477.8619238507388,2940792748.9789276,1997252.1556655278,DrDoS_MSSQL
6,101308,5,8,-4.367478516386288,-1.7991386853490459,1244650.0845206361,13841.12290385862,TFTP
17,124460,2,0,42.14565505101973,334.1695049878513,-2903447.565868659,-262.930972443688,BENIGN
17,119528,1,1,2.517912368889505,38.1978985590752,-1531600.2415637213,8475.233485494386,BENIGN
0,-31996,7,0,1.5131068643092782,1.3487967042689342,-1700547.3438079983,1009238.9536178067,DrDoS_MSSQL
17,-60773,3,0,1475.7656162410826,1476.9095427442246,1472280303.1216617,996583.5450823276,DrDoS_SSDP
6,4025346,4,2,440.2497666523152,1.7631505998508863,-3913282.0659420546,18070.92044013065,DrDoS_NTP
17,-52045,4,0,385.5908918875425,388.90393192063635,770968795.2908893,2000014.6790398331,DrDoS_UDP
17,-33242,1,0,645.507137967171,548.2141810047949,1272597346.7693872,1995147.577473805,DrDoS_NetBIOS
6,20114,2,2,0.32391398669582405,-1.4974352964279858,-49167.03390613757,11254.856514417574,Syn
17,157330,198,0,440.13971841032253,442.93418497678226,419788.70263093023,9287.79131971398,DrDoS_DNS
17,-22744,2,0,724.3738385354728,617.8388572671985,-3761606.915730345,8375.121795948677,DrDoS_DNS
17,198628,6,0,392.5673793831539,333.93105236604083,1687583.259573753,5155.837495406496,DrDoS_UDP
6,120480591,26,2,-1.3592177875659555,-2.854664210082416,-2494425.2693565143,4991.371292269078,Syn
17,12545,3,0,396.7443563859077,399.2776411083176,785999124.3606862,1998324.966070067,UDP-lag
17,2111,2,0,445.64401897215464,600.5564752693119,916040028.4585363,1997452.4637570505,DrDoS_NetBIOS
6,87517,2,0,-1.5109339672358553,0.0900387428732798,1131670.555055514,27849.597724954758,Syn
6,104836115,1,0,-0.13974203138962554,-1.324746415818619,3207050.6329442533,11536.530508160133,TFTP
17,16288,2,0,1476.1082941869138,1480.5909716470694,2708696811.1980124,1995819.9225607493,DrDoS_MSSQL
0,106724114,221,0,2.883226100217527,3.1947566813668993,3595761.354373186,13399.968633628854,DrDoS_DNS
17,245851,6,0,385.4036346130018,332.68001675752424,6600774.066238612,-1811.4889698438583,UDP-lag
6,70504,3,2,3.9058483974373024,5.414292955857094,-2830762.6199335763,17057.34064113073,BENIGN
6,-129964,1,0,2.2413898781196604,1.3423410710361172,5395678.14331657,12560.000583726754,BENIGN
6,-26600,4,0,5.3000375830179465,5.45472097581375,-2523835.5818600478,999719.3532661418,Syn
6,-43939,1,0,954.4842564923221,-1.3124313910496515,-394991.39590058476,2000406.3280851785,Syn
17,8021,1,0,1468.6626563667671,1479.4529345096446,1457598952.6968365,996595.5839052483,DrDoS_SSDP
6,78777,3,0,3.619830003641506,0.09139815844913285,1271842.4086582474,2003001.114410346,Syn
17,96901,3,0,1477.1492956200677,1475.9432203513436,2944794617.3452806,1993031.728563581,DrDoS_LDAP
6,-9698,4,0,0.45885736526112464,-0.34508736292124925,-606448.5284097071,1998689.7408220195,Syn
6,43841,1,0,0.913620053633248,3.0042729518279834,4720140.441503828,1006308.728049824,TFTP
0,108201317,45,0,3.855333006580845,2.349046484998358,-21931.351051562466,-106.76682627831542,DrDoS_NTP
6,141916,4,0,-5.48908059667537,0.6843577609867076,-5527248.357908326,2004995.1408218322,TFTP
6,65916,3,2,-3.6006519098799155,1.7315690449489611,3229394.170805052,38190.46893915307,TFTP
6,-11574,2,0,2.2923793971951376,0.9298704604049286,2614646119.9735336,1989793.1062446597,TFTP
17,-49399,3,0,1476.2060462776083,1465.4412554210835,101478526.98377816,659482.9352801008,DrDoS_DNS
17,-80061,1,0,389.6316909354067,393.6239488480714,762929638.3989114,1999174.227760085,DrDoS_UDP
17,-4447,3,0,1476.5574108232709,1480.8594960005096,952391990.2087538,1995319.2399395485,DrDoS_MSSQL
17,39744,5,0,1480.7014349301546,1479.4818629130846,1472866558.0170386,997073.3111797442,DrDoS_SSDP
17,248529,4,0,226.77535214995743,238.87849921695988,443255262.46448505,1994098.1249318544,DrDoS_SNMP
6,-18570,4,0,-2.192092637669294,-0.43494576163283005,-765356.3387326517,16010.248831149245,TFTP
6,94329,5,0,4.634156390892983,-1.2353236619658636,-506632.85304753087,20256.685999730846,BENIGN
6,137433,0,2,-3.9264577856992493,2.876749379741083,-2772644.4581482997,14869.723795017566,TFTP
17,-3152,1,0,536.5974973810784,566.9957791447717,938227480.1174963,1998481.418180572,DrDoS_NetBIOS
17,-51486,2,0,386.4205113135611,379.9332852678635,752655095.6641545,2003404.3201711546,UDP-lag
0,105441220,34,2,2.714693283803341,2.220998822214462,-3880540.354491016,-1602.139680961569,BENIGN
17,-17274,1,0,394.3467613358468,396.35609084020047,779197124.8854258,1998139.8736160058,UDP-lag
17,128031,4,0,1474.49318318346,1474.6429597050976,1472856032.0757713,1001113.6912535541,DrDoS_SSDP
6,13580433,4,0,-3.422037017598155,-0.9110671099513805,-2384722.9005986406,2000624.958566679,TFTP
6,34585,2,0,0.6403298804608976,-1.1764664839843924,-213805.6771619036,14591.031394796766,Syn
17,87319,4,0,1387.04147869563,413.1328049567975,2740812.4788577766,9718.140498890529,DrDoS_DNS
17,43482,0,2,35.107977991449836,43.33451375985806,1460321.5475906415,19548.7125702027,BENIGN
17,-48632,2,0,1350.1263173139437,1391.806249081668,1476892430.7297966,999784.349332266,DrDoS_SSDP
17,55677,1,0,1470.7245160196073,1475.2128545815656,2952094609.8451123,661851.6716716373,DrDoS_LDAP
6,57738,1,0,-3.8761048837976477,-3.756988817085299,242610.47349312925,2002923.9333978808,Syn
17,50388,4,0,383.6522299144559,331.10972239756245,-1678382.5757239338,1738.408795222298,DrDoS_UDP
17,-23214,2,0,225.85427747372214,229.61612966101129,1075335615.3658202,457736.6073448418,DrDoS_SNMP
6,90032,4,0,0.7900495074131074,-0.7967130872031685,-10819397.974549577,1995905.766419423,TFTP
17,-50750,3,0,1472.271156126545,1475.856310707079,2952436878.436357,1999212.52033604,DrDoS_MSSQL
6,110794942,6,1,-3.3721041617708982,-1.2238302954370124,-1776943.5073603734,8645.453952606827,Syn
6,-64605,3,0,1.4797453354086405,-1.2829574863620368,236844.47713575512,11068.627082558236,BENIGN
17,137992,211,0,440.14343092496443,442.00104510569935,5840671.012607572,-1381.0121555653386,DrDoS_DNS
17,46240,3,0,227.8790409478503,229.35394557595987,435407487.4993873,2001705.0036846155,DrDoS_SNMP
17,84657,4,0,393.12445083015564,332.67904468020646,6838642.554298483,17831.31181399665,DrDoS_UDP
17,74216,5,0,386.3286205643649,394.999323549511,-369547.4371596668,5179.106356304146,DrDoS_UDP
0,112161876,43,0,1.0501367254409215,2.9130935645875367,-1624748.6900499312,-15630.00088796443,BENIGN
17,28026,4,0,1352.7908221851656,1361.6241211958845,1168987624.9187667,1000495.7497154586,DrDoS_SSDP
17,2381,0,0,1466.7791420907784,1480.0799802865445,1461226479.4081557,998356.6794965097,DrDoS_LDAP
6,19651,4,0,-3.328955826110951,-3.7460386856137853,-5366141.894070031,1993403.6068751914,Syn
17,-57908,195,0,434.10861213331134,601.7391544928264,5159932.8818842685,12683.883733480021,DrDoS_DNS
6,103483,5,21,737.2832943133603,0.8689480153884015,-7440669.057596051,277.8687726889584,BENIGN
17,-163033,1,0,395.23971784557676,396.2245222100036,765436426.382135,1998593.6811434876,DrDoS_UDP
17,98554,3,0,225.07372265704026,223.687570282352,424273185.8983496,1997891.0664691867,DrDoS_SNMP
6,93104,2,0,2.193820630283488,3.9036794271417263,-3332334.5130221825,2002266.030167102,TFTP
17,24174,1,0,1469.3242990063927,1477.0617901641183,1468908062.0200446,997500.1976969256,DrDoS_SSDP
17,-73992,4,0,1474.1774591655212,1470.535787673243,2953146271.350504,1998944.7168970597,DrDoS_MSSQL
6,85373,4,1,527.7314842328292,0.5148660438849934,2796736.6845317464,15473.712444943045,DrDoS_NTP
6,132442,3,2,0.5735469806452779,3.7118571416334567,-2506413.044475006,1006386.1247777414,Syn
17,181385,6,0,394.1549987573917,336.8545124925666,1140037.1349499149,2244.3924567025733,DrDoS_UDP
17,92894,4,0,394.1468325822461,394.0150246023208,585565.7953094752,3766.7864132676423,DrDoS_UDP
17,80643,3,0,389.1207148836877,327.23323553948705,-1421598.5810625178,11700.974331839627,DrDoS_UDP
6,-40309,2,0,2.6189535789980294,-0.6974480849052864,-2386917.5277676694,2000953.5826842238,TFTP
6,17568,0,0,-2.4834697716837453,-4.4363002171578,-4255458.15553339,1994160.1361720164,Syn
6,13711736,3,0,568.8920015220344,3.4339642465700217,943543.4488091683,14826.508628614278,BENIGN
17,45989,3,0,1472.8570964227813,1469.1499027121838,2937080748.557981,1992585.334314411,DrDoS_LDAP
6,13904939,4,0,0.14019014496431476,-0.15463221159654328,-4470716.83002898,21539.678665010815,TFTP
17,35255,3,0,234.62151342344958,232.708877463779,456679454.99941075,1996935.956110188,DrDoS_SNMP
17,25571,3,0,917.7110391282708,234.4429665487912,446072007.33831304,2001985.4249378727,DrDoS_SNMP
17,119683,5,0,1472.114227239986,1477.0894080585322,2929362218.2075644,2000317.2909936865,DrDoS_LDAP
6,-23586,1,0,1.4413624127612954,3.336668180869752,3179009.5466135694,19559.63836594511,BENIGN
17,190900,213,0,842.8988671135472,334.7555251761987,-854013.263684206,-7476.980132543289,BENIGN
17,57381,4,0,385.19768385501857,333.18330171264734,779851797.2536376,19181.694658048105,UDP-lag
17,-69364,3,0,1473.4900917007988,1472.4234134289927,2938931035.78656,1998645.6636317968,DrDoS_LDAP
17,-97774,2,0,384.56591951697783,388.5042201891175,774698680.2443326,2003288.4276766595,UDP-lag
17,5344,2,0,226.7334872231334,225.98777548747765,437148990.7357546,1994201.2246545302,DrDoS_SNMP
0,112191398,38,0,1.4794741971227763,5.711505940998027,3127013.5786236916,-5171.422388098452,BENIGN
17,-72035,0,0,442.8046660603491,447.45600766874907,1381874200.7411034,1996996.0129277296,DrDoS_NetBIOS
0,104384814,27,0,1.62049593583404,3.9708444828843734,-2628523.538907475,-9495.0031363659,BENIGN
17,-31411,0,0,1469.0465934315137,1475.2963260427446,2921153228.3228874,1998530.475734356,DrDoS_MSSQL
6,-13326,1,0,-2.8307646905223747,0.2045345241459361,751809.0046806592,1999849.4540824296,TFTP
17,130203,2,0,1376.4808771523715,1395.7698168723114,1162372641.059245,999849.7425624472,DrDoS_SSDP
0,75253581,28,0,-5.315019517983656,-4.1718747709593025,-955259.6341064263,13002.949542098479,BENIGN
6,122087,1,0,-3.005068047521403,2.299435811740038,1876502.6501177729,23340.194129044205,BENIGN
17,49461,3,0,512.9934686940383,446.650720367387,946297419.5774736,24615.80012937305,DrDoS_NetBIOS
17,51821,6,0,397.5015463649671,399.09227602270977,757108117.9972119,1998877.4807006305,DrDoS_UDP
6,-38369,2,0,2.6285763204171,-1.898252248010349,1646172.0024439641,6175.885968431838,BENIGN
0,107928226,39,0,6.439344653844804,5.222282325254591,377558.5705412936,-11689.354322327585,BENIGN
6,31696,1,0,0.3283283962823441,2.4949519628449512,1365977.4797579795,16508.134882834387,BENIGN
17,-25217,4,0,1472.6579853671508,1468.202675366869,2913974981.3028307,1998091.5644630787,DrDoS_LDAP
17,55671,2,0,1463.6329986577716,1373.3531896760305,2684826901.639865,1001456.7108218739,DrDoS_SSDP
17,102198,4,0,1478.1637598288758,1474.8952338637307,1294446929.5551348,996270.594010522,DrDoS_SSDP
17,30989,2,0,-1.1912500446813434,1465.9872563451172,2939565004.5352535,1997091.1924074916,DrDoS_LDAP
17,-31897,1,0,16.411186559242015,58.152175303323034,1465684203.2913291,18102.646137219024,BENIGN
6,119639312,27,10,-0.5923275193421959,0.6747996347680455,-5757645.557731563,-2693.964995278826,Syn
0,106739148,39,0,2.641480126120122,0.2585558837359348,3972025.9682605444,-3110.6572185445602,DrDoS_DNS
17,33811,3,0,1380.7100690403217,1401.9340238268,1155663729.8485296,1000640.0067585388,DrDoS_SSDP
6,-2858,3,0,2.815275887025846,-0.4345493737788103,2526126.3508092924,2000969.3395563215,TFTP
17,7738,2,0,1467.492712956563,1469.6278966792802,1470289048.6510844,1999948.1673937344,DrDoS_LDAP
0,-71215,6,0,-0.7793833490474844,0.05173309796589368,-1826354.561010997,22217.09186186586,BENIGN
17,80313,4,0,442.81947036642555,1468.5655136234561,920935461.0217001,995473.4062097736,DrDoS_MSSQL
17,56760,-1,0,390.22259568660076,381.74770807054966,2651014466.5279713,1997488.067488095,DrDoS_MSSQL
17,-37775,2,0,1467.3949476280488,1477.766136649688,2947638266.8488107,2000241.4402962753,DrDoS_MSSQL
17,1802,1,0,574.9469923122922,594.5571361168735,1191781988.0886922,1999438.2590152482,DrDoS_NetBIOS
17,16001,3,0,236.96855582391106,232.83240179092462,462030009.65138215,1999260.7340224436,DrDoS_SNMP
17,222385,6,0,395.62475227064425,333.53522013279854,3411048.4220441654,-7074.131408798941,DrDoS_UDP
0,90955015,221,0,-0.8119701451626182,-3.7376027730265062,-4327238.24723819,-13161.44561035643,BENIGN
0,84465700,226,0,-2.5068065808926647,0.33838240247353796,-2118493.9027331416,-9035.799761128106,BENIGN
17,-12962,1,0,219.46364227061792,230.8625242812449,445595284.3117108,1998226.581697945,DrDoS_SNMP
17,30230,2,0,1342.5042831076062,1346.8250520368172,1250218055.7417955,1000060.7641152194,DrDoS_SSDP
17,-81021,3,0,1469.5363514698226,1473.124361843125,1473154145.8777783,1000988.1485537895,DrDoS_SSDP
0,73676765,34,0,2.796553764134838,2.957300659143516,519710.5393244849,8328.428139865902,BENIGN
0,-11330,224,3,-4.268190004302755,32.465364301988124,-2192139.8033239385,-2300.4111101367816,BENIGN
17,107412,5,0,388.5584656613617,328.80696777863363,1743987.976128466,-9596.697703313079,DrDoS_UDP
17,-49666,3,0,1465.8659782839425,1471.9430189847121,931081167.6672295,996732.171813166,DrDoS_DNS
17,37026,0,0,444.9678132785788,435.9442492628129,935816746.7318342,1998673.7413541542,DrDoS_NetBIOS
17,159367,5,0,390.9396316392782,331.22661359373257,-689526.2794732663,-3479.971985000222,DrDoS_UDP
17,80263,2,2,37.68988072191411,51.32216389085393,-3562019.317969368,4937.620743376465,BENIGN
6,105456,2,0,-2.017584835612141,3.0934865563105274,823994.1468255351,1999414.5469538206,TFTP
17,139062,4,0,42.98600802088616,45.933846300731105,-4644365.094239788,-7308.54338041924,BENIGN
17,48434,3,0,1479.6611448859285,1476.0414329895639,1459551100.2333229,999063.0791676486,DrDoS_SSDP
6,15318407,8,0,-1.8566369793585515,1.8068639248354985,-5793146.658529178,11423.627731149894,TFTP
17,-1581,5,0,391.44328085791096,393.4483102790598,781296027.4454192,1998076.6378018819,DrDoS_UDP
17,46130,2,0,220.2532428783761,230.62484913026864,442024213.99007493,2000517.9053575343,DrDoS_SNMP
0,104954435,37,0,1.2744451488437862,3.4558532220867204,-1399853.6266883796,-3438.4888442567026,BENIGN
17,-50471,3,0,376.9230366783772,389.7763638321303,778204157.0696735,2005684.829638054,UDP-lag
17,4746302,203,0,236.5077161022741,224.4326312610001,8528153.840204483,28040.493634750383,DrDoS_SNMP
6,70857,1,2,-3.5885624891177987,2.9050748441302563,3831122.9050009213,28163.248571057047,BENIGN
17,-56214,2,0,1357.971511042018,1408.976183883635,1287206045.0525196,1004851.1333670408,DrDoS_SSDP
6,12261143,3,0,2.3806104146403033,2.723813605868282,2578750.5630370746,2009076.979132955,TFTP
6,111332357,17,0,5.097835357511795,0.6532429743617939,916090.8129935649,-3270.0001140368295,BENIGN
17,194057,4,2,31.44175468553258,48.541696215010795,-1778002.168020188,4930.146870731231,DrDoS_DNS
6,5423849,6,8,0.03855405210598846,-0.15379096635191508,2437014.6500405753,1559.0739690069458,DrDoS_NTP
17,111963,160,0,436.0866948375038,289.2880684928596,4864803.843805882,6300.26926297382,DrDoS_DNS
17,121067,4,0,236.22218377360048,234.8664780116755,424778267.27459913,1999426.260058523,DrDoS_SNMP
17,-20874,0,0,444.11886492937583,437.27570099161466,942679334.7617972,2000709.0994236781,DrDoS_NetBIOS
17,85858,2,0,907.2492893227211,566.4815660215996,2525167531.171216,1993388.193089939,DrDoS_NetBIOS
17,12123,3,0,1467.4063592043194,1468.9615163077428,77137624.69458549,351251.2874388662,DrDoS_DNS
0,86089533,36,2,1.2857028444257852,5.031279595426632,-4008171.7750013424,4859.8441859903505,BENIGN
17,70731,2,0,975.0752283701332,402.3504416366599,2600009059.2174053,2000818.6804987576,DrDoS_NetBIOS
6,-40595,1,0,0.10925122293028966,1.6109305816005868,1840577.7763696807,2002437.3357606863,TFTP
17,23243,1,0,1473.8675307226697,1473.346098594218,2955166231.5587945,654332.5235479979,DrDoS_LDAP
6,12029372,4,0,1.4348532749943428,1.685412656130403,6096692.148852356,1997774.999661323,TFTP
6,-22559,-2,0,0.4232436363748305,3.018105582132972,3785098.5454539703,31392.711193446958,BENIGN
6,118523,1,2,57.13500097266967,58.31885178100235,3086239.574681705,998646.990281688,BENIGN
17,-52699,1,0,392.72977313452793,395.2583437437177,764456969.072356,2002097.2801389166,DrDoS_UDP
6,34298,4,0,1.139492615117223,-0.5363069053966089,593038.4256615507,696183.463762468,TFTP
17,-15139,3,0,1472.938769742371,1471.8468474291656,1473360722.6003056,1003267.3571247711,DrDoS_SSDP
0,85607166,28,0,5.811151198413312,3.2911214237339954,-1614287.4370339664,-22839.358158614228,BENIGN
17,71333,1,0,1467.1419305871952,1474.6985289768973,1233107377.2713835,999992.0916885477,DrDoS_LDAP
6,31866,3,0,2.5791362669126303,5.973844762580279,344210.0886994051,2005042.3891497196,TFTP
6,26402,2,0,0.13920635922495136,2.3263078539978057,-2177633.145945887,1996633.7467165047,TFTP
17,135106,4,0,381.1429386358837,387.9938035719758,-344827.68391068117,2001874.976998416,UDP-lag
0,93857725,32,0,1.3400646156165954,5.619480218105,3033310.0311911087,-2887.261138032769,BENIGN
17,52050,2,0,1467.8598230256046,1469.8205815445424,95541768.14399758,648965.9723222352,DrDoS_MSSQL
17,60118,3,0,451.449616329855,441.03497324412797,899617448.566148,1999482.1253352517,DrDoS_NetBIOS
17,-29143,0,0,389.7216113077379,235.7265594164035,456251245.85600215,1998741.735034288,DrDoS_SNMP
17,76659,147,0,435.3055344292716,441.1085338777606,-1454415.9878244253,-323.27754169649234,DrDoS_DNS
6,116594592,26,2,-5.986398172240974,-0.9440744217241015,-4608751.255745134,4975.75822735205,Syn
6,154100,4,2,-8.799773165158996,-1.8842956773378279,-8077584.971787901,18718.879960219274,Syn
6,40445,4,0,0.34999757164674294,0.059333737546678714,-239867.5458518311,1992463.96016048,TFTP
6,2787,1,0,-1.57269808040367,-1.9364789985107904,756689071.1320913,1999128.4294669102,TFTP
6,50178,3,0,-1.5568997886167577,0.9583845465409407,2672155.355572504,18641.618563516226,BENIGN
0,108553874,40,27,6.366299320574661,58.060746943195895,-3922239.3443949,-13121.011272079777,BENIGN
6,76127,4,2,-3.4475143156362673,-0.5629838522365549,-2603686.887403583,23789.718027770592,BENIGN
0,111591521,42,0,-3.3620943571101107,-3.739625656882308,-489484.2414239859,-16342.47504305662,BENIGN
0,113381353,7,0,-0.2046473349537597,2.0597769708058458,-1931427.9736130622,-7167.283086930085,BENIGN
17,-49046,2,0,1478.8229036861148,1468.4396672803912,2940682644.602491,995945.4574035396,DrDoS_MSSQL
6,-4798,2,0,-1.0740619190954506,-2.0784987245131497,-9694116.851631077,1999435.4046821466,TFTP
6,15319,2,0,-0.1778570594671829,1.6884203126028774,-283006.2229892134,1999260.224738817,Syn
6,17874,1,0,4.700130301856123,-0.9539609899167252,-3551242.6678247815,1996598.3488633342,TFTP
6,1186,2,0,-2.57314039276477,-0.1599890360084531,-4713828.6946935225,1997745.954905598,Syn
6,149175,5,2,-4.512999744022094,2.3289716866114194,1595404.8921282561,19413.620921619175,DrDoS_NTP
17,78681,1,0,1472.7673434286223,1469.7592782833794,1475435315.637132,996914.1924181117,DrDoS_LDAP
17,63397,3,2,40.75868441408354,3.0352556091682237,-6967619.533435252,2809.225718275894,BENIGN
17,127559,6,0,390.1716666421656,333.78977223453717,203519.61652562744,3338.0641484904154,DrDoS_UDP
6,5434655,3,6,42.80879815814688,-0.7272851238036676,1189388.1289345562,3575.0819553147403,DrDoS_NTP
17,15429,3,0,392.95133622496604,401.4570275876423,2064982.5985135422,1998604.7458552802,DrDoS_UDP
6,117200645,30,0,-6.523226756086032,0.22746623100028535,-3251742.09133216,4426.4046202498075,BENIGN
6,70186,3,2,-0.6202471840103325,-4.745278241686775,-4712610.590719324,2004040.1486042668,Syn
6,4898059,7,24,612.1992098972257,3.6996266619009135,1429961.3403014496,-7378.203269375084,DrDoS_NTP
17,100322,5,0,231.7825706567219,233.05301641471615,440084640.69660234,1997087.7272690083,DrDoS_SNMP
17,71940,3,0,724.1051367273401,783.0485078505824,93598826.33895287,997963.7961001303,DrDoS_NetBIOS
17,101199,3,0,1468.394102585976,1474.3757523019697,1479521645.6003547,5574.099168398946,DrDoS_SSDP
6,39738,2,0,3.1402082028222074,-1.737816532647226,-2602456.704390416,2200.224358542494,BENIGN
17,12708,1,0,391.726431130114,393.9936461518754,756383484.1945146,1999425.6799480119,UDP-lag
17,39106,3,1,49.034654987586556,40.28924122149204,3586806.4917281345,-6170.941534643318,BENIGN
17,124295,7,27,42.6402332480473,31.080780325353007,7426840.214830322,-18236.136409877174,BENIGN
17,-51157,3,0,218.72406723038878,225.82061341440343,443049617.1399746,1002382.2240450159,DrDoS_SNMP
17,-52966,1,0,1467.02253725105,1472.3963601719013,123682232.89825422,998962.1247505434,DrDoS_MSSQL
17,-14065,1,0,913.8835621513373,554.9615374649068,1310074638.9735038,2001789.5750428133,DrDoS_NetBIOS
6,2594515,20,4,444.04756117197314,-0.5985977848639479,-1922182.9456096792,-1574.0622686657098,DrDoS_NTP
17,59281,3,0,1469.814498928884,1473.9381839956154,1459551212.9868596,995725.2414051363,DrDoS_SSDP
17,163677,0,2,39.56134072030633,38.145493023308966,-4790692.719688609,-4604.537724343238,BENIGN
17,68555,6,0,397.84730479445324,333.3248938780332,-2377089.2163936524,-173.44432760260315,DrDoS_UDP
17,-117427,1,0,399.76185910020166,390.1192130880221,783110975.8789859,2003358.2640797158,DrDoS_UDP
17,71660,5,0,395.6333322116959,331.33392094453416,6246079.797506525,12988.974942268733,UDP-lag
6,113073243,11,0,1.9636672730317484,-2.6880719782841913,-8076234.266808136,1650.6507108345922,Syn
17,19298,3,0,1466.9672417264103,1471.9080169604363,2919514292.0112586,1998758.205393035,DrDoS_LDAP
6,-4265,1,2,31.646073821231745,1.652107223509349,-299436.4002172223,14040.922950236265,BENIGN
17,-16992,2,0,447.75263728385175,599.2378922213964,956085141.6009496,2000353.9151600876,DrDoS_NetBIOS
17,40161,3,0,1475.6866678979318,1476.890785717809,1472279250.3282232,999873.2152457121,DrDoS_SSDP
17,21034,1,0,1470.508145113146,1478.6938657814558,2921703399.659979,1999883.0003391865,DrDoS_MSSQL
17,114051,3,2,38.72420665535589,44.894289790892344,1058317.6047125887,10014.533489182053,BENIGN
17,-22946,1,0,385.5810109866612,388.7786116112173,771261246.1748912,2004473.8812353571,UDP-lag
17,-16806,1,0,448.8389274310263,443.5064418780997,934197020.0149168,2001525.7859647048,DrDoS_NetBIOS
17,31264,1,0,396.280618472712,385.1637757874139,2631305891.314682,1997423.6346706378,DrDoS_NetBIOS
17,13684,3,0,1470.3722033150977,1472.6096118455089,1470303116.8970356,996216.101230397,DrDoS_SSDP
17,179177,5,0,389.87989712929476,337.75866554069245,2387046.954010821,7627.435801757849,DrDoS_UDP
17,-976,1,0,446.92245870664004,448.6082146703267,965544359.9868557,1999419.0826121562,DrDoS_NetBIOS
17,-33610,2,0,446.78375515440064,434.2698978139157,917657694.7879333,1998540.8129165154,DrDoS_NetBIOS
17,25852,2,0,1467.7905403053971,1474.9596555127418,1458971237.2676017,996371.8504203758,DrDoS_SSDP
0,108953370,35,0,-3.5960668111030376,0.14194750881271279,-831024.8393540352,-5647.116680538316,BENIGN
6,100454425,2,2,1.7636296671771898,-0.764245967309118,-3522948.1900988473,8871.676342079103,Syn
17,55699,6,0,39.89223849846859,508.9269462706866,510282.9165153615,672871.7862041849,DrDoS_DNS
17,37472,2,0,230.5736832515021,238.92298977256942,451208880.7905345,2000742.5237866906,DrDoS_SNMP
6,42244,1,0,2.393605650695535,1.1622001651678047,2236881.6165643986,1996773.5728359276,TFTP
0,104678749,41,0,3.972624324779113,1.8996404829014804,-402278.6801102662,-9381.198828160293,BENIGN
17,27326,-1,0,450.73803383505543,620.0699130456277,953360991.2786669,682413.4697237401,DrDoS_NetBIOS
17,89033,3,0,392.08616067492767,334.90424346125724,-699683.4091303137,3607.172076608288,DrDoS_UDP
17,-98275,2,0,383.4098532993691,393.2657087991038,791104479.6469529,2001371.756719842,UDP-lag
6,88425,2,2,1.0679712221009252,2.485899889573367,-1023528.2149715459,2005860.0999911444,TFTP
6,112926,2,2,-0.8622190056289458,3.4560247467025023,-71165.3796755257,23421.72234988009,DrDoS_NTP
6,7389070,215,8,554.1194371129078,55.40677751631233,-4460737.93330249,-7378.039249606038,BENIGN
0,84323031,213,2,0.9079337890361856,2.025207346435958,-2617716.556953924,-463.17023373105076,DrDoS_NTP
17,8828,3,0,440.9469162694653,448.9076693755079,2501330267.7786264,1999699.1605208989,DrDoS_NetBIOS
17,52956,2,0,1470.8068558706211,1473.2883773471412,2919729357.33296,2002596.1467059806,DrDoS_MSSQL
17,-78276,2,0,228.72906317567634,225.51983811134372,425599186.3629626,1999879.8114384355,DrDoS_SNMP
17,-126887,1,0,392.23257638343,391.596292589402,775971976.9654623,2003874.881236086,UDP-lag
6,118937379,6,9,2.357398503657878,3.6500363502744024,-4214639.056512588,4305.459099212249,Syn
17,1520,3,0,1471.0008491868953,1473.0546704897565,2938913907.573113,1997717.310568166,DrDoS_MSSQL
6,130847,5,2,-1.0665432883813513,1.2497109175292835,-1525529.3165781654,18226.07909890901,TFTP
17,178204,5,0,387.7864796822871,339.1104954351418,-1594551.3610518298,7580.326320908474,UDP-lag
17,81353,202,0,445.02866746701517,430.080281976328,944304670.2043309,9714.755136632728,DrDoS_DNS
17,-31014,1,0,228.933885783483,230.0895426783848,453660674.94374746,2004103.3402280838,DrDoS_SNMP
0,104683230,200,0,1.6254576694570244,1.4888247528294594,8789363.863167038,-1487.8028860409577,BENIGN
17,144726,4,0,391.15372983891143,326.72571499973674,-623677.2643250765,11288.267529071272,DrDoS_UDP
6,6458285,7,6,545.5676119924075,1.3242039475023013,4940043.640694342,11347.388064988805,DrDoS_NTP
6,119657873,17,2,-2.5917904869698196,-5.694897386329711,-9116605.651086193,5189.63942865588,Syn
17,73199,4,2,36.10879619497922,18.01110637849178,5308952.7909076195,-5195.331157109147,BENIGN
6,77699,2,2,-0.896407348662931,-0.35428229959862356,-882823.5163740942,2005249.922807375,Syn
17,44419,4,0,225.12228916456414,228.8625613505577,440462574.94793767,2000042.8579054936,DrDoS_SNMP
17,208563,5,0,383.6813639619652,333.129015893311,1583029.044330016,11813.156057153894,DrDoS_UDP
17,-92676,2,0,401.1492821576495,393.30675726388466,786439737.7680522,2000822.9703082491,DrDoS_UDP
17,103999,5,0,387.01265313089215,324.94555922371944,841752.2466236979,4181.635724269181,DrDoS_UDP
17,-26088,4,0,382.79279190473966,331.77152900812627,1799515.4860309793,4148.078088070175,DrDoS_UDP
17,-42907,4,0,390.36415982695473,395.9403735550598,764618095.7219796,2002356.523412956,UDP-lag
6,104215,4,0,-5.8203693833773675,2.2574507909162524,-3781254.4120933795,2005478.0932096122,Syn
17,15185,3,0,442.23603581787546,455.13214450320805,4773529.793744491,11202.764138973576,DrDoS_NetBIOS
17,48389,165,0,438.89454659660987,387.8127252409489,3367546.0316222883,11012.271348187795,DrDoS_DNS
6,-2253,12,0,939.9127893528173,594.0950617772229,-534921.0228308926,830.0961909559246,DrDoS_DNS
6,123304967,31,24,6.973623373702763,2.5922075266036884,-11846417.994421145,-16179.739710510174,Syn
17,93713,3,0,223.83658034529515,227.51647882197594,414249018.9331017,1997856.2959122413,DrDoS_SNMP
17,32940,1,0,391.6953665144181,393.96788208042346,776530822.9219713,2003379.4852185631,DrDoS_UDP
17,37321,2,0,1468.8378216451774,1468.4330734524706,952232017.4524977,678805.5496872179,DrDoS_DNS
0,88222564,33,0,3.2853595861950957,3.789642780263232,4030778.950649387,5382.436292922704,BENIGN
17,72978,6,0,391.6162977231228,398.98368416229965,778380634.9126347,7897.65505044118,DrDoS_UDP
17,69677,3,0,1472.6545446851037,1471.3193309480125,2930138860.3553925,2000866.6763900763,DrDoS_LDAP
17,74647,3,0,1470.9691774735738,1466.9485665387099,977285564.0401192,680242.2030881239,DrDoS_DNS
6,-766,3,2,31.90082889224135,1.8942424372512616,-573194.9341294933,2049.7321777004245,BENIGN
6,1398303,3,3,2.6786149153254275,1.306742630954666,-3752505.7625022307,10037.378223256132,DrDoS_NTP
6,-10687,0,0,2.503891512252055,0.35009114305623784,6749173.917928248,15328.796358714199,BENIGN
17,5343,3,0,385.9909897740019,390.3320720540666,7202120.700168446,2002842.0676975239,DrDoS_NetBIOS
17,-25346,1,0,396.63356812106514,401.8936930779638,775159676.8701646,1993837.0980700266,UDP-lag
17,-21438,1,0,769.1911284401519,583.6604774629432,943251575.1116424,1998368.7705171986,DrDoS_NetBIOS
0,-159761,34,0,-0.6246374779320041,1.2831564470300665,1479728.2558612388,33758.06569439765,BENIGN
17,105965,202,0,439.71205314009484,437.89720344368624,4048617.2753980327,19046.287098148845,DrDoS_DNS
17,-27042,3,0,1461.3949742711222,1471.6594115536684,1479850776.5905223,1002548.4836048207,DrDoS_SSDP
0,-144518,7,0,-4.657296726517433,-0.5725100527444731,3941181.471196821,29059.636245072375,BENIGN
6,27315,2,0,3.4375511066881566,0.0008470925041085264,509528.0436856039,2000162.205819503,TFTP
17,70930,1,0,442.4878176833412,1470.9961448133545,890652731.3765374,996251.8731658693,DrDoS_NetBIOS
6,15448,5,5,0.6167147179714767,1.591360618889259,-723999.9909008404,12156.92806540316,DrDoS_NTP
6,13868475,2,0,3.213629200855145,4.39706788187843,-4499950.788563573,24181.673297698817,TFTP
17,116567,2,0,388.10650724811615,329.2122289415994,1157860.9816282408,13890.919941029348,UDP-lag
6,114091992,24,0,-4.10415958706305,-2.497409863144862,-1451408.0386981869,10003.373837128305,Syn
6,-16286,4,0,1.9777863506045963,1.8361198272695067,1115304.6651571263,7246.688164358284,TFTP
17,17465,1,0,1470.4496691663144,1474.6641307500386,953872327.3250985,671699.1223209334,BENIGN
6,247031,2,2,-9.292871363356562,-0.4926004967271491,-11536782.298964707,25479.054654971937,Syn
0,113750015,46,0,-3.483418311638746,-1.0200143448270211,3047422.777687243,-2605.3550476539895,TFTP
17,53509,3,0,385.2777048984101,752.3823691666026,6528541.413207127,2786.1994218254276,DrDoS_UDP
6,-65264,1,0,0.9720458069714629,0.2704130622744375,-4332586.845693431,1998536.167394377,TFTP
6,109370673,4,21,880.2540688687836,3.453900497331826,-3773783.1238567447,9381.792767520063,BENIGN
6,12486182,4,0,0.8260604551007968,3.9502889729290755,1923043.2879219681,25063.072799015812,TFTP
6,120122399,5,2,-0.44725125679582495,-3.462935204706025,-4208794.412190374,16962.674090273482,Syn
17,350745,10,0,394.200911297466,330.9934706873015,-697641.6489100088,-18496.311035925926,DrDoS_UDP
6,117950,4,0,-4.342610430668471,1.2025668789069492,852264.9026610506,23672.758071614015,BENIGN
6,114234371,2,2,27.201872916132096,-0.3761596280406054,1917675.4636630355,17737.654793267207,Syn
17,55,4,0,232.75924656686624,225.7139488258833,413420714.2320813,1992036.1887116337,DrDoS_SNMP
6,35058,2,1,39.93111762167598,1.6053113245265307,1114990.3752737436,1384.234093011657,BENIGN
6,2576798,20,6,1.1638294589609917,2.6092805335534024,4543641.792519549,1143.1221448395172,BENIGN
17,179022,8,0,383.9721410068114,332.6432297983032,-1199382.648544174,-17511.01194132998,UDP-lag
6,56011,3,2,-2.3255608226672058,-0.7520750232174072,2231368.6089676423,21475.393311163272,BENIGN
6,24706,0,1,-0.6165740241774809,-0.07458159041536903,-918968.8325833611,29441.06421799285,BENIGN
17,18639,4,0,1476.8916755590283,1472.4772675618572,973158349.5658631,1999563.3273435764,DrDoS_DNS
17,-54704,4,0,1471.5569188732256,1474.7559589021507,1462047945.868663,997719.9878389542,DrDoS_SSDP
17,-41552,3,0,1475.8952280230396,1478.0646879387098,2941697569.2048597,2000233.7378484467,DrDoS_MSSQL
17,5768,2,0,527.7032186366187,562.4856264253149,1194304073.0392187,2002388.3334769947,DrDoS_NetBIOS
17,157429,7,0,395.2782257678325,341.74552979587185,1034780.7584603629,-11403.306155245951,DrDoS_UDP
17,24194,199,0,439.45197376033957,433.27623016831944,-4063772.3966425015,6091.41030079548,DrDoS_DNS
17,35003,3,0,228.20094815674236,224.5866411417496,443958647.24268717,25949.910364224896,DrDoS_SNMP
17,-125673,0,0,223.85988492408237,226.57687377218562,451375540.14879805,2001609.835413474,DrDoS_SNMP
6,27630,3,0,1.3856428887141248,-2.31571195640942,-3041828.7942147525,1999573.8741076076,TFTP
17,-21800,5,0,222.37187076837606,225.40787880796566,470019225.85096705,32760.832429000286,DrDoS_SNMP
6,-86752,3,0,2.8838709630995596,-0.8819536282789926,-3779560.662406911,1998313.8438979916,TFTP
6,-64895,12,0,-3.8491615473534093,-7.344363522012807,-2226305.767680905,1999413.8926023052,Syn
17,133507,1,2,35.98422180185293,55.83133747998531,-1037145.5866584291,8458.222787334063,BENIGN
17,56426,201,0,1461.7397837937283,1466.6053068653587,152380275.9182008,13220.951740099632,DrDoS_DNS
17,-13819,5,0,1471.7122360911899,1474.7457579537656,-1479204.3231724433,1997143.267914465,DrDoS_MSSQL
6,131470,4,3,0.8953909755858552,1.523479475540983,-2026315.5352876445,14670.721901178036,BENIGN
17,83595,3,1,44.31292624830234,40.88878284754083,1816709.6624737445,9202.894196350642,BENIGN
6,91,2,0,0.8573729861546586,-2.9642814975700302,-496553.5660860583,2003364.1255438905,TFTP
17,-73972,3,0,391.5327829845871,389.6390002489088,779810764.4806224,2004342.2374086573,UDP-lag
17,-103069,2,0,392.0096437115529,384.29696423056083,753751657.1555362,2001617.995160122,DrDoS_UDP
17,-27730,3,0,1478.3407512069791,1474.5295541214207,2964668171.7899566,2000027.768477739,DrDoS_LDAP
17,-15365,2,0,1473.6913511682578,1477.951615252433,2936961187.381772,1996088.7931376705,DrDoS_LDAP
17,-2318,0,0,1474.5701487314197,1480.8531472342634,935286681.6857476,995749.6371279595,DrDoS_SSDP
17,25825,3,0,229.42161123335555,230.23566980253236,440228000.82009995,2000190.3708756925,DrDoS_SNMP
6,5103071,35,26,888.8641084613771,0.16981014030819636,5763805.9139201315,-8194.499628136891,BENIGN
17,21842,4,0,1474.3503790506836,1479.7998674730404,1473587657.8850095,999731.9082877181,DrDoS_SSDP
17,29179,3,0,439.5087696653074,42.70458423108838,-1160725.160652552,-1698.4458519748914,BENIGN
17,-6301,3,0,1476.7873661430476,1477.6835698964828,1475641170.5661862,995329.7304163005,DrDoS_SSDP
17,-28641,2,0,234.3786271710884,233.7783524453343,459018864.1922927,2006132.2365280804,DrDoS_SNMP
17,204966,4,2,31.35167336600628,54.558442381757175,-1200300.1186596018,2646.0578124653057,BENIGN
17,-13787,2,0,398.9328465274515,386.3576562167435,752559195.5152969,1999521.8444657926,UDP-lag
17,197654,5,0,395.1172545403854,341.2512490372937,-1268193.444047434,-142.14542843439085,DrDoS_UDP
0,84629155,44,0,-0.4005565996961448,8.67045871811779,-5441782.446629155,536.9351102278415,BENIGN
17,33571,3,2,1471.4775681794902,1478.1824129905858,1467678803.246181,11709.649476032815,DrDoS_LDAP
6,19757,2,0,1.887906797830126,5.9147128132304285,6089677.1798656415,25903.433861075788,BENIGN
17,13351,2,0,392.41529190518946,328.01275950181156,4023141.7769442527,13135.1318611518,UDP-lag
17,-10,1,0,451.2386448427146,445.11927451414186,911937902.9125785,1999018.7504774476,DrDoS_NetBIOS
6,146419,5,2,0.16604512940368696,1.9458585099206775,-1010060.3549447835,2003398.064472753,Syn
17,76647,2,0,1466.5541955591436,1468.9075982011916,1450884087.801049,1996812.3830053485,DrDoS_LDAP
6,12874715,7,0,-0.6009560466262931,0.5977775020005848,-974440.611142189,1716.3412058726026,TFTP
6,69419,3,2,0.048730779305521485,0.07798510121563412,294242.8624100555,26120.194071353922,DrDoS_NTP
17,24421,1,0,1474.7278341881613,1468.8127347391885,1459521541.7228594,994713.3357079119,DrDoS_LDAP
17,-15035,4,0,394.4610763848885,235.71143093740548,1323898121.7440724,8247.144360463997,DrDoS_UDP
6,58977,3,0,4.496754275541758,1.137734447277893,154487.30785243772,2000460.9570961948,TFTP
17,29082,2,0,229.54212192304917,228.74188911926515,430717662.1875274,1999772.9291043833,DrDoS_SNMP
17,56059,2,0,1466.6734452937214,1475.2001236714975,160996430.11178818,387962.364576923,DrDoS_LDAP
6,-10020,3,0,-2.5597590635511343,-3.0485746694615266,-6169549.3760954095,1997947.223846422,TFTP
17,-8356,1,0,228.58480224269795,228.40052665248217,435867705.10162944,1997246.0048385842,DrDoS_NetBIOS
17,-35705,1,0,226.88166867153632,231.16922970828116,435686135.00762194,2005647.0728212593,DrDoS_SNMP
17,-47603,3,0,1476.0200940465793,1476.288295296357,1469008780.0420067,1001514.3780583774,DrDoS_MSSQL
17,-42465,2,0,392.6517961802347,395.05080244187707,766511917.9541613,1997736.909420287,UDP-lag
17,15500,3,0,524.7229536832295,544.3664627202058,938871612.379881,2000336.7641997524,DrDoS_NetBIOS
0,107013623,8,2,-4.279541434184831,-3.1022288972106002,-808234.2428398591,-2015.1922824507583,BENIGN
17,39497,1,0,866.9144692367815,241.37886930892918,457389885.3025668,1002218.9372122374,DrDoS_SSDP
0,-16807,3,2,2.582486449632602,0.21513247684988485,-1763580.0639149162,-248.98236166185416,BENIGN
6,61707,2,2,2.8156762889131106,0.5474753632185793,-1020231.979448593,15144.424277479007,Syn
6,-5373,2,0,1.2637583472912366,2.7346506417544223,-1852225.4466736785,1997213.9767862083,Syn
17,-14577,2,0,1472.4370317648738,1479.064729295505,2933396348.2897477,1995673.290103355,DrDoS_MSSQL
6,17770,5,7,929.201175609373,4.470840287143079,5663688.396795288,5521.143306838056,DrDoS_NTP
17,104157,2,0,442.0023233737677,447.70236205393604,920265216.3831468,997930.6929447766,DrDoS_NetBIOS
0,108124578,45,0,-2.7007858951997887,-5.420768294641742,-4459979.369655269,-17557.960867616694,BENIGN
6,12500346,20,0,-1.320590888965498,-0.8964815419136309,-3644142.288108241,-5483.145424380033,TFTP
17,121402,172,0,435.7012619761542,427.0294306935281,2000879.8097655617,9371.107226087242,DrDoS_DNS
17,-25771,2,0,224.26726362045494,227.79400278279306,423196759.1669516,1998343.777226743,DrDoS_SNMP
6,130235,2,0,0.12344381462916856,1.4899975385572375,-3726420.9436382633,2000292.4085332942,TFTP
17,-43238,4,0,1468.793164147683,1477.1520800198896,2917851754.928064,1995558.7163609988,DrDoS_MSSQL
17,-8395,3,0,389.81526982697017,379.07929395125024,802825452.549643,2005305.4129496235,UDP-lag
17,10191,4,0,233.07579401597303,228.3963736517069,448022052.974766,1994997.7669216713,DrDoS_SNMP
17,51566,2,0,560.6654069207516,445.19683602964164,917469447.8387151,1999784.4003541176,DrDoS_NetBIOS
17,-31866,1,0,389.2355949919761,394.7690721741924,766708545.3255283,2002805.2335949552,DrDoS_UDP
6,190273,6,2,-2.143112161134156,1.1808320542223696,-2935929.4437703313,2519.5217584545717,DrDoS_NTP
17,8695,156,0,441.5171619885716,294.03714764079604,4212460.581043497,6151.123314813618,DrDoS_DNS
6,148556,0,0,-6.2615661841856385,5.4442838689349875,947797.8205454096,29944.809356146263,TFTP
17,85083,3,0,231.25379131071978,235.09871237050567,426664364.8797629,1999085.0850241268,DrDoS_SNMP
17,96171,1,0,383.56659360752695,406.51037158893047,340431.22846388957,6459.961278009713,DrDoS_UDP
6,112072694,7,0,3.0141803143109045,-4.49125183496844,-6921995.6611358775,8906.762856213361,Syn
6,124437364,45,9,3.6425338334889714,6.203188445104477,-9652747.48527949,-236.04559114541553,Syn
6,4593263,42,8,1067.7884095937718,1.7875275675847613,-869376.8617712983,-15246.78371347878,BENIGN
17,-80197,3,0,1468.81864680701,1471.0984822252547,2947647360.3608947,2000320.1704173486,DrDoS_MSSQL
6,80771,3,2,0.4825271555670848,1.9774914115462947,6375113.9970757235,25695.75133646629,TFTP
0,102118026,37,0,-0.8448906499372772,0.8032809228467421,2279579.744308292,9179.553576804034,BENIGN
0,112095976,45,33,1.0402943207817599,0.07048582369156647,-4436810.69922138,-7435.3641588882165,BENIGN
17,207039,7,3,37.13408914201819,55.18779876744017,-232157.09264362068,-5700.911699579581,BENIGN
17,-72807,2,0,1473.506559260917,1473.3073702124802,2937661979.662483,2001158.4833468173,DrDoS_LDAP
17,-27446,3,0,1472.1285415679824,1474.7300078370229,1462014315.7027104,1000523.1961813541,DrDoS_SSDP
6,50148,1,0,1.079230494068307,0.9852464079828039,1542318.925083018,18138.124652825965,TFTP
17,27867,3,0,1472.3252919030542,1474.4828146823297,1470968002.7917333,995325.6946266968,DrDoS_SSDP
6,31761,1,0,2.6330404013007342,1.9254875825841695,596103.8844344337,15118.780595136554,BENIGN
17,125688,6,0,394.7137651785086,400.0138269969224,793356094.3377537,11527.487041404584,UDP-lag
17,134785,4,0,372.5826526864793,378.29469199617995,2344244.611002939,17678.675825469,UDP-lag
17,-4322,2,0,565.7973116270948,560.0250346255083,1019912535.5799102,2001162.3912902146,DrDoS_NetBIOS
17,98458,3,0,440.2083786956664,586.3850942228951,4778277.392905279,20288.99327395806,DrDoS_NetBIOS
17,79465,3,0,1476.3663746938612,1472.9556960230095,2939107863.609968,1998476.6938115882,DrDoS_LDAP
6,81425,0,1,-3.62511789606467,1.4426876190322857,-2750714.291843311,6583.442463821933,DrDoS_NTP
17,56924,3,0,1476.67779152811,1471.543198813398,158530158.36668563,999589.5243437627,DrDoS_DNS
17,79840,2,0,233.21641540019783,231.39266765033886,440751213.5874649,997231.5445569619,DrDoS_SNMP
17,82701,1,0,1475.9009381278552,1467.638371527121,2940145018.3507357,2003837.6397581496,DrDoS_LDAP
6,62586,2,0,0.7235142819932291,-1.564714554366431,-1187215.0299565957,2001670.4457049493,TFTP
6,91479,2,2,31.931029247230555,1.2339555516119016,110959.55144872633,9891.391343133417,BENIGN
6,12885446,3,0,3.1810732048851853,0.056464130724648245,-605885.7794053203,14283.911596434884,BENIGN
6,12573030,5,0,3.4636242784010167,-2.751002257254748,-6004935.159340669,1760.76515177102,TFTP
17,25397,3,0,1469.063473378498,1469.2905098489352,2912793323.548891,1998266.6927114793,DrDoS_LDAP
17,22104,1,0,1471.97674377551,1470.7020596404518,2927920782.724935,1998170.191258711,DrDoS_LDAP
6,108704371,19,0,-0.36906984774236556,-2.656943469690015,43939.94321294711,-5171.602578830645,Syn
6,34472,149,2,680.081754913335,-0.2383074798923155,-2532019.2649727343,22791.9869277221,DrDoS_DNS
17,-28249,3,0,1474.5951316630476,1471.8894388993115,2948279207.529283,1998296.9583049596,DrDoS_MSSQL
17,-57292,0,0,395.92004999308887,390.11279158452317,772696430.3618281,2001559.6166724071,UDP-lag
17,-43823,0,0,397.6436236402046,392.6255075624769,779953067.9883045,1999198.7663928326,DrDoS_UDP
6,65693,1,2,3.084680634010512,3.797689608625292,1840621.2609099671,25482.67117537256,BENIGN
17,99125,4,0,389.2838066614033,58.63034696352295,2031321.6721970025,-2744.6136069194854,DrDoS_UDP
17,-31203,1,0,1471.8108477768387,1476.2972844045148,2926728293.5173335,1998352.7628039117,DrDoS_MSSQL
17,36879,1,0,1471.6455218677572,1472.3379283338045,2655836483.9902477,2000513.9163771016,DrDoS_LDAP
17,-49534,4,0,1471.706713114469,1477.7454677323117,2933503217.345913,1995051.3085676965,DrDoS_MSSQL
6,-124635,0,0,1.9070510282225177,-1.4875257107385345,-1535737.1781988803,1997291.932095308,TFTP
6,3534308,188,7,695.662836397464,-2.207653219043529,-100621.32410405087,-12878.855719250354,BENIGN
6,119164446,38,5,-7.213548712229624,-6.510664032546523,-8929522.274465382,-8136.322278083182,TFTP
6,114603843,2,2,4.696086994609318,-0.7315878464558161,-1642935.6963901327,16511.429139040894,Syn
17,-12060,1,0,385.73544330778066,392.80726667238474,769972697.8370947,2002882.3053555824,UDP-lag
17,120097,2,0,230.01272991808617,227.69891071149846,2632091476.8461957,1997718.745013878,DrDoS_SNMP
17,17754,3,0,1470.6693791689443,1471.2345101287983,2921691732.8858776,1999609.7654621524,DrDoS_MSSQL
17,-11287,4,0,1469.8427903082495,481.24715018283547,1219051335.4790952,366106.01750821667,DrDoS_SSDP
6,106895499,15,0,0.16950164992802377,-7.474837760135325,-652237.615119861,-10314.194097530759,Syn
17,-6176,4,0,390.9606836087478,334.55802975467054,767354727.8372061,2000838.207461108,DrDoS_UDP
6,105812092,1,0,686.3137100062996,0.14507566132777377,-80027.63635515235,7214.694202542013,BENIGN
17,-77764,2,0,1468.745103954929,1469.3684359479714,212234628.69673002,1003522.3794033868,DrDoS_LDAP
17,88495,172,0,448.8407455300196,440.4899102621495,1590311.429818338,3709.0566523724265,DrDoS_DNS
17,712,1,0,1473.3001541665474,1475.9445695080888,2931663567.0917697,1999537.6993811082,DrDoS_MSSQL
17,-99086,1,0,733.5578152282626,231.4384579146258,434534992.2490679,1997305.7235938348,DrDoS_SNMP
6,93946512,3,2,1033.8550947956983,2.083161640972162,7043620.624516459,16562.534580390413,BENIGN
17,36925,4,0,387.87745167569193,330.5166179387925,4549569.111152924,11948.568670479139,UDP-lag
17,54265,3,0,1472.6798263310143,1468.6061443806175,1464887556.5607047,1000070.2361266097,DrDoS_MSSQL
6,83182,2,0,5.29902481603962,-0.11608648064126863,-3104502.9010758502,1999932.9582020345,TFTP
6,46609,4,1,-0.7314084244960356,1.4853433564343,-2145073.962194816,12063.37427894737,DrDoS_NTP
17,30856,2,0,1469.6070913574395,1477.5476932991262,2942348020.439063,1996029.537929723,DrDoS_MSSQL
0,20770,7,3,-4.350918224157349,2.310170818145049,-562493.308238056,12387.25311485562,DrDoS_NTP
17,-87681,0,0,230.5140977932944,224.50929312739777,453075562.24260694,1998477.1845430161,DrDoS_SNMP
17,-38220,1,0,1472.5077142406415,1476.25935635263,1472051148.3576195,1001084.5705242272,DrDoS_LDAP
17,-81061,4,0,1477.5041135100398,1475.2195134079232,2911019851.1606855,1992743.6103379705,DrDoS_MSSQL
17,23445,3,0,1470.3923294057329,1469.154794576528,2929752608.7779703,1999698.0667785895,DrDoS_MSSQL
17,-16340,0,0,1425.1724956954054,1349.1471375619965,1480271888.2713058,1001355.4211913146,DrDoS_SSDP
17,-23445,1,0,445.8121950041346,449.7867900545458,916890758.4181097,2000376.0591742042,DrDoS_NetBIOS
6,-53590,2,0,-2.089097437248419,1.7186681806213169,34556.543107602745,23086.18641529789,BENIGN
17,54474,5,0,400.77916040969575,328.824944234138,2350463.973956263,2269.6364852415736,DrDoS_UDP
0,140833,9,3,-1.6038898967153234,4.129834743711147,-1115622.8344135282,11867.90675124034,DrDoS_NTP
17,-5610,3,0,1475.3923949037282,1477.1510722513312,2930882719.145117,1998715.9522447013,DrDoS_MSSQL
6,11696,2,0,1.0094816857849085,-2.8225003567751723,6266890.6395337675,23822.979388823394,BENIGN
0,-148027,4,0,-0.32011122839686396,0.5091773193415456,-246574.90197948157,21408.27226342128,BENIGN
17,195727,212,0,387.0302931510916,332.42893740934545,-4220111.666434571,-9893.307819466347,DrDoS_UDP
6,94216,3,2,43.701067847505605,723.5441731948567,3690721.5244931225,22379.43100581524,BENIGN
6,5422546,7,6,530.6599704924985,5.073150192732535,-331825.26951883733,21256.14161749193,DrDoS_NTP
0,116043771,8,3,-3.444000673878127,-0.5964652359150884,-2249235.00472013,-16603.24106432898,BENIGN
17,-356,3,0,952.8224042976004,705.4065470723814,189348553.06438246,997104.701890403,DrDoS_MSSQL
6,75696,3,2,-2.242188467493063,2.7681052454606854,-6651902.981338995,15616.942708263967,Syn
17,-41953,3,0,1472.6768479654368,1468.1016874125057,853393920.8494549,990917.216809241,DrDoS_DNS
17,-126,0,0,447.665357281562,450.19011066134624,901115544.960472,998055.0360914632,DrDoS_NetBIOS
17,12685,4,0,1476.7910664014753,1476.2031356325324,2922319596.941578,2000241.2265916925,DrDoS_MSSQL
17,-33734,1,0,1470.8040707664218,1469.9530182752953,2923271321.857651,1997186.7148452636,DrDoS_MSSQL
17,50968,2,0,1468.7539040834547,1473.7672170258822,2928373440.2978697,1998136.6584168687,DrDoS_MSSQL
17,157242,2,2,-1.5852372560415784,1.1111320859805514,-4274263.877091866,14713.30206851066,BENIGN
6,-71042,0,0,3.0131107974587925,2.291442322000434,-4096300.443315342,2003421.5822192226,TFTP
17,-14097,3,0,1470.3473580855743,1473.610251656381,127601735.44069934,1000691.560182663,DrDoS_MSSQL
0,107500239,35,0,-0.8032304220788173,2.6228002144303706,-2595984.4868880184,9915.184641360402,BENIGN
6,-6357,3,0,6.371155557637402,0.601985332808841,2932245.248988048,1999203.4993293248,TFTP
6,6195,15,0,2.2729825813602345,1.0097742067175244,7319663.707332301,9230.860866425674,BENIGN
6,90597,4,0,-1.0501926554083427,-2.944443735135998,461518.5611899559,2000802.4111865826,TFTP
6,85374,2,0,6.248128621853545,2.631308499339405,-5411801.1982170455,2003608.9295384584,TFTP
17,130842,4,0,396.03926100051876,327.95018532836593,4844765.523426445,4138.160667386768,DrDoS_UDP
6,-58819,3,0,8.674485966970515,4.364882339006868,2641828.78085744,10617.662199412804,BENIGN
6,113891063,27,5,-6.016591530303161,-3.2235105225376355,-280079.06921251933,5772.268835170878,Syn
6,-68857,0,0,-2.986304453568782,1.4876168875512277,1209476.308902624,1999935.0301219143,Syn
17,2802,4,0,385.1197009956017,384.9684902031387,775702126.708525,1997774.3701749076,UDP-lag
6,12863414,5,0,0.7312275356719133,-0.8803505924182081,-2612920.910060351,4325.333790452528,TFTP
17,18956,4,0,224.97668602376302,230.56355210278264,424709818.79074657,2000585.268907079,DrDoS_SNMP
17,-68013,1,0,232.62527285812183,226.1230663492111,455921135.87936485,2007309.3596341328,DrDoS_SNMP
17,47142,4,0,1476.4654678332624,1483.885018649309,1465391179.6281462,997782.6533636026,DrDoS_SSDP
6,80606,2,0,-4.731270914559366,-1.3976376272023192,-4803269.951908763,1997819.305533164,TFTP
17,27953,3,0,1476.8334026760365,1480.150907634965,1463885944.1164172,671183.1294781966,DrDoS_SSDP
17,24335,0,0,27.261632482742428,233.50854498566414,1937447.5418918757,15410.076817293315,DrDoS_SNMP
6,67793,1,1,-6.887416403375609,2.6573134016686137,5210036.467102419,17436.733382832455,DrDoS_NTP
17,16888,1,0,224.88436790673222,230.9245101651638,428074514.4611045,1999279.1274969752,DrDoS_SNMP
17,18785,201,0,756.6725491069462,30.697974644053804,1690405.023735447,3100.452636304889,BENIGN
0,113946533,36,0,2.4449844157001825,-2.792518296580673,-2098420.955775328,-13225.61199211797,BENIGN
17,-8196,2,0,1470.299107743049,1479.7322392344734,2925501830.3230863,1996166.7659682916,DrDoS_MSSQL
17,40465,2,0,1468.334472250892,1470.2229356301473,2920611610.1128554,1996959.8278944532,DrDoS_LDAP
17,126593,3,0,386.7771048686415,393.7885678415546,774668614.1399792,7218.1686494807145,UDP-lag
17,6404,3,0,1471.3187008876034,1480.4358982590975,2939147619.3947096,1999127.384102036,DrDoS_LDAP
17,-29449,3,0,1474.523146413139,1474.6254795173463,2944149265.0050225,2000657.9994531637,DrDoS_MSSQL
6,103510,1,0,6.037530810318728,0.9620511341906235,-3931860.7015679237,24960.75911519392,TFTP
0,132606,212,3,-2.5443514728183607,40.78045808548339,-4468993.553802811,-1852.6671724252046,DrDoS_NTP
0,12309227,205,0,3.302163126814662,-0.1915172522879222,222383.8543173282,6902.133741383252,BENIGN
17,165657,3,0,-0.7791598054741432,941.3367509841405,1067059570.5943253,12270.27915348989,DrDoS_SNMP
0,79838418,8,0,-4.9630577708490655,0.45327490185426256,3714080.7753196256,4781.658156716015,BENIGN
6,7061091,41,30,874.3523195449824,2.0896105238813902,-955363.7822646431,-10460.59906743779,BENIGN
6,3387931,6,6,534.1905782354191,0.13256460052212393,5798560.798532583,3044.7159466173625,DrDoS_NTP
6,28148,1,0,-1.9677836685945662,2.325036358620171,6014947.118421652,2003986.9274990116,TFTP
17,236052,216,0,391.3426270070172,332.3250462789062,-210447.16748249112,-13283.157519540207,DrDoS_UDP
17,66195,3,0,386.28410601141064,327.71923473528153,-1656379.398338958,18779.036520655114,DrDoS_NetBIOS
17,36230,2,0,1472.9167025844552,1473.2683600244561,1455603901.8702037,999659.3367545408,DrDoS_LDAP
6,113030968,14,0,-1.871601484538307,-0.7992131968044921,-4546931.807996827,-22.615444206467146,Syn
17,13514,2,0,226.17008663084724,230.610314891512,426711748.7781214,1994767.0801197889,DrDoS_SNMP
17,17301,3,0,230.8690733781452,232.9230942995936,449332272.9355406,2000555.611155782,DrDoS_SNMP
17,14092,2,0,388.29005284699963,385.5151154178648,751918792.9881965,1999430.139465031,UDP-lag
6,-47447,2,0,0.27793755502869033,2.0795613946174223,2606202.1922660973,2000976.176750207,TFTP
0,84758295,223,2,0.6337461675392908,-4.387364576258364,-1276263.0473476404,-5938.704557566096,BENIGN
6,120989772,28,2,1.0187961226012021,-1.5064428839605093,-6059588.7843267,-4392.874832662339,Syn
17,-12656,0,0,219.4246819398799,224.6914617979255,437365430.49360657,1999784.0671392328,DrDoS_SNMP
17,98223,2,0,1470.2995027193044,1470.3879078116083,1460838065.6835299,383483.5834335532,DrDoS_LDAP
6,33338,3,0,5.475228808768808,4.112985050745077,-2499057.4465893805,1998531.1293128633,TFTP
0,104204088,216,0,-0.8777939963633452,49.16324491857002,-54511.06916887942,-6723.487174363614,BENIGN
17,-19881,3,0,381.87395669963615,396.6790275460893,773236345.1546148,2003280.5651516982,UDP-lag
17,87322,1,0,1469.9930650319925,1468.2917823682023,2966270629.1433372,2000541.4435887234,DrDoS_LDAP
17,61690,3,0,388.44453261273327,395.25073825264275,455718880.5093598,1998792.6015562995,UDP-lag
17,82291,3,0,1464.291073704947,1471.0479210354438,2956151353.4569917,1998265.794475849,DrDoS_LDAP
6,102425,1,1,0.7194539376582465,-3.522710316034535,-2483352.280122569,13227.399045352322,BENIGN
17,32147,3,0,231.99232272304187,1472.013232155487,2934622402.7312202,2001776.913682403,DrDoS_LDAP
6,13854409,4,0,2.696924267766936,2.6188343439914092,-804733.7373467947,24341.183678166522,TFTP
17,-8038,3,0,384.5099933125524,323.7797379576215,-744825.8646210216,7804.28535307477,DrDoS_UDP
6,117424707,34,8,1250.6573532638158,4.971186222940065,-7625277.03649759,-13405.971364355475,Syn
17,77122,2,0,383.32059430088776,328.1494020756279,1273050.56420174,5794.635298571567,DrDoS_UDP
17,29302,3,0,1463.02428686527,1474.5041048910716,2925321912.7913966,2001245.4912271374,DrDoS_LDAP
17,-58939,0,0,384.4511770591582,394.7939817952755,780206247.5664815,2000915.9242971512,UDP-lag
6,67551,2,2,0.7851827206943414,3.382915201082068,513104.51291262545,29284.627475591595,DrDoS_NTP
17,-34213,1,0,402.26771420767915,391.3290603326378,778244431.7995265,1996977.2478938813,DrDoS_UDP
0,114416110,226,3,-3.228605800362635,2.136280490597912,1232213.8750804397,5522.99805855741,Syn
6,112164705,3,0,0.7070988353288991,-2.1393461413429025,-115389.4255699974,9480.543064105956,Syn
0,67119702,28,0,-5.479220184844719,0.175528432098921,2361758.0767091042,5882.542964368368,BENIGN
17,-9045,2,0,1471.6173239804943,1472.7730123530532,2926085813.333373,1990711.4174152974,DrDoS_MSSQL
17,-23794,3,0,387.1099147491383,379.8033288958394,789930718.3729141,2006375.5522240251,UDP-lag
17,-67684,4,0,229.11806127553808,223.70509558449308,461278914.2920353,2006353.817807675,DrDoS_SNMP
6,50697,3,32,39.91612599218831,-3.3162949375376303,112863.3422017023,18273.404577623256,BENIGN
6,-67028,2,0,2.7426489021842495,-0.66684477361853,1086831.0821255983,1998599.4633743127,Syn
6,113476579,21,0,-5.785911539073108,-3.789020319785785,-1305327.899336675,10950.632762294741,Syn
17,-26000,3,0,222.07650559432574,227.6030180590218,443945910.58585054,2006076.0377949015,DrDoS_SNMP
17,69149,1,0,388.3276028156604,388.43713982404597,765160922.187039,1999076.8657558407,DrDoS_UDP
6,178755,3,2,44.665306218086684,2.9900476961444182,2427256.53130412,8419.690414213808,BENIGN
17,13315,2,0,222.191557237677,229.7985410112365,4423596.81375069,15983.27450955367,DrDoS_SNMP
17,49659,1,1,32.96779324161164,45.591088768027895,179030.43870939547,8502.460767156306,BENIGN
17,-61252,2,0,390.811319410915,392.3414776199144,810118165.5749974,2008351.5515669081,DrDoS_UDP
6,69054,1,0,-0.9737688857417485,0.8602097215026554,-4214811.920981381,1992598.0235031198,TFTP
17,-20971,2,0,1477.1127287327326,1470.654944740232,65414402.70155886,676296.902896716,DrDoS_DNS
17,-80969,4,0,1476.8017602576867,1470.593626437201,2921257522.6324606,1997067.757372909,DrDoS_MSSQL
17,84411,4,0,387.58661064170406,324.443638040211,1069768.0974671855,11284.346864618274,DrDoS_UDP
6,85837,2,2,-1.951471717693646,1.6353951928800743,-4012019.351547434,18160.48274197788,BENIGN
17,39783,2,0,1471.7207364982075,1471.6386731728726,2952665834.4243727,1999137.6104219235,DrDoS_LDAP
17,757,3,0,1467.2851943025432,1469.5385165088403,2937726093.722797,683863.5833887226,DrDoS_LDAP
17,-31829,2,0,1472.5153500165777,1474.2519554591688,2934066871.586261,676442.0565792256,DrDoS_MSSQL
17,122300,3,0,389.19754461499144,389.12337351435974,-2975038.956142463,997776.3436843485,DrDoS_UDP
6,92206,1,0,-4.168027447154594,0.013633132167591225,-5513392.89494222,2002322.6362756486,TFTP
6,63278,16,0,-2.75351477365471,-2.498539048421919,-2827820.1660408555,6928.020276940088,TFTP
17,97880,4,0,392.81000258805966,329.70499908908886,6267084.44100344,10077.924675397806,DrDoS_DNS
17,10488,2,0,618.853405406471,1477.286812996099,-616389.7116923067,13436.848536452675,DrDoS_DNS
0,101012052,28,0,4.051773179731139,2.8864563450618266,5389195.99415991,5723.1446255738865,BENIGN
17,-20062,1,0,1384.5813681129316,1350.9853960074408,1247196362.0302918,1000480.3303851091,DrDoS_SSDP
17,95929,167,0,1467.4407737948136,1468.65722275816,142912854.08298448,676936.4561123494,DrDoS_DNS
17,55347,6,0,394.15525858283274,328.82115797830124,-763787.8084168232,7170.703407442137,DrDoS_UDP
6,93590,2,2,-2.9005076176756908,0.3556240845171908,-5558369.867599061,1001975.8769430558,Syn
6,56943,2,0,3.314513742508689,5.861120555665122,722991.5716731622,2007866.2260436856,TFTP
6,113094048,29,28,41.55158127741563,4.031145012842388,285644.53273189,-6697.5986174363825,BENIGN
6,-144000,0,0,-1.8043869582787992,-0.5737202419045959,-6788362.837219836,1993304.4206358062,Syn
17,-97081,2,0,231.26768152387325,230.98510027969175,455503761.8805264,1999810.2984024608,DrDoS_SNMP
17,21815,3,0,221.57546286473485,223.08538516994022,194398425.36400944,26809.271152912097,DrDoS_SNMP
17,89810,2,0,1346.613305904139,1385.7927393492662,1296916134.8120458,998289.4577746441,DrDoS_SSDP
0,110494828,223,2,-0.5339573032736258,-4.9662537361816685,-5978127.745523298,-9366.293820415282,BENIGN
17,125472,143,0,443.6540848726682,437.9881161768909,-451754.96057131933,4847.731557059936,DrDoS_DNS
6,73662,3,2,2.6955113414221725,2.432153813159068,-5609713.835907728,24200.43277001645,BENIGN
17,19557,3,0,1398.493802941427,1384.7820624691285,1281528854.8067229,1004649.259707695,DrDoS_SSDP
0,108756763,39,0,-0.5303411964655947,-1.091702338696272,-1126374.2527878245,-4301.565489260991,BENIGN
17,96680,2,0,1469.7984227477878,1473.6463629726748,2920937947.2430625,2000810.5270650105,DrDoS_LDAP
17,32650,2,0,1475.1590432198234,1481.4717180347861,1464370620.8882012,1001334.094099636,DrDoS_SSDP
6,1319,4,0,1.4870059239615954,0.7520818209852399,1785695.1864894256,2000718.5391432156,Syn
6,121326033,24,2,1.3971993699563963,0.08921852322671521,-8803870.205807356,9250.410550183447,Syn
6,105616,0,2,3.644809648940268,2.7157747451012773,-322094.52993737743,28502.275123541094,BENIGN
17,96486,3,0,390.8090412549323,392.282183224746,2339221.60975367,19501.15665526363,UDP-lag
6,36593,4,2,-1.8673483967751576,-1.1865671812941374,1993543.6725538298,9602.355175507795,Syn
6,7589,27,0,0.3752879922292191,1.3721300277115585,-1662670.1618337405,2485.4044914238493,TFTP
17,-46977,2,0,383.14055889076974,389.1278007195468,753573574.7416646,1994454.9553488018,UDP-lag
6,57951,4,0,4.52727358159697,-0.5357439173431958,-1474841.1058739417,2002245.2934467818,TFTP
17,-135460,1,0,220.68372729470494,222.6263464105109,452736680.7338631,1998809.981230462,DrDoS_SNMP
17,-43750,1,0,1468.9787260069156,1472.8720847566342,1473321963.5720925,1000327.7880078746,DrDoS_SSDP
17,-18560,0,0,225.87124028438774,219.07033949669994,424708492.2004656,1996479.346556499,DrDoS_SNMP
17,-59373,2,0,610.3808550899707,232.88877715136144,2734201152.8305197,2002379.4799554085,DrDoS_SNMP
6,52391,2,2,3.653689549062736,0.27056123741026455,-2352573.867326322,5501.952993859472,BENIGN
17,44867,3,0,237.25203099226408,231.12310991241097,462544725.68743414,1000393.6254334626,DrDoS_SNMP
17,-17980,3,0,227.83818107717735,230.13132114392283,8986135.165886743,40484.2392065336,DrDoS_SNMP
6,62991,2,2,5.427177672047115,1.9357210731448424,1289079.1469369333,2004665.6481006418,Syn
6,18498,1,0,2.727616733693442,0.23600504452440313,-2348460.551922924,2001015.9903488024,TFTP
6,-36567,3,0,5.435392822579642,0.6872504406360868,-2901927.7543433364,1999120.9779246883,Syn
17,-59919,1,0,1466.215715728878,1470.9490035795725,1265517206.2607656,655616.5056786361,DrDoS_SSDP
17,9623,1,0,1475.0358586871837,1475.6681001204824,2932417346.3014297,2000246.1885640987,DrDoS_MSSQL
17,165052,5,0,386.08856257572035,335.7037829287318,6107760.3064707145,-5964.415233898724,DrDoS_UDP
17,38297,3,0,1469.002880567577,1468.8757835158085,2925986454.738293,1997585.429427922,DrDoS_LDAP
17,-7921,-1,0,447.6909441747371,442.43075259059015,950830390.4160013,2000436.0024883624,DrDoS_NetBIOS
17,-86994,2,0,395.6320746239815,393.7899055047475,807289294.7072846,1999175.4221867237,UDP-lag
17,8867,3,0,1469.0752341742118,1478.3723542337627,2949229522.0998273,1995364.1609971516,DrDoS_MSSQL
17,68589,174,0,440.8841701777241,429.9660967489766,5248102.88735385,5673.14285245905,DrDoS_DNS
6,150719,2,2,59.608158762721764,63.91019713465704,1035542.7109490717,21835.131402230378,BENIGN
17,54426,3,0,1473.6341914132483,1470.6224118513992,2934532767.107702,1999384.5034069708,DrDoS_LDAP
17,91039368,7,0,222.34290899870726,225.87379854798382,-1140365.8062596421,5314.324484920847,DrDoS_SNMP
17,17289,4,0,394.2885123815738,398.1213304760629,779779258.9261671,2004384.1890837587,UDP-lag
6,4786701,3,2,571.124263384226,-1.7971768863886712,476142.7207748615,18243.349687548456,DrDoS_NTP
0,110948732,39,3,4.106326299855355,-1.0156755466750371,-4634753.937144116,-6586.684291358648,BENIGN
17,83411,1,0,384.2083227399299,392.7553905233219,2366413.606750643,19324.958418364113,UDP-lag
17,-43364,3,0,759.0707752409437,1409.4300143411713,432142038.8538582,1998149.3651270985,DrDoS_SNMP
0,79952120,6,0,0.74202771571162,1.2958260297790114,3395432.237831088,1673.2155573010132,BENIGN
17,23107,2,0,1366.960272512579,1396.720902071907,1463526742.6691728,999175.7616212098,DrDoS_SSDP
6,-39360,2,0,0.7635407682929015,-0.7936760502239265,1030521.0518152439,2004212.563207074,TFTP
17,6978,2,0,1472.633191074456,1478.0133590829564,2949161385.0907497,1997253.4945158819,DrDoS_MSSQL
17,44018,1,0,560.7707917788523,606.9474635804687,948951882.9370499,1996472.0369901322,DrDoS_NetBIOS
17,-50846,0,0,1373.1723012996265,1374.0560540138197,1287720289.045894,1000402.8926198495,DrDoS_SSDP
6,73163,3,2,-4.906609107932082,-2.1371681107056,206898.12372510997,24824.428655326563,TFTP
17,60431,2,0,392.5349500730178,388.2995260533193,145138945.54509366,11527.655392681618,UDP-lag
17,134857,6,2,34.973146995213256,56.573449616692436,655361.0324886661,709.5659171505686,BENIGN
17,66587,2,0,394.6345420394984,454.86766548596336,1979826.3803723687,657900.5636502977,DrDoS_NetBIOS
17,10506,1,0,1467.837851122436,1475.8517678433511,2918461439.877326,1999739.038875043,DrDoS_MSSQL
6,69198,2,2,0.4038358464724541,2.7479999046260333,3427021.608964534,14019.982130497174,BENIGN
17,167552,4,0,1462.1490845213125,650.5004861415058,-5303244.996045737,428951.30848220165,DrDoS_DNS
17,91661,2,0,394.1280485875115,391.6604160927314,762666936.4864731,1993841.3764132285,DrDoS_MSSQL
0,81690872,5,0,-7.397979011449433,-1.213064414601161,-1856912.6506396232,10860.346737654947,BENIGN
0,113666770,45,0,8.881233032796073,5.05947691432866,-927289.6798941118,-19015.532940878427,BENIGN
17,-38611,1,0,379.0109564552582,378.6495755745308,780462421.4088471,2001065.869352727,UDP-lag
17,45357,2,0,1470.9697343253438,608.1466839501687,199580021.9636927,999423.9800813666,DrDoS_MSSQL
17,-91150,2,0,1465.7408866419078,1468.121062509644,1472042921.6204135,12039.89187470604,DrDoS_LDAP
17,-37663,2,0,1466.509103803602,1462.725209068856,161477856.3615191,669779.2734311208,DrDoS_DNS
17,-18657,5,0,391.8267599955816,329.21053955345116,2882807.084605518,6728.6935200016505,DrDoS_DNS
0,112921280,42,0,-1.9079318321566614,-3.0872121937515047,-604418.3103821946,-2640.412540684745,BENIGN
17,69453,3,0,388.944795548385,393.0622297373797,781632181.9000028,2004188.0946604111,UDP-lag
17,30560,2,0,1469.0850246931077,1469.3324648760529,1458966516.4250836,1000904.1927658466,DrDoS_SSDP
17,2430,1,0,1465.7808026976654,1477.4573841194954,2928043835.1249003,1997631.709176425,DrDoS_MSSQL
6,56089,3,0,4.639945363060764,4.3246667882516965,890057.0616221251,2000603.5544181198,TFTP
17,-61964,0,0,438.35255639840415,443.6799518815103,895782645.291011,1997580.6844453837,DrDoS_NetBIOS
6,114501944,24,0,-0.3705290046199934,-3.0013436512598344,-2925385.248020117,17572.071061069553,BENIGN
0,75787757,33,0,1.0455066996806301,4.833306105213298,999797.5129056354,13813.593571706517,BENIGN
17,209520,214,0,437.23260085568984,438.8428886755583,-2625042.0914536715,-4893.420430250526,DrDoS_DNS
17,28475,2,0,1471.621377271433,1476.5706496775786,1470194771.710493,2003625.0977797995,DrDoS_LDAP
6,14024607,2,2,-4.171337371417094,-4.364636126073717,-2781524.1623286586,20165.172209152588,Syn
17,3797,2,0,233.56937153933393,229.99922538430758,2908246684.293534,1994798.5327963294,DrDoS_MSSQL
6,115463015,28,7,964.2010022358862,2.6938755887686745,5265854.511445009,-1605.6222133818428,BENIGN
17,17469,3,0,1358.9042642656036,1366.5296428119711,1299633471.6348596,1001146.6773848387,DrDoS_SSDP
17,-2841,1,0,1473.098998874975,1478.1613698930187,2935091107.5619836,1996227.109571908,DrDoS_MSSQL
6,-54848,3,0,-1.1453339400702103,6.348374404853127,-471815.69427861995,20930.60164827127,BENIGN
17,69543,2,0,1468.5442845010907,1473.2747670550668,2939145315.3973446,2001884.6049454715,DrDoS_LDAP
0,106253286,31,0,-1.5672414830308594,1.4069228554040472,820335.3388162118,-1999.385165975982,BENIGN
0,110362156,31,0,0.3496049304259789,-1.1923831937016516,-3721295.673192395,-11725.792122569692,BENIGN
17,-16551,1,0,1368.6474564958492,1474.9737587096297,427549909.56831,1998229.5883136792,DrDoS_MSSQL
17,-58759,1,0,436.4217388302408,852.9201043468412,136710493.18494636,998389.1918945204,DrDoS_NetBIOS
6,-14649,2,0,1.7853835429408178,0.4475191167190963,-2600892.6030555423,1994586.7805747797,TFTP
6,13922993,4,0,9.221700262759983,1.2699128654539857,-2096601.0472374114,19215.679669701673,Syn
17,82355,3,0,383.62820074453737,332.5530490695503,5421906.30010963,12561.458424931046,DrDoS_UDP
6,-29202,2,0,-1.1449292940684532,-4.213594869247487,-1252104.1641414242,1999991.650388188,TFTP
6,32441,3,0,4.933140918244634,-0.7564989197110273,-1115055.1195820097,2001203.8777431617,TFTP
17,128418,3,0,235.59233995060458,239.17850838165919,446957675.4017422,2001305.6574253517,DrDoS_SNMP
0,-122854,7,2,-5.782467258271817,-3.0788026184923267,2228251.4787502834,7806.841664704162,DrDoS_NTP
17,-17782,4,0,392.4956480134424,393.2719756977304,767091085.1142986,1998107.7086123284,DrDoS_UDP
17,72371,6,0,394.2373373581945,331.74396577046383,-1595950.1137643794,-4614.175618377985,DrDoS_UDP
6,182492,3,0,3.586116698279646,0.7134677015057375,43186.88223903463,2004892.810500072,TFTP
17,41997,3,0,427.11304348312444,437.489824050364,4054405.819294814,1354.990638766125,UDP-lag
6,171521,3,2,-1.0201303798537666,-0.6751084422932513,-3590585.9767067246,15579.793385643454,BENIGN
17,-30654,2,0,1462.980014415666,1464.956577301662,2914985319.1893682,1996963.3814135508,DrDoS_MSSQL
17,108130,2,0,451.97652601944543,445.2731906887409,958932690.1508334,22672.773432344315,DrDoS_NetBIOS
6,110009,1,0,1.0497734898705697,1.6123469322827753,-483665.49992978293,2001074.0140257133,TFTP
6,12352690,4,0,790.9948584352294,1.9310509558317934,2577575.8093916182,9667.533000479832,BENIGN
17,-29966,2,0,220.49113061211392,224.821872161487,439523322.2191912,2003113.3297044171,DrDoS_SNMP
17,-69225,1,0,449.16086220998267,582.9106590336298,1463153941.8925948,670427.5464509838,DrDoS_NetBIOS
6,103897,3,2,-1.103255121262375,0.632373961673264,-189618.87795451586,2002139.2145501662,Syn
17,-29519,2,0,1461.4856337681624,1472.8344667648607,2945682307.6257625,681334.0302975298,DrDoS_LDAP
6,96920,3,0,0.4868228057355734,-1.83799642511348,-4023209.910094007,1999652.620880568,TFTP
6,55922,2,2,-5.903238750353941,-0.6257849897705843,-447792.6331550272,24474.04431137036,BENIGN
17,86044,1,0,22.865507861886535,443.3735428875857,102664.07011980959,13033.73472441962,DrDoS_DNS
17,37335,2,0,1472.2497826591675,1482.5178731475203,1463384756.3545282,997326.7581054455,DrDoS_LDAP
17,-81170,1,0,225.84314366492043,233.4332709437864,470244849.4662355,2005071.0997081948,DrDoS_SNMP
17,67892,3,0,1473.0991489515632,1477.5716829925016,1464712249.867602,1002269.4544810526,DrDoS_LDAP
17,40567,4,0,1471.2063401972134,1468.6918177370442,2926390931.938813,1997466.314004207,DrDoS_MSSQL
17,19116,3,0,1473.8092575518992,1471.1548743165129,187635655.73968634,347801.5035244247,DrDoS_DNS
17,30268,2,0,235.44715243237937,231.93083588088737,478698244.17272633,2006623.9445230635,DrDoS_SNMP
17,127050,3,0,979.4340231702632,448.94467752036866,-117307.30853510322,7047.422337298843,DrDoS_DNS
6,104702,4,0,2.008678047391422,1.5582477364820504,-400934.81991925114,1996811.401542493,TFTP
17,-32218,2,0,385.40139209138607,394.0655045450985,799959064.2174872,2004703.2925735652,UDP-lag
17,178895,1,2,6.008055136876415,49.75059979777665,151764907.16179243,16613.02032733082,BENIGN
6,121530,4,2,-2.7139327067726104,-1.6634385901583455,-5919943.820081415,19463.574181844575,BENIGN
17,-69711,2,0,382.7343600952582,393.54752455828816,768573560.4049871,1996776.1518492443,DrDoS_UDP
17,92574,3,0,218.600209417043,222.53670948629983,436019762.53371304,2000484.9936278511,DrDoS_SNMP
17,183829,5,0,385.15283301545315,321.47151522023063,-4813576.324802843,-8874.54638184707,DrDoS_UDP
17,74146,210,22,970.2819828469477,328.48743737416146,4381145.433930614,10044.206836571164,BENIGN
17,41914,4,0,460.74486719493575,456.2100038855521,-1270735.6791156658,672530.8253470032,DrDoS_NetBIOS
6,140255,4,0,-1.6116419537265108,2.641325536901066,-5347612.648292389,2001182.8689239242,TFTP
0,91383039,36,0,3.7378231771164203,2.949893894250928,5175059.865019123,2619.126805949586,BENIGN
17,-20755,2,0,1473.1136096869695,1471.2693137358297,2935142960.7710705,1996214.5105674996,DrDoS_MSSQL
17,34203,3,0,230.7505430385963,226.6928694311867,443015225.584828,2001356.4014255498,DrDoS_SNMP
6,65644,3,0,2.3545804116348523,1.4264439059346166,-4450884.658581272,2005756.6632368555,TFTP
0,111606434,36,0,-3.8680614380114466,-2.6278011054855503,-2534075.9226744333,-8923.513213320592,BENIGN
17,40858,1,0,1466.8473200285855,1467.2072740786716,2939898943.3002806,1996040.7352124369,DrDoS_LDAP
17,-106710,1,0,1475.283221452288,1474.5947859086075,1085590039.4205744,1999261.528095207,DrDoS_MSSQL
6,88729,0,1,42.294703638152455,37.4451174940693,335348.1004428668,3762.686496575847,BENIGN
17,61497,1,0,1473.1474241150006,1480.215671843306,2934768399.7209373,1001581.5749774538,DrDoS_MSSQL
17,255602,7,0,384.77419669005786,338.6800149596171,4825092.795293122,-7407.635577368783,DrDoS_UDP
17,16275,170,0,440.33930441816244,35.265131448346,3430846.906394306,8991.8384377057,DrDoS_DNS
6,78270,3,0,0.44318736699230016,-4.213782993019635,-5434816.867490668,1994476.3218132071,Syn
17,7460,4,0,228.48827157204923,233.46587380552467,8236235.142260831,35027.83975237493,DrDoS_SNMP
6,20065,1,0,-1.3462477736768506,2.9745232798226087,-3334628.4567338405,2002465.5178391624,TFTP
0,111797526,233,0,1.3231960794150865,5.242242036157393,1677472.6845460637,-15866.949390660986,BENIGN
17,-62102,3,0,386.4459670799057,329.0505238063626,620031.3198328594,16613.618652967205,DrDoS_UDP
17,69682,4,0,1472.4434682231092,1475.8796176240808,2951951724.5230045,1997734.2564558445,DrDoS_LDAP
17,48204,3,0,1472.1231031262525,1474.5191288991493,2692414542.301584,1996137.4194816651,DrDoS_MSSQL
6,-31240,1,0,5.605614796561846,4.667571275171897,1666744.1660164786,18174.816568203216,TFTP
6,16809,14,5,2.0322174827522552,-1.7906627134644038,-4233987.52955538,5565.18521373216,BENIGN
17,29887,1,0,215.7558027944083,222.96888483106233,430969684.55220413,2002125.8438258173,DrDoS_SNMP
0,111434281,43,0,-0.16892947368688144,3.720692540583944,-3001606.1312959045,-1981.5347328008884,DrDoS_DNS
6,56461,3,2,2.5374796768665924,4.988046096722039,699761.0968232175,15264.450941289258,BENIGN
17,-21715,2,0,1469.1969134804006,1467.0468793096572,2914706854.62985,2000275.1695144312,DrDoS_LDAP
0,108290886,37,0,-1.1635074808479584,-1.8731107231342567,2350491.2188997143,-784.2031245092858,BENIGN
17,-24849,5,0,1476.8234029420312,1473.44313906468,1463141959.8362107,996791.7252642087,DrDoS_SSDP
17,-107937,1,0,1471.9164295343633,1476.5208222271615,1479290630.1182272,1001278.3628335699,DrDoS_SSDP
6,100246,0,2,-3.3678406456121386,-0.5325357430618205,-1604660.7113991792,29158.131271454327,BENIGN
17,51539,2,0,1468.8502021723054,1475.2515034719718,151066849.82840988,1999390.4774082687,DrDoS_SSDP
17,49266,3,0,230.5738003953537,237.3862675352699,444228067.6998846,2004670.9560908827,DrDoS_SNMP
17,126168,2,2,37.71862323447798,37.84760116287317,3291282.3348639347,18412.777488699565,BENIGN
6,130566,1,0,1.4441441266600994,0.30343471848478476,-6649141.444607713,1994143.037228697,Syn
17,-15915,2,0,393.3837558057734,398.2254795662575,765741410.3136445,1999650.2802114733,DrDoS_UDP
17,11507,2,0,1468.0665194959001,1467.6465109710266,2920466563.250653,1998474.4097009334,DrDoS_LDAP
0,107216347,35,0,-0.7895653434962536,-2.0383960480212666,-53566.89095617691,3774.8730499092135,BENIGN
17,-95379,2,0,387.0540858774408,389.6259583812487,757002509.2489979,1996274.353004076,DrDoS_UDP
6,6942,2,0,-1.406710156299606,-0.5108818115992643,2073067.6361413195,12356.024097349575,Syn
17,-17114,2,0,1468.8177464913708,1477.2937520184212,2945556763.6153626,2001158.0389958867,DrDoS_MSSQL
0,76033924,5,0,-1.9277907714295912,-0.4646082880672836,-1490055.8633586338,15934.965489759536,TFTP
17,86178,4,0,20.285457675620094,327.88199105760276,8428640.275028063,14992.124991505421,DrDoS_SNMP
17,-51236,1,0,599.8914787914765,439.0159795244424,1308028208.9944515,2000784.021126171,DrDoS_NetBIOS
17,-43043,2,0,229.302750129094,1349.1730077694033,2658488117.022936,1999654.8474021053,DrDoS_MSSQL
6,62134,3,0,9.465403622461332,6.39639332967699,-96324.67573141982,2005603.6931421815,TFTP
6,59904,2,0,-3.03525097718798,6.18769589916289,7675697.944120624,23584.07535465502,BENIGN
17,39242,3,0,538.6647660546502,612.2213490352688,2542447909.66034,1995301.1556683318,DrDoS_NetBIOS
17,-6659,3,0,1480.657154422747,1477.0996672712822,2948439633.5909057,2000229.9636676917,DrDoS_MSSQL
17,90213,3,0,371.70943069276814,318.79840391550056,-3020456.4110870194,12529.942805979963,DrDoS_UDP
17,152646,3,0,381.96508212444365,1474.5985722139524,166143497.49171448,1002969.9515393203,BENIGN
17,15428,4,0,376.77411434669403,386.89823302402624,786522504.8884491,2001831.3531775542,UDP-lag
6,-115226,1,0,-2.3485527672585054,0.7425549011805459,1937271.7583219982,2001127.381229535,BENIGN
6,92244,3,0,1.2608611934782366,4.4067210659325475,-1877062.366600658,15159.067084607303,Syn
0,113965798,45,35,10.818954077911657,3.170886209224272,-1549583.514779988,-9421.187309881647,BENIGN
17,-23634,1,0,1475.890595937206,1478.4873224149978,2930354822.3599358,2003891.0945695774,DrDoS_MSSQL
17,45809,5,2,36.11150566820533,62.88995500783339,3629200.965853514,3497.7905268229924,DrDoS_NTP
0,119166949,8,3,-3.9204794047646883,2.11300758808446,1558895.963293152,6291.89732433961,DrDoS_NTP
17,8273,2,0,731.860070898572,229.34077334089227,452787008.9973643,1997473.4754106519,DrDoS_SNMP
17,-34021,2,0,1362.9996572596767,1351.49966874876,1248632083.4156466,1001741.8191844363,DrDoS_SSDP
6,71889,2,0,-2.9874428463360867,-1.1880882173224738,-1709724.4607700703,2005107.9356144497,TFTP
6,-13089,1,0,-2.1440150661773334,-2.689748050432986,-3371787.8753702836,1997383.3354295855,TFTP
17,-33453,1,0,1468.0856303033083,1467.9048378895106,2930578139.9349847,1998967.1548153688,DrDoS_LDAP
17,-6488,0,0,1469.0712297337063,676.5166540638274,948276664.2210838,676819.6508357638,DrDoS_NetBIOS
6,122327031,36,3,552.0692219655505,1.9049249903221557,-738691.8602097414,4489.320062505161,Syn
17,49048,200,0,429.5877604784487,439.29858714516024,153761768.06998667,9083.126484526118,DrDoS_DNS
17,27106,4,0,449.1087658734006,1351.1154275270671,843753080.9941189,645266.3960567635,DrDoS_DNS
17,50630,3,0,1474.8954215341528,1472.8531841188071,2908670314.481194,1998042.2203808893,DrDoS_LDAP
6,116535301,30,2,-4.584739830195171,-3.8624864152849603,-2829145.370827242,12191.421740477816,Syn
17,9028,0,0,387.29084883253665,383.11674617920534,773855542.640599,2002258.2013968357,DrDoS_UDP
17,-16235,2,0,1477.130084090117,1476.958418640948,1470684985.5778284,996179.5007314453,DrDoS_SSDP
17,73972,4,0,1389.5141546940035,1367.1846555248221,1466991962.6576455,999453.20051039,DrDoS_SSDP
17,73074,1,0,787.843390767224,1375.727421136173,1254249664.029593,1996129.5433002238,DrDoS_NetBIOS
6,-64817,0,0,1.0912711075137596,-3.7207393580911736,2750353.577527432,1996065.5552202011,Syn
17,92987,195,0,757.6959664983888,329.00824505081437,3528263.4161942545,-3351.8378933100685,BENIGN
17,7019,2,0,1471.448096188039,1474.1735585606434,2940715597.325773,2003493.6405057665,DrDoS_MSSQL
17,-35816,2,0,397.9604974627498,394.4357050407184,767117418.7321002,1993694.2203715541,UDP-lag
17,12662,1,0,441.1405954771715,570.1469645137537,6134958.0074583115,19676.36904094566,DrDoS_NetBIOS
0,145679,8,3,1.883447931144297,1.2893090903286828,1862626.552126762,8041.225192755357,BENIGN
6,12373,1,0,-0.7055549160232659,0.08317222691896234,-5360128.143202259,1999504.8826992356,BENIGN
17,-40252,2,0,1475.6498253186094,1481.0503560053762,2927720785.8317785,664304.3308715192,DrDoS_MSSQL
6,58817,2,0,8.575920651996507,5.529987305151337,1928420.7083063035,1998938.8602641867,DrDoS_LDAP
17,43690,3,0,223.16314415223937,230.83279674056513,413547455.2376655,1999084.917925502,DrDoS_SNMP
17,-12847,4,0,1473.1928934361865,1470.8935823201202,1462461230.2900484,997440.8662684263,DrDoS_SSDP
17,60865,4,0,392.6161646640758,330.20850210083086,4051975.5166543573,15148.240624781356,DrDoS_UDP
17,130328,3,0,1473.6805286749707,1467.477366007028,912987077.679527,322895.66871733486,DrDoS_LDAP
6,17131,3,1,1.5664397408866904,-2.1396331960869914,2544563.930102318,21218.074015178507,DrDoS_NTP
6,4298337,19,0,448.65705152810506,0.8265068497476784,2001213.862298812,15707.11835164193,BENIGN
0,90256857,32,0,-4.537990060237295,3.2048204178884694,3019132.326307632,6931.254469569198,BENIGN
6,6354,3,0,-2.557606206159706,-3.5989586514627345,-2291217.449405141,1999639.8414431417,Syn
0,104691681,40,0,-1.6464725525436266,-4.831950625990729,-7666745.182545633,-8433.17033840845,BENIGN
6,56156,2,2,1.3308254208872332,1.9969449588409758,-1520923.1763848534,2004721.6422442938,TFTP
17,106728,3,2,34.522008628463354,1.7004513811369442,-102798.10113771423,11181.661032068632,BENIGN
6,211260,3,0,4.985032129759148,2.06996199182993,-3619388.847761688,1998383.7121232224,TFTP
6,71809,2,0,-0.6048790029121324,-0.18325991895788063,-2884480.79045727,1998273.3475398263,TFTP
17,-3937,2,0,397.47974790641706,390.67435574187175,767957177.2834404,1996422.0261882949,DrDoS_UDP
17,130006,3,0,432.112316937471,436.1874637335287,916399553.552737,13179.108795426124,DrDoS_DNS
6,40187,1,0,-0.10437518870638128,1.0763678088370119,5639246.327231033,2004259.2111651914,TFTP
17,-28707,1,0,1466.2616711082756,1473.3844790000896,2923920236.1863713,1997789.9478379171,DrDoS_MSSQL
6,170391,1,0,-4.437568490844677,-2.657130708173823,-1978747.4745605222,1999718.3346371748,Syn
6,126805,2,0,5.275761733162456,2.9452875176983246,-4021943.489963934,1998713.227003984,TFTP
17,128852,2,0,843.6512209410084,335.0565152615863,-1974948.7510164806,10615.742222402368,DrDoS_SNMP
6,114097,5,2,1.389523221964418,-0.4846959231351453,3824243.489673742,24402.99025437761,Syn
6,-12919,3,2,513.5680233198613,2.8376457511403474,6108419.553575305,8407.855579328858,DrDoS_NTP
6,147211,4,2,0.029553308402122405,1.4592520278309458,-3899605.909598858,2002203.3863484918,Syn
6,119529916,3,2,-2.14380649826513,-0.3196255849883358,-4881240.416873362,13643.259330317658,Syn
17,101458,4,0,385.66407683398637,331.3557438600597,2758493.6418882874,11513.160289975625,UDP-lag
17,38208,2,0,1474.1556049638377,1475.026019209646,2957813035.4254236,1999209.7455583748,DrDoS_MSSQL
17,-1375,2,0,1464.6367799459586,1469.4447706100525,2922766087.593116,2002110.3250402722,DrDoS_MSSQL
17,36095,3,0,520.3664850740776,1372.6426007975597,2925112427.4894085,1996302.4219656729,DrDoS_MSSQL
17,-50,1,0,230.43412930491033,231.93810290998306,471308880.12497836,1999664.4367631637,DrDoS_UDP
6,-6004,3,0,0.9905580280857131,0.07251378412268991,-6350265.220218217,2000247.6553473242,TFTP
0,106479312,33,0,3.75641191355195,3.69755198867725,1539782.4275582961,7094.578309667261,BENIGN
17,54475,3,0,388.45850830962223,393.3547514483845,784949956.3227482,2001991.314101511,DrDoS_UDP
6,79728,1,2,3.6425731218631303,1.9658299508939774,-2373346.5932750423,13613.053126230567,BENIGN
17,146276,5,0,389.81930363730413,328.8138259162663,-3802664.374453459,5986.207501147314,DrDoS_UDP
17,-61833,2,0,225.5063956633768,227.21003061013985,471065844.0193156,1998701.7480885838,DrDoS_SNMP
6,13972192,4,7,3.2851100322629363,5.129480204487806,-5712940.2292399695,13179.304579587064,Syn
6,11837180,3,0,-3.087100717640882,3.158577602795766,40502.382934062975,24188.72845790546,TFTP
6,114069,2,2,0.28812194437063754,-2.170917736751008,879779.8797388857,23553.873770843114,DrDoS_NTP
17,8612,4,0,1469.2769784048783,1471.6078384414013,2921377994.8423953,2000106.4481841782,DrDoS_LDAP
6,7917111,47,10,995.747955855757,5.616069644777002,-4369185.26007556,-14801.34529308424,DrDoS_NTP
6,13254252,26,21,3.7037606417620346,4.722541484037667,-2718741.88096302,-2210.551378074553,BENIGN
17,74447,2,0,226.23781120576774,224.45225581475043,427247468.82930285,2002289.9357060625,DrDoS_SNMP
17,42610,3,0,1471.2257639639497,1467.8986893887188,155142841.07060724,12048.110189190367,DrDoS_LDAP
17,118286,4,0,388.04739991285055,389.42319560122655,-1937163.369738383,2000133.9847202126,UDP-lag
6,122376846,25,0,3.4906231521149005,1.4956014137463944,-13126068.161664411,-5447.334826494212,Syn
17,20725,2,0,226.69449755881303,1471.6666935013027,2932773891.548291,1998864.1240192656,DrDoS_MSSQL
17,21098,204,0,447.167699934726,572.705353105922,7790707.574178158,1728.8402053153168,DrDoS_DNS
6,-49651,4,0,-0.07445807702500089,-5.171308647822817,-5459726.530074547,2000967.314596695,Syn
6,-18835,1,0,1.3519115155505685,-5.211684435767442,67274.76753842505,2003116.2843997614,TFTP
17,22209,3,0,1473.9645512799277,1477.5064667229594,2934875597.362868,1999782.0810071684,DrDoS_SSDP
0,75074287,35,0,5.51196295356602,4.877039791829719,1990161.9442772889,-1737.0898336175705,BENIGN
6,97782,6,6,-0.6378546811751941,-2.4420156011644627,-1203323.0994787787,21518.808882002686,BENIGN
17,-32757,-2,0,756.2580246748122,394.9086203207751,760440111.7164546,1999948.7608064297,DrDoS_NetBIOS
6,24656,1,0,0.29817255316076013,0.5867338066176881,-1384457.9520422483,2000055.6371899287,TFTP
6,38947,2,2,0.5912794366668402,1.202925531345497,1243868.822346021,21481.631837731067,Syn
17,-12390,0,0,443.21695975923853,451.7916767323527,931314816.3829837,1998278.3610139096,DrDoS_NetBIOS
17,16261,0,0,1468.8726067507382,1472.3341597419978,133540375.7950247,1997927.0302932584,DrDoS_LDAP
6,6347854,36,0,684.9787023504158,2.122662542715257,-6848102.542880859,-3416.865956393509,DrDoS_NTP
17,135860,2,0,380.6700119430246,327.7234457242968,-341240.47776013194,4998.524055788995,BENIGN
6,12518040,3,0,0.08384771943291582,-1.765534910557574,1649875.7209912299,18330.426281346456,TFTP
17,-2776,1,0,442.60574979210077,442.7054351951759,933949122.0522616,2003778.8823675392,DrDoS_NetBIOS
17,104533,3,0,1476.288198460942,1474.1658913801562,2940153241.3765273,1995139.2511438709,DrDoS_LDAP
17,-70981,2,0,1470.107203025601,1472.2208546570303,1467878905.0399218,681690.3392681978,DrDoS_SSDP
6,-6484,3,0,-1.693189824710531,-1.3239579558912347,-1042646.9178508495,2003314.3618470358,TFTP
17,60480,5,0,391.7514232424389,325.29520199912247,-478015.8649811386,7796.1686846445,DrDoS_UDP
6,60532,4,0,509.05910710817653,0.33072103418755644,-1846381.070774553,19863.885219443866,TFTP
17,140510,3,0,1474.7052167973857,1470.3970900119693,1466980420.226162,1000035.4177973149,DrDoS_SSDP
6,74853,4,0,-2.07606921836056,-4.115974566692868,-1689351.4167996624,1001056.6641544919,Syn
6,112633738,20,0,767.787212051555,-3.663173041169764,-3784502.868306635,-573.8824227694658,BENIGN
6,11789605,2,0,9.568592354503066,4.402920080446822,1383060.0519621365,11140.929696727782,TFTP
17,-36464,3,0,1464.9726107733602,1479.0444298737477,2919356499.5843396,1997430.7685064536,DrDoS_LDAP
17,74445,153,0,1465.9862824396494,1466.6693537486071,931524073.8881966,667451.7316769321,DrDoS_DNS
6,4783372,3,6,1.411771112654974,3.304530443568524,-3899719.7209882503,17273.388173961663,BENIGN
6,-140719,1,0,2.1096474713348163,6.163229627967766,362052.70821746124,2004631.8392948408,BENIGN
17,59754,2,0,455.27362229231903,457.3607339744831,1114007999.2935138,2001189.6238568444,DrDoS_NetBIOS
17,-25501,2,0,389.01390219244246,392.47653792739317,787194305.578456,1996579.3405895447,UDP-lag
0,86643066,29,0,3.9149235268264255,4.743434288850322,1659909.2082632803,7629.85018430892,BENIGN
17,16718,1,0,227.2264410269138,231.35372387867778,458493537.4199067,2006635.9194521145,DrDoS_SNMP
17,-41115,4,0,1480.2361313179044,1479.334182950922,1473560897.7123184,995531.6984765651,DrDoS_SSDP
0,82089533,184,0,-9.501623591389208,-1.8767080923018933,-5840544.270595301,20598.339178657247,DrDoS_NTP
17,841,1,0,442.03053634742975,442.45626961524255,5200048.712414018,12344.489147200815,DrDoS_UDP
6,47264,3,0,3.3251633171141184,3.6847655478674883,1173445.106058723,14613.70799416921,DrDoS_NTP
17,113412,3,0,381.75394218813875,377.61319836522154,5988265.326609554,22577.602693957568,DrDoS_DNS
6,103905,4,0,-3.5216226176961634,-1.8262176637561762,-5382929.074005331,2001648.0334891658,TFTP
17,252503,207,0,435.76248218451997,444.25374242997975,-942756.4866586125,-3574.840095362386,DrDoS_DNS
17,34823,2,0,1474.0451106081991,1478.9024656750355,1472784362.6819606,998444.7892255249,DrDoS_SSDP
17,1309,2,0,597.0460166738976,585.3740858147795,1225060138.879694,1993816.474724255,DrDoS_NetBIOS
17,46207,2,0,1466.5787252393307,1465.552430270116,2947202450.2860646,1998029.5811800498,DrDoS_LDAP
17,-68496,2,0,1473.7291011137975,1469.393450245086,1462999946.7568378,993553.8525129923,DrDoS_SSDP
6,115891364,22,2,-2.1510188251732845,-0.9634404361342126,-1667784.9637791694,11549.768029714362,Syn
17,49992,201,0,439.7674261238363,444.509784799322,2917076.257639892,5892.426021755091,DrDoS_DNS
17,-85431,138,0,434.898234502287,428.987061613157,-2228790.291785176,8212.980024379833,DrDoS_DNS
17,28586,1,0,436.0925837831497,450.43912430627387,911273517.5612669,666403.1568882505,DrDoS_NetBIOS
17,-25618,2,0,441.1402774832946,454.518178208968,1022020607.0480467,2002288.897298263,DrDoS_NetBIOS
6,113883485,24,0,1.4762392117961727,-1.623159187981686,-5078837.925858512,6598.706409195338,Syn
17,46138,-1,1,52.05152805360704,63.66936636234459,2556491.4442375116,7349.18868055795,BENIGN
6,20802,2,0,3.0031841774420585,-4.239244770952548,655563.4234971601,2001332.7874395486,Syn
17,-65090,1,0,231.90962754484397,233.39763639148222,458787581.7162374,1001347.5961368,DrDoS_SNMP
17,-19121,2,0,911.7025449940401,392.5794987322054,440164719.6834196,2001694.4168207794,DrDoS_UDP
17,42499,3,0,1477.6245759440276,1465.8560654909354,-3725584.537295468,661790.3417266585,DrDoS_DNS
6,-54248,1,2,-3.2545385525160007,-0.5270587407578209,2350960.6237751837,18469.22743336869,DrDoS_NTP
17,44572,4,0,1477.0699723012804,1465.7896499709532,922591407.3852783,657996.1897883144,DrDoS_DNS
17,149765,3,2,23.739326757156466,45.78315314875435,4626673.643235028,10621.715191434756,BENIGN
6,31997,1,0,0.234227541130763,-0.5390072561542275,486973.12264285726,2005443.42739529,TFTP
17,62017,3,0,438.56297623050756,231.66429015191304,-836277.0739206166,10330.958945892226,DrDoS_SNMP
6,-2529,1,0,470.2173942417668,3.893941698051184,5745634.744542133,18786.925062998154,TFTP
6,116145396,2,2,-0.6470000809742718,1.1026926322399142,-816558.5796507562,17522.966198874896,BENIGN
17,26624,2,0,1474.9986080376755,1473.1637835415233,1252392525.4137447,996813.3289445669,DrDoS_LDAP
17,208565,8,0,390.70782132666704,327.1491326801119,357405.1637627961,3293.2896392123776,UDP-lag
17,6912,2,0,1471.9848488465486,1475.1411203156126,1466479896.457322,999519.5306095636,DrDoS_SSDP
17,51575,1,0,594.4048646456897,225.59246253872683,410885151.3887126,1998187.0929560824,DrDoS_MSSQL
17,141498,215,36,431.01995520970627,429.7766815673625,-3114235.9222535603,-11228.94852047304,DrDoS_DNS
17,142265,6,0,384.0528231186153,328.3700355437205,-827933.2764358257,3633.539409551505,DrDoS_UDP
0,-52152,7,0,-3.823290395490392,-2.085849052274093,684373.474869732,12884.461429924646,DrDoS_LDAP
0,-81494,8,0,-2.327913274700196,-3.514850504834198,-940465.2271778367,6947.584254674213,BENIGN
17,46182,4,0,382.2231229963485,676.7375834860042,395576.87297056895,8884.299655800998,DrDoS_UDP
6,70889,4,0,1.1586032563749171,-3.3095140715010825,3078247.8140770732,24487.386511034234,DrDoS_DNS
6,179603,25,7,48.25130155681451,4.038390655257183,-4727654.631119927,-5510.693815167273,BENIGN
17,48405,3,0,382.29561999588606,393.8426732743963,455389913.42599595,999761.8684223496,UDP-lag
17,38006,206,0,908.6295659162796,45.36091881646507,9647533.413106075,10496.822078402889,DrDoS_DNS
17,71015,2,0,389.0328323898938,332.6083253211387,7603588.228863529,24889.79630863606,DrDoS_UDP
6,11650355,2,19,536.0969719792546,-0.8255179905587128,5566769.409189296,9133.108116128822,BENIGN
17,-37724,152,0,434.6911107246497,380.45892379517045,701357.8786690779,11989.224637581043,DrDoS_DNS
17,-69984,2,0,386.54711512856227,387.7685910842317,752866262.7420152,2003902.0367595563,UDP-lag
6,66526,3,0,2.847033504429558,0.23877457226617704,-839493.5877863776,1998396.259593745,TFTP
17,67235,2,2,36.70358195558832,54.19108605084591,4750448.360814264,6914.074842597443,BENIGN
6,13003108,5,0,0.09399442141710831,1.5635542654501713,-3052497.8067009747,17340.984532513256,TFTP
17,168204,4,0,383.5973788497863,318.3871403219368,1104817.6435246954,716.0568262503111,UDP-lag
17,21196,2,0,1470.527073217057,1475.1784229771313,1459676307.9105787,994887.6899961939,DrDoS_LDAP
17,-34972,2,0,577.0408802460056,602.1792304067999,1298068851.7046564,1997726.937355709,DrDoS_NetBIOS
17,46522,4,0,1408.4964220247227,1396.169285870164,1464407990.7131186,997455.7302041976,DrDoS_SSDP
6,7076664,48,39,566.4721207719671,-1.2566837883607418,-6521412.854939463,-25807.418316825122,DrDoS_DNS
6,110994037,0,0,3.6176424657716533,-1.3548816308958547,-4315803.423681366,17685.450303958187,Syn
17,93498,2,2,55.804436411425456,42.22624044829378,2243099.57029651,290.06283396949766,BENIGN
17,43479,3,0,596.8486842419676,587.7025906284011,923278697.9239525,2001899.7431532699,DrDoS_NetBIOS
17,-5472,1,0,218.9759307018156,233.0654566382558,452346756.28096336,1999889.1691788337,DrDoS_SNMP
17,-54598,1,0,1471.3016479856249,1473.7618432361903,2940422563.2165117,1998492.2584622917,DrDoS_LDAP
17,48435,1,0,631.0309088078162,720.3738397197974,2597585876.502409,1996821.5617057544,DrDoS_NetBIOS
17,2984,1,0,23.665025815485997,49.19510376876761,186421598.95784172,18638.98731679868,BENIGN
17,-32126,3,0,221.67961003456458,228.1708833824346,434491774.7974301,1999159.6514648944,DrDoS_SNMP
17,181832,6,0,395.49810976690185,337.74790734663065,4047621.425740854,-1393.7722005559735,DrDoS_UDP
6,80222,1,2,-1.5159244395769744,1.9054363549992706,-3046553.308989956,20175.5331762537,BENIGN
17,34035,1,0,1471.480744392919,1477.947447740039,2940316044.3652244,1998583.463777613,DrDoS_LDAP
0,13204294,9,3,-1.3144211590975319,2.3090974060333815,-590878.91560243,12360.675848158711,DrDoS_NTP
17,47378,3,0,1473.6545310356735,1479.9811434291012,1465729210.4599655,1006230.1985108795,DrDoS_LDAP
6,-69500,1,0,1.696063000675218,1.8088132190980775,690024.9216742216,2001507.8618350383,Syn
17,53994,2,0,377.30235250024316,327.25430737110315,2755303.030850536,10549.803062710094,DrDoS_NetBIOS
17,62917,2,0,223.64277984296098,237.00749436351964,479311524.0793307,2004346.7136419807,DrDoS_SNMP
6,96266,0,2,28.039064805721743,3.215192456074277,2464223.960326736,11594.294054817636,BENIGN
17,60078,1,0,1477.1005522406977,1476.5892790494065,1471454508.7476275,995517.7881704587,DrDoS_LDAP
6,116168444,4,0,1.7780562611601236,3.020230938114073,-721822.5428094564,-2086.5836195319716,BENIGN
17,125256,208,0,385.8921048130814,329.94839616308724,1391092.0749814687,-8862.115531463329,DrDoS_UDP
6,-35843,3,0,-1.21882587544538,-1.0096066737855478,-6441868.356985726,1995291.457506357,Syn
17,-16153,2,0,432.96578165758484,582.3657602571575,193417511.8484114,999885.7182847759,DrDoS_DNS
17,102808,4,4,500.422672111669,583.912579177077,6966869.874064587,10412.808799243976,DrDoS_UDP
6,61329,2,0,-0.8458720710985662,-1.840465715614484,-5130849.193964415,2001870.4798938688,TFTP
6,6049382,42,9,539.3102157922888,-0.01930844002960526,-659115.6883315993,-8316.432155460727,BENIGN
17,100471,5,0,390.10536228472176,333.79801066322534,312899.81047190283,-24.197888457138106,DrDoS_UDP
17,7671,3,0,231.09374957115753,234.20365692116198,459004479.22717285,1999967.8767860406,DrDoS_SNMP
17,86168,3,0,1463.1173711855727,1473.5250275796907,1468052454.2299821,663759.100934064,DrDoS_MSSQL
17,-25922,3,0,1372.423566186661,1392.9227152890653,1280588160.356658,999749.6325112046,DrDoS_SSDP
6,115302339,22,23,557.23674086621,-3.5505900377447603,-463983.51119991625,5702.858729842193,BENIGN
6,-48227,2,0,1.0552773788048684,1.2380683799152232,-815766.4631175126,11379.461798743807,BENIGN
0,118109315,45,0,-3.8415510012454437,0.5872107003800829,-879610.4920084795,-2351.12209549243,BENIGN
17,15193,2,0,229.78398073811692,228.49190175422694,454406242.26436555,2004047.976601525,DrDoS_SNMP
17,-71929,2,0,385.44918429340856,392.5393307369454,780062451.8582712,1999010.2453893472,DrDoS_UDP
17,-42031,1,0,228.0295308444213,228.60849663029913,1229248.2025905908,18212.980041226714,DrDoS_SNMP
17,-50269,1,0,1470.2364304071693,1475.4552750357154,2930849516.1473603,2000203.542437677,DrDoS_MSSQL
17,47289,5,0,381.42473846739335,329.50151335121933,-299221.12490049517,12087.996302939664,DrDoS_UDP
6,116326273,28,33,450.7195835804615,7.480314256578356,-4667436.058669576,8846.420762852142,DrDoS_DNS
17,-37478,1,0,386.60685240307544,385.76347798153347,788811824.481247,2001266.355107321,UDP-lag
6,-11390,1,1,0.09577270538946922,-0.7559796980998993,-3173262.696192355,11992.968359932838,DrDoS_NTP
6,91344,2,0,0.25979801263953767,6.306227597585293,2858403.5337544177,19987.548039824273,TFTP
0,84593088,31,0,-0.5966886501342832,2.775164313357927,1443037.8226891903,5772.161991307238,BENIGN
6,163569,4,2,-9.249957787858259,-1.237430316230792,-6134536.268472121,38651.60243434917,DrDoS_NTP
6,33659,2,0,0.2324777306193813,3.1460195663776003,-922276.610299106,1006147.8340097641,TFTP
6,47893,1,0,0.8267859561581876,3.4175350655652235,-2110134.67092078,2002006.7419297476,TFTP
6,72386,3,0,7.584361635049468,4.414436796455628,6789850.215866134,24044.13463587073,BENIGN
17,48385,4,0,448.9487544109715,448.8082596288869,3300282.6952224337,23126.25459676617,DrDoS_NetBIOS
17,46422,1,0,1471.5547324386373,1473.6625127419688,953511401.0131922,2000669.2233402461,DrDoS_MSSQL
17,52222,2,0,231.40003388552054,224.01930873410475,477849262.1393627,2005607.7967855104,DrDoS_SNMP
6,3376282,6,2,824.244628659245,5.292487018510978,1613026.0122692278,1048.8367666849917,BENIGN
6,58144,2,0,3.698108208820498,1.5559034929590034,1210363.5646441875,2004021.3758403356,TFTP
17,-48038,0,0,387.46033242300393,389.11375853745454,780406444.2573109,1999057.7517087504,DrDoS_UDP
17,2157,1,0,222.85572820922224,227.62873596773568,436412349.8485034,1002164.7617574942,DrDoS_SNMP
6,119185963,27,2,-1.1220247782356993,-1.771973501989855,-1971401.2714829834,21442.3017452235,Syn
17,-4768,1,0,718.2098243000543,563.4853562143874,943521472.385014,1998386.0268965394,DrDoS_NetBIOS
6,96342,1,0,-2.7581297024934495,0.9665895648631689,1758081.6645853394,2001296.3318533713,TFTP
6,147506,2,2,-5.216007964685864,-4.494138317599443,-2670219.0393112125,16719.440858257287,BENIGN
17,71532,3,0,1467.0761921493638,1469.608517775927,2699231704.0662847,2000763.252390424,DrDoS_SSDP
6,115709679,30,7,441.8561175380382,1.9061648366416524,-2042577.9480855356,4766.295164193344,Syn
6,111760098,15,2,0.43676386939278555,-0.5145245517943011,-2154719.7458688654,11246.262225040111,Syn
0,116487043,49,0,1.3761033319391072,-1.3450872433515833,6802699.092251534,823.1467195441237,BENIGN
6,182179,1,2,-0.8576932638247562,2.96591141617785,36154.46575158811,16504.53164572492,BENIGN
17,52178,5,0,1476.0784193052932,1478.6102924308352,2915956581.1024523,1994443.1994387656,DrDoS_LDAP
6,-21585,3,2,0.4535023538002025,0.007696416228035685,-4844174.946317785,16342.954847180972,Syn
17,15639,3,0,1407.8774801672912,1380.7985875954269,1261386789.586305,999786.5012560795,DrDoS_SSDP
17,124135,6,0,389.4682556423941,330.5407583483162,-68980.28152612853,-2700.9681773896464,DrDoS_UDP
17,8339,3,0,1465.3068386734449,1476.506787249354,2922159514.311463,2000734.77701972,DrDoS_MSSQL
17,503,0,1,40.71485469018594,4.583241363814311,-2565635.49884509,-606.2705518124112,BENIGN
6,9075,1,0,-3.9890116679439127,-0.7948885632659405,-4607895.522939989,17405.15322441239,TFTP
0,83288782,35,0,-4.913016508211629,2.1994097381227755,2685302.1815857934,5738.067536885239,Syn
6,106871,1,0,-3.1146738806758085,5.41729983770227,5327595.579651565,2001159.1888457143,Syn
0,116757723,43,0,-0.9394451554554523,-5.332984430827522,-4225342.15873101,-12707.552086374359,BENIGN
6,3136519,4,5,-2.1719061740179564,7.989550700524964,-1203763.0449203195,3438.5043107250176,DrDoS_NTP
17,-105148,1,0,1467.0930487862743,1469.5532221124129,2946325997.737729,2002069.3059996697,DrDoS_MSSQL
17,130135,1,0,825.4085833974774,541.0228021967679,441932229.4512602,2001604.2330359102,DrDoS_NetBIOS
17,55179,3,0,382.05634234897053,678.3817095342398,4001575.860769936,9717.046107302114,DrDoS_SNMP
17,-23226,1,0,384.8036422837464,395.90439603716584,775215037.4656436,2001139.805276401,UDP-lag
17,-18438,1,0,389.5463152684186,390.39671280420026,771165768.0294436,1997992.2457816068,UDP-lag
17,-128119,0,0,220.5753218030116,225.55759593043555,452261568.531425,2000647.7071699023,DrDoS_SNMP
6,13568879,4,0,-1.7289353333518176,-0.6802865491216207,2768064.9381553633,8660.289656224073,BENIGN
17,84497,3,0,382.45085429388587,386.06048195610964,776860717.407215,18734.683611487657,UDP-lag
17,28750,2,0,392.48673372021665,389.95093375739623,1134091917.9593608,2000454.835353688,DrDoS_UDP
0,109143642,243,42,-1.4977530814866797,1.449274938905606,-6408742.263672402,-2729.0825518869806,BENIGN
17,-84307,1,0,232.59403487865387,232.91853177682887,466349809.61279577,2004775.3926025566,DrDoS_SNMP
17,-58026,1,0,963.6650966609917,576.9990154253251,1209050627.5141008,1997805.320524896,DrDoS_NetBIOS
17,211509,6,0,391.06546941720336,332.5114898274246,4272279.739938623,-1543.4356195368346,DrDoS_UDP
6,-6458,2,0,0.5828185822203006,-0.5310870240247184,-1039463.6884480237,2000605.796399823,TFTP
17,25881,2,0,1473.0746627259587,1473.9536790959683,1177888467.8142235,1995172.2214933492,DrDoS_LDAP
0,116679073,231,0,-0.25963123269896454,-0.11193912609270577,678946.0942381077,-14427.167686996952,DrDoS_DNS
0,109317639,38,0,-3.132433680920744,0.3039142957774587,200882.35968417674,-14925.272624218956,BENIGN
17,100242,3,2,25.00825633980758,51.41478812570989,3674966.968178084,11387.529665517442,BENIGN
17,131637,3,0,229.4613574279077,227.59612534169162,420551409.06235266,1997194.250645389,DrDoS_SNMP
17,-25033,2,0,1467.9477138038446,1469.4635169497883,1460545727.0835009,667941.1296573335,DrDoS_MSSQL
17,25512,2,0,1473.430629428471,1473.1581157949363,2935952198.2309327,2002400.619670716,DrDoS_MSSQL
17,8665588,6,0,398.13387433687984,334.4576906711071,4163594.4262618953,-17147.511791193938,DrDoS_UDP
0,112349950,224,0,-1.6726914792742011,-3.383669806616744,-3514328.5878909435,-17966.906044466916,BENIGN
17,12940,1,0,1473.0700910736505,1473.1832479383158,911660311.4699076,341627.1907633798,DrDoS_MSSQL
17,8520,2,0,1469.779917714527,1477.8573089617157,2934257635.912213,2000018.9081560958,DrDoS_LDAP
17,74875,3,2,42.96391867055238,47.99206529036589,9300851.57355641,120.13604309846778,BENIGN
6,5863973,8,6,517.4613485145409,4.373631643666337,-2433490.2756837886,1542.3404873576892,DrDoS_NTP
17,-65154,4,0,1478.2106907780408,1469.3343237727925,2908289857.691892,1994236.8185941363,DrDoS_MSSQL
6,111691370,20,0,-5.3207454347361205,-5.023858120501678,-3903614.5399978636,451.6049804495615,Syn
17,-28442,1,0,1462.865900955191,1467.4350824742967,1466170330.198876,1002553.8686661571,DrDoS_SSDP
17,75850,3,0,387.54981749609016,383.53656705632926,-129292.39942271309,15207.288896707332,DrDoS_UDP
6,-50331,0,0,3.981064534640157,-3.7640242035194587,1328722.1753615031,1998455.2263407668,TFTP
17,63784,1,0,1464.244646944051,1470.2387548443273,192689166.14193106,1002490.6905505318,DrDoS_LDAP
17,-19975,1,0,1470.3938176532408,1477.615982647921,1469239264.3581681,1005602.9501019345,DrDoS_SSDP
6,183398,3,2,1.6806492256613268,5.577525961051013,1991747.3181419014,34448.46648479617,DrDoS_NTP
17,-41010,4,0,1473.6773259859024,1473.2385845918357,1475544702.5125978,999886.7706652428,DrDoS_SSDP
6,108627069,13,0,-6.036017933679098,-5.236130345330757,-6539604.424472163,-1789.0124861403401,Syn
6,82672,4,0,-1.3233346483546975,-3.3140467477994213,-707076.1836136531,2002477.7612597586,TFTP
17,-4651,4,0,229.13860516422287,229.8261410418452,451269093.8148313,1998119.7764312087,DrDoS_SNMP
6,69243,4,0,3.865889453188268,2.152463561444324,4744668.138033216,2002708.3313373898,TFTP
17,55133,1,0,1472.3893770522975,1474.8929311037914,1449575244.7479641,997637.6948901276,DrDoS_SSDP
6,85351,3,0,2.0845956760896813,1.1701821461589952,-4482466.782291337,1999280.100134653,TFTP
17,22659,2,0,1470.9616359721388,1468.0551051993637,2917034257.2971253,2004434.1279958254,DrDoS_MSSQL
17,66936,4,0,390.65423171858606,393.9335451629929,778793861.3953009,2002560.163943206,UDP-lag
17,-41483,3,0,395.6594100522742,399.6306085619697,782599923.1951607,995831.6165094025,DrDoS_UDP
17,156459,175,0,448.3358397885173,450.57097438925064,3046899.48687682,16240.787279561788,DrDoS_NetBIOS
17,50530,3,0,381.8806710288615,322.5505663796832,-1248960.3929325624,6550.345122538178,UDP-lag
6,83449,2,1,-1.8176853453692103,3.3703299420474626,697228.2565630721,15986.733363063624,DrDoS_NTP
17,4231,3,0,1473.1544359867314,1478.9198167442703,1472240109.3331683,1002004.8699004382,DrDoS_LDAP
17,75437,3,0,224.95311896655713,232.1476878859765,643255.6209517758,14547.312329631175,DrDoS_SNMP
6,115419353,29,7,3.2619063669886676,8.328353203924003,2336072.067448412,10241.580543630902,BENIGN
17,105155,195,0,436.4542703515425,449.6019907922974,225394.89030908118,999522.0647781807,DrDoS_SSDP
6,116031,6,2,517.3207644215457,4.680067562728381,1341903.1875715395,-5412.961134190753,DrDoS_NTP
17,40434,3,0,226.1669637471939,230.72052505930267,456691824.2622325,1998723.9839296432,DrDoS_SNMP
17,24440,2,0,1469.8771245365438,1475.936647896783,1471391180.6953118,999337.1794510818,DrDoS_SSDP
17,13013,3,0,570.3637087945361,451.1834074902147,146618973.07063696,1998348.5745161753,DrDoS_MSSQL
17,72656,3,0,1466.7837200742179,1364.473375003145,1316927133.7217052,996171.7400138627,DrDoS_SSDP
17,-23457,3,0,524.1166526670785,1380.5412583554278,1212803087.9640937,1993681.7852449026,DrDoS_MSSQL
17,46448,3,0,1480.3362000270731,1484.6378504554089,1464924819.3267086,997930.6316142433,DrDoS_SSDP
17,-15540,1,0,453.6763128207651,442.856224277302,953009567.275482,2002369.9214502643,DrDoS_NetBIOS
6,111534189,6,0,4.677097128724039,1.5591501772831478,4975455.625026678,6973.252482228583,BENIGN
17,67834,4,0,379.39948345553256,323.1595423500979,3086878.4216315933,8437.184219898103,DrDoS_UDP
0,115776664,44,0,3.536260721554911,-4.009557153908446,-7286062.727261326,-18984.061936459595,BENIGN
6,89833,1,2,-3.5120134574434685,2.081154249662302,2239037.456597184,25815.856544954673,BENIGN
17,186850,6,0,383.41956254441436,330.8219702578536,-1743364.8527203633,-8164.146730312696,UDP-lag
6,75647,3,0,7.486758642721531,47.11263381948772,-3493753.958181306,8955.79292770347,BENIGN
17,143293,1,2,29.69174709925248,50.66761939369508,916413.122016707,11661.080276992356,BENIGN
6,107830,2,0,0.15194481309052865,-1.123287877395725,-1360912.9524387189,2003030.1769452614,DrDoS_NTP
17,53727,1,0,234.6094401781015,229.4946886054502,410043981.9394287,1994503.67033108,DrDoS_SNMP
0,109755923,36,2,2.828303378351221,0.6529065094622554,-4743491.056476864,-8732.963824163802,BENIGN
6,109053060,23,4,7.768026538535656,1.2043112289189295,3081166.244103401,5575.0734689284645,BENIGN
6,54969,3,2,4.244936168930733,6.662703554750325,2505365.5025822246,17860.964740130403,BENIGN
17,-9823,1,0,578.6582390801468,549.6034566242735,905628256.2051077,1998285.24903309,DrDoS_NetBIOS
17,55897,2,0,1471.1887319003445,1475.5643090353294,2938231808.1233845,1994189.293529282,DrDoS_MSSQL
17,-41514,3,0,1480.6736827041693,1480.1047353218755,1468702451.3191369,1001558.1569354852,DrDoS_SSDP
6,152576,5,2,502.63129725333584,0.2805769193741551,-557522.7837025281,18316.43377795037,DrDoS_NTP
17,44827,2,0,221.21379122304054,226.72629133690393,433168283.5346434,2000453.825772656,DrDoS_SNMP
17,80047,3,0,392.79888670183385,325.4332692370479,449549.3072645491,8261.513271904014,UDP-lag
0,108822971,7,3,-0.13169214364392656,0.38116766862572793,2377232.5335316183,13252.683501299187,DrDoS_NTP
17,30404,3,0,1467.8426040753204,1480.0126577163028,2934019542.369744,1996993.9915110578,DrDoS_MSSQL
6,8291,3,0,-0.46176837167786317,-3.883213671178125,-3774274.33810813,2005058.029168731,TFTP
17,-17043,1,0,1474.7875390579268,1479.968514994046,2952235639.449419,2006298.41630371,DrDoS_LDAP
17,1449,5,0,1471.591865890273,1469.2148127278292,2921398040.553512,1997500.5108601684,DrDoS_LDAP
6,14086244,4,2,3.423011497999308,1.9279756854623884,-1603047.2202160794,18440.097753399576,TFTP
6,90792,0,2,-0.2026333813666505,1.9143415810675373,392798.7611135915,14855.462160591986,Syn
17,8048,1,0,401.31708540954526,403.8592708921936,768665142.7077246,1993370.739593485,UDP-lag
0,104644760,8,2,3.113249830086624,-1.0775830962913644,-2378759.8816945367,6357.426976047762,DrDoS_DNS
6,11707111,2,0,-2.320332558654092,-3.8851170411080913,-4955004.155199874,13239.252938872409,TFTP
6,116660821,4,2,26.281964063698624,-1.5071993628466287,-5466711.97252156,9443.034803857052,BENIGN
6,12404832,13,0,3.2994323422897684,-2.1473017850059923,-254752.5455726839,1998399.378295681,Syn
17,83333,4,2,6.072080200556847,45.99252393533706,3717296.4839161225,10045.43004540227,BENIGN
0,84275028,8,0,1.8094357885927599,3.4891480312477,4129085.148775136,25111.31886756056,BENIGN
17,1451,1,0,387.329217475324,393.519087483589,457005976.4301833,1998769.2850496543,DrDoS_SNMP
6,106741,3,1,25.507402683332693,1.7240181993791166,-1491154.787481677,3432.295815945923,BENIGN
17,20620,213,0,445.4337202716467,425.7528534861759,1435361.6060070563,1193.8631619838652,DrDoS_DNS
17,-15965,1,0,223.23786821515063,228.65023521348735,444424374.76219654,2007681.4116149386,DrDoS_SNMP
17,70642,3,0,1472.644223070631,1474.81529691215,136322157.72386813,1004949.4901053566,DrDoS_SSDP
17,52582,204,0,444.6959392253679,1476.566011951267,217148126.99396014,685267.5316266952,DrDoS_DNS
17,89590,0,0,593.734287241999,450.5177029579878,2605457896.233156,1999338.259410101,DrDoS_MSSQL
6,112619819,20,0,-1.2970615182190328,-3.041176093486079,-4360987.082116111,7035.553427884407,Syn
17,-143799,0,0,384.0144031623396,379.94153148055807,781957944.8357333,2002564.2655251794,DrDoS_UDP
17,-56203,1,0,442.4393333559286,437.65803822809534,939592958.0982513,1998731.4745087838,DrDoS_NetBIOS
17,32541,1,0,386.99110798814786,331.4974483576432,7545305.523725193,7225.0335121031985,UDP-lag
17,-2510,2,0,1397.0237905977767,1331.5491732747525,1270075844.4055665,1002297.1955740198,DrDoS_SSDP
0,83606658,39,0,-10.321742694755107,-5.471544892643209,-5606453.569078593,191.00875429022926,BENIGN
17,61056,2,0,583.3288154964606,436.63645879437047,895938579.4275289,1997742.1710300306,DrDoS_NetBIOS
6,94553244,30,27,1.5064957465340914,-4.3287062561701575,879941.302673545,581.3041903584453,TFTP
17,-23714,1,0,433.28853548113716,443.86063584966945,971432026.5482051,1999041.2421842501,DrDoS_NetBIOS
17,35026,1,0,224.19619330284638,225.88471317571694,441930096.0835816,1997890.372050075,DrDoS_SNMP
0,102730973,37,0,-3.8832922310605036,-4.444744539984305,-2131197.83065092,2588.495536545526,BENIGN
17,43458,3,0,388.76754409863474,395.68415738911614,762522577.0356551,1998086.7417932076,DrDoS_UDP
6,117063197,22,0,-5.776105451907961,-5.549671588605784,-4311242.915413046,2797.3914609253425,Syn
17,22846,4,0,379.93489327995326,400.17022997851245,767022296.0375534,2000820.5176173702,DrDoS_UDP
17,16008,3,0,555.7593340352117,607.9605215089111,436474520.8594846,2000294.6106406532,DrDoS_MSSQL
6,43371,4,0,2.08196384006267,3.715252443737598,-6039732.99164723,1996643.0635277245,Syn
0,106111084,32,0,8.78884520835653,7.51336118500427,146237.86108314502,1765.0989698940284,BENIGN
6,55880,2,2,46.50266214883992,53.697953020390784,1713128.9171122084,12844.251174994439,BENIGN
6,18852,3,0,2.4824846837935,3.740291275166306,6046.924276485806,1996988.3078387894,TFTP
17,-23210,2,0,1466.0987388704132,1468.8226609081455,2921425641.7577996,1994894.1003262515,DrDoS_MSSQL
6,114495531,26,7,0.14189506449146835,-2.1593802164662232,-7994987.9664752865,-5754.920406348125,Syn
17,62075,159,0,443.25617489445483,490.28943279864785,6844740.590015946,5262.880608414066,DrDoS_DNS
17,96334,3,0,1473.1944903201509,1475.570734218657,205791475.8330348,669919.085742117,DrDoS_SSDP
0,117358787,47,9,-0.05090975933883703,1.6918563379706364,-3771018.366048405,-18868.936229551244,DrDoS_DNS
17,-115989,2,0,389.08783617327873,389.8406291630698,791661162.2622479,2000532.3098516332,UDP-lag
0,40475,8,2,-1.147905630931842,-2.8845975794182412,2337026.1773153776,18298.322299227355,BENIGN
6,19059,1,0,0.48381967032067463,-0.7401563309719382,-5761392.744042672,1994150.0344997155,TFTP
17,52375,4,0,1468.611070165584,1472.8509336211243,2909027033.9181,1995815.320327075,DrDoS_LDAP
6,12341661,4,0,2.377713018306475,0.6166889208483527,-3384288.3385872142,2246.0546007001767,BENIGN
17,214127,6,0,377.0327872704553,326.82400649861006,341682.8853241119,2442.3856867159,DrDoS_UDP
17,-1202,2,0,1470.1170115306652,389.748635663168,443252896.7449159,1997645.3355088476,DrDoS_MSSQL
6,73472,2,2,0.3226133929671467,-1.1828930133630475,5052044.247933284,24250.33867242121,DrDoS_NTP
17,28219,1,0,387.50188937441106,393.73005727334225,771509025.1997228,2000999.5158029273,DrDoS_UDP
0,117545928,51,39,4.702534653346336,-1.659519971984506,-3605440.510407068,-27305.986091798415,BENIGN
17,-48842,0,0,437.5179328916714,591.8709801686578,833568479.1301713,1998185.163012058,DrDoS_NetBIOS
6,21645,-1,1,0.7594063338449213,2.7190578369083847,-2790578.341516339,25379.64365903467,TFTP
6,205499,5,3,-0.7948312588679366,2.4084486686138455,584864.2044627229,27639.097987551544,TFTP
17,39082,4,0,994.9798725939022,582.3705142173841,1171147828.214705,1997540.3171796023,DrDoS_NetBIOS
17,47395,1,0,1462.0550108178652,1474.832263846478,2924349928.385515,2000162.835096562,DrDoS_LDAP
17,87726,2,0,1471.8915720023006,1477.0829175839822,1237382925.0628119,998563.7164952883,DrDoS_SSDP
17,-109591,3,0,229.46283934524976,222.59323363250354,462260002.276558,2002923.0789660537,DrDoS_SNMP
6,4669505,4,5,-0.9458398233915212,-3.3638391264894274,-3582173.0602767253,-72.41970055716774,DrDoS_NTP
17,-26047,3,0,237.23986555565716,234.64710712133353,4342317.497377993,1006828.1688055263,DrDoS_SNMP
6,-15164,17,0,0.20007706923984747,-2.595300842609289,-885109.407393106,2001285.4075714177,Syn
6,3634725,7,5,5.138703027303883,6.474558535682334,-248078.2054848806,-3634.9013626225515,BENIGN
0,114839624,44,30,3.6932711309031796,0.8666848310789418,-3860343.127643372,-23943.767947465112,BENIGN
17,5206,3,0,1472.7979193391377,1472.64341820597,2938494709.767421,1002427.433516941,DrDoS_LDAP
17,164687,1,2,29.009097137520452,47.74404345883673,-912792.1489010591,11930.950550515661,BENIGN
6,55151,1,2,3.257992808384919,0.1380218290811025,-5908812.314614244,16365.364336894316,TFTP
6,96270,4,0,-2.572451148571187,3.0910022159077517,-2822068.127684068,18041.849668670136,TFTP
0,111103238,36,0,3.1292940379932737,4.21019148100097,-2239998.2978324806,9401.94424212061,BENIGN
17,-30378,3,0,395.07674376308444,400.2201049760046,788976804.1177983,1998982.7789877104,DrDoS_UDP
17,36428,2,0,1476.4493015774353,1475.4072804241057,1472789971.031483,1001433.730060595,DrDoS_SSDP
17,69137,4,0,234.55056691641587,234.13834466418734,2588510920.2172565,1995488.7802398733,DrDoS_MSSQL
17,-11748,2,0,1465.2424620043862,1479.2629844828953,128553068.80536523,998147.8119015676,DrDoS_MSSQL
17,86892,1,0,231.18179717574506,1358.5798418688028,2701822184.682451,2007088.826553776,DrDoS_SSDP
6,-72606,1,0,-1.774836765452848,-1.96562158403734,-1484114.5867246727,1997804.9735730095,TFTP
17,-54648,2,0,449.75033280593817,439.7673409052865,965425237.2079142,2002871.1536803574,DrDoS_NetBIOS
6,112507,7,7,387.0123798693859,5.043616973726173,-3891680.9863431854,12620.608487294678,DrDoS_NTP
0,106634052,44,0,-0.8860765676860959,0.17822715060616362,-2228439.7312320024,10811.71119435051,BENIGN
17,-33902,1,0,865.0711574182606,234.7439811008086,427325556.9377418,2002858.4570192352,DrDoS_SNMP
6,65800,2,2,-3.404032028795967,-3.935249591842558,678426.8968797793,472655.0468412244,Syn
0,87187907,41,0,4.696513346225194,0.8304929711574064,874269.0195268347,9623.603929368748,DrDoS_LDAP
17,-13842,3,0,1470.7821380191415,1474.4652513434248,1465618259.5562756,998605.333020137,DrDoS_SSDP
6,39727,1,2,-0.4923878994653054,3.409738773803247,601202.9165234317,22979.44881798689,BENIGN
6,11975065,3,21,19.99319098339704,-2.4945880065626445,2445186.9922777857,15918.117656299464,BENIGN
17,-64139,2,0,229.90657968363317,223.72217452933344,447005359.91777104,2008741.3275970686,DrDoS_SNMP
17,90502,4,0,392.445287897128,332.60482319968406,2604002.1966353054,13704.787534948882,DrDoS_UDP
6,111807742,22,0,443.7652649262866,2.0928533350690492,-549239.2472010357,9659.181058974154,BENIGN
17,28036,151,0,442.59394489933874,435.34714128646834,8434975.059909308,-4159.1732283516485,DrDoS_DNS
17,43020,200,0,446.664886807164,437.19953718739185,3319157.8041492067,6148.28040173919,DrDoS_DNS
17,27282,2,0,1469.0530622648519,1475.1614446241588,-651252.2339631217,11114.071315162619,BENIGN
6,84605,10,2,0.11838340534423351,-1.655288293721604,933246.0009827706,10577.763921345246,Syn
17,-11349,2,0,227.75099519419078,1370.9551110038565,436136538.22488135,1998086.1486381819,DrDoS_SNMP
17,55510,2,0,1474.5620785535475,1479.8009513658942,2943735048.502624,669200.042645665,DrDoS_MSSQL
6,72483,2,0,5.88246784322045,2.6060412635191015,4534673.777143176,2000728.419670729,TFTP
17,32210,1,0,229.68892488355948,42.934395563967506,201572647.94066766,24932.111098912777,BENIGN
17,86314,4,0,383.3130809473439,322.32350574781407,764914916.8874118,-2476.6364911530054,DrDoS_UDP
17,37475,3,0,226.2148127248171,225.96316841618852,452334356.98119855,2002582.2925937828,DrDoS_SNMP
6,12091167,20,0,-2.3824579065954263,-2.7178302818508766,-2053970.897640602,1996953.078759095,TFTP
6,-96625,4,0,0.26202479341089435,-0.6830260738882631,-524963.1973168252,2001330.4144329408,TFTP
6,1612,3,0,4.248630731226668,-0.5132221266553046,1762075.7665846962,2000272.5310761025,TFTP
6,-110383,1,0,1.0349631673073063,-0.8399172607315147,2018013.9265423445,1998520.9696649406,BENIGN
6,13974941,5,0,3.7872591077668116,2.8766508914133113,3641953.6125617987,23872.368975476293,TFTP
17,22655,0,0,1472.3119962396843,1402.6126192672373,1342588073.4897263,995861.1267176799,DrDoS_SSDP
6,61520,4,2,500.45968161750056,2.5876352336521564,1521664.791809948,26912.98709025247,DrDoS_NTP
0,80369409,7,2,-0.2345153513249928,0.5830505644811182,-1369791.5829267248,-762.8100953365192,DrDoS_NTP
17,9956,3,0,1473.4438637949795,1473.4338663935216,2944095638.224576,2002953.9763649744,DrDoS_LDAP
17,205784,7,0,392.72066376859647,330.3839804116291,639518.9702468779,-14006.359953610674,UDP-lag
17,58677,3,0,1384.6628125406905,1400.546763132285,1180161269.155956,995627.9636633111,DrDoS_SSDP
6,-80865,2,0,-1.8933000655531185,0.6744082819914567,1887795.544966717,1998831.4309220929,Syn
17,-22243,2,0,380.6343095653817,386.8051865615642,778097212.2294209,2002977.1024539114,UDP-lag
17,60289,4,0,1481.1102061449446,1479.4581648343183,1269481906.5176268,995135.2010883185,DrDoS_SSDP
6,5003218,5,6,590.3458341418592,2.8256224288792513,6013238.337042245,15515.144762659536,DrDoS_NTP
6,-150733,0,0,-3.3430981856833006,2.1741818976335803,6432416.421095996,26718.416906616418,BENIGN
6,110750,4,0,-5.1887321321862405,2.0694735339886003,338314.175567348,999249.7338355376,Syn
6,53423,3,0,3.8249526649601595,0.7733617734548704,-5896243.671932912,2000133.5666515639,TFTP
0,104031959,34,0,-3.8676484250411183,-1.7769652002922343,-1018711.6310770938,14243.530680090053,BENIGN
17,63434,3,0,1474.6565036347783,1478.8485649892366,2935324466.797198,2004062.7753298501,DrDoS_MSSQL
0,105466302,7,0,4.144908453363019,4.66342325665708,1601341.4210288445,-2785.0571857465056,BENIGN
17,-41107,1,0,441.936368532607,440.99514751479717,1215252784.6279812,1001910.5705977967,DrDoS_NetBIOS
17,-16233,2,0,390.20510002694857,399.9011603514473,783018500.1592325,2006450.048578708,UDP-lag
6,43338,2,0,2.7573129240579357,8.151015784904864,6942612.479585006,2010025.743738087,TFTP
6,-2388,2,0,3.9864143015881703,3.2790073594180984,1095644.2509329726,1994210.2435998898,BENIGN
17,73392,4,0,401.3134331923746,389.17809739573005,782138131.4685192,2004172.6504701658,UDP-lag
6,155749,1,2,0.007268258973429476,5.642115270369828,1109971.9036640883,19579.876903856166,TFTP
17,84308,3,0,1474.2472630529408,1472.079753737108,2935368221.6538005,1996263.9856745936,DrDoS_LDAP
17,116585,2,0,386.6370509509368,329.8806965578021,4123096.0928314775,14575.258930385873,DrDoS_UDP
17,133244,208,0,439.70353642637014,436.3622727301767,-570738.1918148494,458.26972740311976,DrDoS_DNS
17,-21660,3,0,1465.9722204216214,1472.6487338776903,1458147040.8047986,995509.6967490201,DrDoS_SSDP
17,11080,3,0,601.1169204176457,537.0568549233747,1248671289.908971,2000199.5468222562,DrDoS_NetBIOS
17,-127451,3,0,223.11584584595755,222.9383245234445,424310227.1587093,1996182.5889325978,DrDoS_SNMP
17,-30344,2,0,1472.0086512380353,228.35275902941578,77428672.9040041,998259.7816131591,DrDoS_DNS
6,-93390,3,0,-3.8600468522037943,-1.8599980535713823,-4406665.1758793,2000015.1400064158,TFTP
17,128081,3,0,435.35443259171694,435.7012994018306,-1199453.2438163676,6723.040035779088,DrDoS_NetBIOS
6,26992,0,0,0.06199681260170294,4.755896492805734,-2119510.6893911986,997800.1495517483,TFTP
17,-40487,0,2,33.117936100864135,46.79618409346921,-2384097.206380074,7339.718849033035,BENIGN
17,47525,158,0,438.17691952269035,435.9603850100466,2989863.3385600303,1771.4743721141604,DrDoS_DNS
17,-80532,1,0,382.9879456531747,380.2615689095022,774193716.6109035,2001041.9653597833,UDP-lag
0,67184745,35,0,6.642124563963593,5.293059800066647,-584008.0898140727,4676.144932328893,BENIGN
6,-17139,1,0,6.46139270737297,0.09468473434999809,3281887.526777342,15413.899517474043,Syn
6,112081342,19,0,497.4339190945513,-2.721050075541708,-6087611.08104121,-11518.87078829683,Syn
0,117437343,219,3,-1.129456465232909,32.18277709127775,1919.785084045725,-3844.689577647363,BENIGN
6,117642964,22,28,-7.63250392788887,-3.0301279163309633,-8793146.166588055,3431.047186577327,Syn
17,-26669,2,0,1474.6992960385671,1477.2669468972547,2921463771.5626035,2000650.1364128632,DrDoS_MSSQL
17,-24869,2,0,387.5627276745023,391.25194653532475,2698416783.160765,2000220.7426128734,DrDoS_NetBIOS
17,-5577,2,0,1474.9520975331802,1478.5044972272099,2938499846.1468654,2000039.1286800017,DrDoS_MSSQL
17,104118,3,0,387.3867843369082,334.3191975528198,1877433.1723058638,9300.80526326436,UDP-lag
17,77975,3,0,387.0032635817968,326.1361810804388,874573.5455203843,17804.063163562,DrDoS_UDP
6,-519118,2,3,587.8574339918353,-0.33585405452740885,3781933.8372442303,-15292.725419775288,DrDoS_NTP
17,-70781,1,0,394.72191913615706,388.38891232383486,772819839.3852957,2003114.7961011385,DrDoS_UDP
17,-53097,2,0,1473.194614208878,1470.1044580456921,2921529500.5922623,1996984.6466138703,DrDoS_LDAP
6,28475,1,2,-0.9461337586352311,0.49683587424869563,406041.3470635918,2004598.721558449,BENIGN
17,73125,2,0,223.28118172570038,230.6020975474998,443063911.24954754,1996683.6830518772,DrDoS_SNMP
0,112138858,43,0,1.2911348259345392,0.7592820370421137,-6355363.11150909,-13169.90071394396,BENIGN
6,110907130,31,2,-1.317189534350788,-1.770248296338217,1734084.9760301611,6682.96088115724,Syn
17,-48234,1,0,228.1592998508049,232.1387109039529,459674018.07998836,1996205.159228576,DrDoS_NetBIOS
17,-15440,1,0,1473.3480648582708,1477.022833263101,2955793861.0517645,2003964.1621472752,DrDoS_LDAP
17,54002,2,2,41.948825051487646,38.36475263924391,7072991.478826028,-1764.6289838544417,BENIGN
17,49665,195,0,445.60985086174264,402.9257213027157,-2807060.0559772803,2797.1096241390915,DrDoS_DNS
6,82951,3,0,1479.1106645362868,1476.1659038251657,1473127303.987246,1005066.2995175617,TFTP
17,140073,197,0,433.5151153181331,325.2457372868159,680457.4504361522,2198.224934456427,DrDoS_DNS
17,-37763,5,0,386.14692006209367,386.6542471372806,461328719.01906514,15495.086415480675,UDP-lag
17,-24185,3,0,228.90886535679644,228.42974029881464,436970484.90642303,1996179.7733787454,DrDoS_SNMP
17,-43338,4,0,1470.433985335493,1473.235227656796,1087307867.3487532,672565.1486665737,DrDoS_LDAP
17,13751,2,0,391.7000022401154,393.7476750270584,786417124.0321602,1998838.7355927404,UDP-lag
0,109988976,42,0,5.066517187848679,4.427869719075323,3014240.0471023116,-5263.290784797116,BENIGN
17,-24684,-1,0,448.8368828196997,452.60519961452985,903690262.2567196,2002782.3468809177,DrDoS_NetBIOS
17,109063,214,0,448.17195586523746,436.09080810674163,10022302.507757591,-17651.500648863333,DrDoS_DNS
6,116081879,40,31,531.0844091533555,-0.8836926665609357,-1828426.5188287229,-15445.340039530209,TFTP
17,-8400,1,0,225.32423640272341,638.3877698704625,2644028725.490126,1997456.581056859,DrDoS_MSSQL
17,125611,2,2,1466.8624252443735,45.13951022837526,806147.165432296,8802.60077355049,BENIGN
17,3223,2,0,1470.3481265266278,1477.3643514467992,1465504020.57723,998560.4734930197,DrDoS_SSDP
17,68510,2,0,1359.7910209091126,1369.5218370321124,1260738686.0479932,1002070.0036784124,DrDoS_SSDP
6,-18601,4,0,3.4569615036894352,1.6525510849505756,-3535455.0954698958,1998057.7832279068,TFTP
17,12045,2,0,1470.0542067807692,559.0863347084781,943831215.7027259,2003827.4739261607,DrDoS_NetBIOS
6,12415165,5,0,-4.943211321398785,0.6586889362433891,1813504.2881661432,17120.715223232535,TFTP
17,13882,3,0,1472.4709129575615,1476.0561466447446,1477033788.9275174,1002431.1886592268,DrDoS_SSDP
6,8664,2,0,560.5252603457322,585.8621064407168,925641925.7891233,1998842.939211808,DrDoS_NetBIOS
17,-66657,2,0,223.74229611633572,225.8440450059079,411673316.80416626,1995087.82908657,DrDoS_SNMP
0,94314557,220,3,2.4598276604658666,0.4464691094179052,-1152106.9005600887,1304.8323538294153,BENIGN
17,34664,1,0,386.94527445773724,386.4371045360131,781368500.3547982,2000761.516149393,DrDoS_UDP
17,45551,3,0,387.1535935743761,397.3302971441547,758108801.5239058,16176.071662587694,UDP-lag
17,11133,1,0,1478.6656314795755,1471.2484570878892,949511867.5031666,1004722.3885520297,DrDoS_SSDP
17,-6961,3,0,389.27367896707807,384.4435914450169,782347391.7161572,2002571.2215690892,UDP-lag
17,60487,3,0,386.10046201076824,324.47610167821915,122989.3347805196,4890.408461404236,DrDoS_UDP
0,96980284,41,3,-4.190081321182635,-4.532267243738367,-5483892.123857968,-2641.3400609280234,BENIGN
17,-19989,3,0,390.84251434658137,395.4405247355912,758945287.9102156,2002034.3010923788,DrDoS_NetBIOS
6,111875,3,0,-2.827125422975256,0.10369353223767336,-3844303.2375855884,2001114.2987084428,TFTP
6,31618,4,2,1.0230441780571675,-0.9105930380455679,-4260295.67642872,2358.9850993615228,BENIGN
17,96134,18,0,391.7990832918664,326.35603175647304,1640267.8353019452,-1499.3870709971525,DrDoS_UDP
17,6583,2,0,229.89544054145287,226.26585229395235,427712587.6662955,2001027.1470485812,DrDoS_SNMP
6,217270,4,2,41.45094746846729,-4.015113223527269,-3090672.4014569456,29607.769521991526,BENIGN
17,-31169,2,0,1467.857146395986,1476.1674386080776,2931219825.376868,2003337.0450022242,DrDoS_MSSQL
0,90152047,38,0,2.8316213058010495,2.3408398620910145,637997.9508176586,-10896.93785585657,BENIGN
17,102056,5,0,392.75217513744093,340.83732764925077,-613318.8173518879,-6448.860327537925,DrDoS_UDP
17,-48859,3,0,1474.4495901793487,1473.7070958139964,1468000952.059013,665081.6575836883,DrDoS_SSDP
17,-74768,2,0,386.492068991187,386.61834837378444,761340934.2116286,2004488.7472154032,UDP-lag
6,69643,1,0,-4.7403736913228975,-2.624469544141854,-3642968.205520505,29271.31299757883,Syn
17,-23445,0,0,1474.1718155375834,1479.106960126801,1455193968.7344902,657586.690798122,DrDoS_SSDP
6,63115,0,1,-1.7860186732760521,4.29587632616219,1669131.3867512816,8672.92452063393,BENIGN
17,-21560,2,0,387.0956750270437,392.9099568315527,771970806.3384652,2001767.4478094184,UDP-lag
17,62917,1,0,651.3629442346808,1471.8943487699796,-2385566.554364817,369063.43357200903,DrDoS_LDAP
6,61091,1,0,2.892823376949642,2.3980549408637195,203749.92353529297,1999520.5479376426,TFTP
17,-85958,3,0,1473.6545114667224,1472.4499767091281,2943692652.52631,1992715.471290289,DrDoS_MSSQL
17,-56134,1,0,1467.6828097763207,1478.7641115246456,1461817188.9224224,995559.7166091718,DrDoS_SSDP
17,80138,3,0,448.0972675485496,455.4758248900988,5655621.746149051,22071.53933273036,DrDoS_NetBIOS
17,-6012,2,0,1475.0746152825893,1479.3550029457463,1324200359.7980406,1001716.9335689464,DrDoS_SSDP
6,113172785,9,0,1.8858493723845722,-0.15747741765871576,296038.2773411751,-2491.8233356842684,Syn
6,1690714,3,2,2.0599680497729693,4.494092385380553,2673537.0634189537,10093.141831460993,DrDoS_NTP
17,38599,4,0,220.07808482001377,233.49666270875036,6592095.947797483,20954.213564601363,DrDoS_SNMP
6,56319,4,0,-2.8070005596142664,-3.2006404262186647,739844.1797362075,1998645.3374222997,Syn
17,-3788,3,0,766.7861096248137,570.7045824369678,1330589121.6604388,1999610.8679330137,DrDoS_NetBIOS
0,116049504,213,0,6.502268137831558,0.6746872031489265,-2166413.597705791,-12966.329079179817,BENIGN
17,-10480,1,0,594.4303643668412,574.0849212092418,878913284.00268,1996893.4280285735,DrDoS_NetBIOS
17,135224,5,0,388.2601853424068,332.1365146730677,-869587.8423186147,2413.0163299715914,UDP-lag
6,119560965,20,26,36.829023380146964,-3.890226040115457,-6328048.3780550435,-3473.0773793562366,BENIGN
6,-62123,2,0,1.4817167872206176,-3.344997534759439,-5827728.678672836,1992807.172232757,TFTP
17,3303,3,0,229.87715514813115,232.5860172556269,439709990.1533951,1999653.3142690018,DrDoS_SNMP
17,49433,3,0,381.6403443061842,326.1316642982189,8260151.102572236,6133.997398540883,DrDoS_UDP
17,-5020,1,0,588.9924695694267,1403.4874132687098,1194220710.9799979,1991403.6453060738,DrDoS_MSSQL
17,3823,2,0,232.7245677962843,232.64040928734565,10409031.998372605,2009997.0259648676,DrDoS_SNMP
6,138944,5,0,2.710395814728641,1.6328884989467254,-4313034.907949791,1997200.562000387,TFTP
17,37031,1,0,1470.913167165117,1467.8476304814287,2934026687.1307073,998607.837951527,DrDoS_LDAP
6,3357949,4,5,1.5617784905697758,1.6993227491650995,-9232.657384003745,381.6724952578352,DrDoS_NTP
17,23654,2,0,1476.5125305850684,1477.860440598119,138097955.52711466,668788.2814402566,DrDoS_MSSQL
17,60419,4,0,228.55494094753584,231.90532526108174,475120938.57888293,2006210.6705869795,DrDoS_SNMP
6,108428,0,2,2.8509962947614196,0.4788127315885928,-4560173.118937159,28451.53064119036,TFTP
17,-13616,3,0,386.32128752071753,393.913426782912,774879529.6291882,2000971.1940032032,DrDoS_UDP
6,119176335,3,2,-3.073344693747764,0.8164934086698974,-10395225.073670818,17330.960845500606,DrDoS_NTP
17,78325,5,0,385.99215338880015,333.98852533616,4345342.625581875,22487.056851030447,UDP-lag
0,11249689,41,0,6.291741627420215,3.691460319613018,-489967.6714058132,-10320.318272287735,BENIGN
6,5405196,209,6,557.0943293025539,3.9027959093788858,-42773.86700321152,-2177.916064309242,DrDoS_NTP
17,-139315,1,1,52.73005522001017,3.1963973419821134,1623944.7924390093,5085.027735464123,BENIGN
6,2926742,5,9,548.8718207106722,3.4194888969305426,1223103.0586211507,16948.75551128035,DrDoS_NTP
6,90758,3,0,0.42685528686264435,3.415635679432785,1535541.9467168686,2003871.124158139,Syn
17,-91476,0,0,385.3272343267256,231.00302426990726,775581763.4707196,1997392.138705633,DrDoS_LDAP
17,46755,0,0,1393.5191209661741,1370.14850444285,1314264079.4867716,1002816.7728202228,DrDoS_SSDP
0,114143124,44,2,1.8434980814263178,-1.2332884947343512,646259.8792605519,-9165.220599457127,BENIGN
6,117717,3,0,1392.065142243634,1407.7802990275939,1227849682.1572046,1004568.9915683873,DrDoS_SSDP
17,128028,3,2,30.06929735672638,46.345858922522744,-1987436.8667713555,13689.361879944023,BENIGN
6,79487,2,0,-0.7972019605932447,-5.662262116981673,-3331725.192611995,1995368.4027512944,TFTP
6,-1671,2,0,0.5772148353350139,3.6500091276579623,-5300368.037386534,2007116.7867788735,TFTP
17,198173,187,0,426.5640015884624,316.7740678898686,-3579190.879766953,7437.895365194461,DrDoS_DNS
0,119698191,49,0,-2.1114532497074987,-0.5365074785360312,-2318056.000300741,-9814.855546834508,BENIGN
17,15704,3,0,450.2976766081411,448.02376892785253,948838223.4179444,11630.134106957756,DrDoS_NetBIOS
6,13216159,5,0,-2.1317721297310026,1.2991475209678454,-2507936.8823466515,10060.029293803387,TFTP
17,-39932,3,0,391.645930040894,389.9542189076586,756501112.7292191,2004739.7759880407,UDP-lag
0,102431855,42,0,5.432602862972681,4.1243357751902225,1911401.174635291,-2822.2353850869204,BENIGN
17,53511,161,0,439.32568066508446,441.52299375154996,132572124.0343915,655329.8340552544,DrDoS_DNS
17,-16870,4,0,220.28064196811252,221.73575272852185,438625196.76802456,2000303.8987217315,DrDoS_SNMP
17,25184,2,0,1387.7477379468426,227.16179928422332,108145414.0175026,1005671.4280474932,DrDoS_SSDP
17,-10362,1,0,1067.649728413868,4.760680148348326,-1946531.6039392443,11133.138829889815,BENIGN
17,7199102,40,29,397.8610111973409,331.40968460663214,-2941754.761630195,-30834.11138759228,DrDoS_UDP
17,-56080,2,0,1473.6989085245002,1472.612897194432,913187457.5936097,669368.4606715061,DrDoS_SSDP
6,5002969,40,22,567.1093210920458,5.873942629330548,1894287.4580132104,-9264.13722594966,DrDoS_NTP
17,79112,1,0,1466.6869493088648,1464.3588628013968,1478407206.728272,259384.4987055679,DrDoS_DNS
17,-92915,1,0,396.36249443761983,402.069606706583,756235735.6075896,1993630.0204872608,DrDoS_MSSQL
0,108481704,217,0,8.058006267538346,-0.16488116703789713,-1277453.7721668442,3391.0119245697315,BENIGN
17,-58134,2,0,228.65812679968104,234.2094299533701,213348924.073376,2005022.664039578,DrDoS_SNMP
6,118911,2,2,-1.2143022556984366,-0.42062234960462064,-5076872.532006796,22569.908780706675,BENIGN
0,23348,227,3,48.37435779954471,30.766089915041324,4807130.190654645,-4220.932446742096,BENIGN
17,208607,5,0,381.74394461015896,334.33894305688705,-4407357.707446825,-4597.348576156244,DrDoS_UDP
6,3986827,6,7,553.1238353967778,0.9004550954087647,620910.1370235881,1158.699980158266,DrDoS_NTP
17,120348,1,0,1468.41041042892,1474.2552897033124,2934137901.0408177,1995227.2699901962,DrDoS_LDAP
6,124451,5,5,0.8011062744889896,-1.650495895956659,-2427046.7794518275,12368.705886429272,DrDoS_NTP
6,7396073,45,11,525.7388618233504,-0.37365260212412926,-2803888.3687672466,-4628.5723958527105,DrDoS_NTP
17,-47584,1,0,1464.7102579039447,1469.0261206550633,2639327870.2039285,1993650.3274149734,DrDoS_MSSQL
17,-1922,3,0,228.72273265765025,221.07559172528752,461162072.07276154,2001658.310119009,DrDoS_SNMP
17,-75387,2,0,445.9126535989826,755.052018880979,970473633.7886356,996159.8019052981,DrDoS_NetBIOS
17,36729,4,0,1036.6412832157735,562.8199963028401,2596797995.5225344,1991065.2336152622,DrDoS_NetBIOS
17,-61235,2,0,216.88402722915802,222.78887824885123,448769610.8014035,2000686.3294983094,DrDoS_SNMP
17,15012,1,0,1468.887377711575,1473.1744568997194,2935760240.802149,1998291.120288703,DrDoS_MSSQL
6,149389,4,2,-1.9250924846956687,-5.386652380545859,-1267708.1351039896,17456.542235151355,Syn
6,64473,2,8,37.01971378097983,3.84255292316294,563311.8436543597,26867.88627403953,BENIGN
17,3721,1,0,1473.7610983632749,712.9827562784776,1473026629.030871,662584.4485580355,DrDoS_MSSQL
17,128350,6,0,388.00440287486424,395.1197912943293,2083126.590053862,10763.134956609574,DrDoS_UDP
0,80847689,32,0,3.015788227401495,1.876149135490252,-1462647.4502468093,7838.343567213291,BENIGN
17,-61671,2,0,393.58471897413926,389.1657488687784,747836698.0394443,1998844.93795357,DrDoS_UDP
6,-36836,1,0,1.4347332271844118,1.4075316017985091,-4830970.677763624,1004026.2097345227,TFTP
6,97582,2,0,3.143682798727017,3.8002711094233304,5430425.512082553,31248.990603422088,TFTP
17,-38621,2,0,397.0114935917469,397.5896077306836,792091187.2662547,1998226.4626546688,DrDoS_UDP
17,-16297,4,0,598.9717579571184,559.9142478199112,930349745.516721,1995375.8416677145,DrDoS_NetBIOS
6,111666110,16,0,0.4802597373994623,-2.674646137971212,-2327644.878280094,10939.123440234895,Syn
17,5331,2,0,600.8251400020292,645.7694257951528,1255224161.2808979,1004007.2976829133,DrDoS_NetBIOS
17,83184,3,2,46.65887253733999,51.96027517193748,2626874.662191379,5990.179782737139,BENIGN
6,-8647,2,0,-1.8312240706003113,-4.259087181150363,-5545909.1309991805,1994380.5522704525,TFTP
6,-46724,1,0,-3.420168152096483,1.2976528222676094,2510837761.5298023,1993810.0206203933,TFTP
6,51723,3,2,-4.989039512209716,1.4328821653837704,420572.2296253521,22410.87659872056,BENIGN
17,74985,198,0,232.66727359562253,729.1551881873762,493688.5985689254,1000090.0045602816,DrDoS_DNS
0,2371726,40,0,4.792894518620944,0.33177306105277204,-429711.78814620385,-6170.62620086198,DrDoS_DNS
6,-106737,4,0,1.72408155321103,-4.312434656489794,-5272930.903004274,1993974.9878036892,TFTP
6,114922,2,2,-5.985282576431515,-2.5113527118481205,3941670.0012173243,32638.24035739387,BENIGN
6,112554056,25,7,-1.8022115464503536,-0.8794477089729409,-2250115.969295564,113.83052254050017,Syn
6,-14380,2,0,4.798740240662511,1.4347223478585036,-1093475.5138301954,2002662.6032591346,BENIGN
17,52861,3,0,379.22984839355286,325.30481064659597,1237116.6563390861,12300.232397510634,DrDoS_UDP
17,-1978,2,0,631.1464452485409,232.2018390436503,1261168748.792755,1996537.125833956,DrDoS_SNMP
17,105956,3,0,438.0857974362038,325.53175313865154,4312041.251991964,6903.478530229124,DrDoS_DNS
17,6030,1,0,216.50496953510995,225.84017422862013,218584263.4318294,2006465.0485468574,DrDoS_SNMP
0,118598456,47,35,3.854222261187949,2.7996923334147326,-6973415.324755414,-23810.12186747992,BENIGN
17,-33269,1,0,1473.841276960336,1475.9835199678196,1461828020.664948,996212.0726561502,DrDoS_MSSQL
17,-8781,3,0,1464.6489811869612,1469.776992699732,1456919658.1956854,994561.8985955764,DrDoS_SSDP
17,7691,2,0,1477.656720248417,1480.006907989705,1465204230.8476562,998063.9871926077,DrDoS_SSDP
17,53339,3,0,1471.333393680553,1477.9696122070363,1313386985.2838607,999538.9066988112,DrDoS_SSDP
0,-96212,6,2,-2.7601077023677862,0.29919980338639135,554304.7727186554,31327.37357192616,BENIGN
6,-28023,1,0,1.115528586416518,5.149171230379563,2007916.6552339634,17993.97437720894,DrDoS_NTP
17,97293,4,0,1469.6002530162602,44.18682639963358,1660656.5820230118,11870.776086513479,DrDoS_MSSQL
6,82020,3,2,1.971415207188857,-2.4238021215113634,-3627633.1944923047,11996.138446243764,BENIGN
6,14480,2,0,0.25785958913284335,0.1760332608582167,1495217.585000483,30451.112971683062,TFTP
17,34295,3,0,386.98030161185176,325.90868447299397,5043707.832083418,2368.5086415854557,UDP-lag
17,-21847,3,0,442.7554187538933,444.4247236780885,131000559.68362519,7646.024323893658,DrDoS_DNS
17,86441,4,0,380.37776818763643,323.0395113588752,2241552.983568141,22302.640877181006,UDP-lag
0,120919874,48,0,-1.6926607655239365,0.8693405854364571,-4191443.0069237025,-26356.270046535454,BENIGN
6,9031,4,0,7.116700476432541,0.57123622559867,1911742.1390630621,18520.44549392583,TFTP
17,48346,2,0,591.8505820839101,567.4553581070109,1311400715.4237983,1996805.9402389417,DrDoS_NetBIOS
17,-97394,4,0,385.8780652797695,379.67063029103844,786702470.4358165,2000080.2974587514,DrDoS_UDP
6,18448,3,2,51.40520413890678,36.44937101317325,97709.65096957306,1885.4848600998703,BENIGN
17,50538,1,2,42.68679459437492,54.16425504896735,-463150.72856881167,6745.70826090276,BENIGN
6,-9057,2,2,1.5885218685912104,-1.192338043996336,262574.574888682,32502.623730042513,TFTP
6,88279,4,0,2.101115709861148,0.44308451376962005,2715788.065403697,2009010.9796853685,TFTP
17,77529,1,1,44.164167460677234,57.728329702318604,-2766105.134873855,4514.0269840539695,BENIGN
6,111025831,26,7,598.2307035543631,-1.808900317224755,-82852.38672370231,11474.695343996342,BENIGN
17,22786,3,0,393.960627336029,393.24270972718676,795521840.0383681,1997044.669161378,UDP-lag
6,120597558,5,7,2.486250789733738,0.2821030873083348,-1599853.7907359025,23387.264337554512,TFTP
6,119213566,9,4,-5.462888832277547,1.244549907831971,-1370953.8548985806,-4205.351723751359,Syn
6,-17606,2,0,1.3127035370458797,-5.765697435994424,-4152338.057744071,7598.293127264777,BENIGN
17,-109375,1,0,448.57856200444616,455.31543871249517,915244298.7031513,656405.760398931,DrDoS_NetBIOS
17,-37312,1,0,1472.9232904142827,1472.655167112626,1470901350.7167537,997713.2220890187,DrDoS_SSDP
17,13209,3,0,225.71110882977817,227.1140051970623,439931404.6248006,1998253.152440646,DrDoS_SNMP
17,-76857,-1,0,229.5285071408053,225.96699369103303,424168718.89963835,1996576.6407292658,DrDoS_SNMP
17,182160,7,0,381.5972344599735,331.9824807990508,-5090787.0480523035,607.036812998198,UDP-lag
6,13121470,6,2,0.5972336261487939,2.3778371684099486,-4850257.95034231,17466.598264090295,BENIGN
6,12677134,7,0,-6.170013116436565,-3.1370669852694473,-2799770.7585944375,8150.745062028987,TFTP
17,93683,3,0,385.8798144181223,438.9164960229643,2775899.4028303167,923.2732806005824,DrDoS_NetBIOS
17,-8095,2,0,1477.4400062018372,1380.139731095547,652627170.8838462,993542.7071917626,DrDoS_MSSQL
17,82934,3,0,381.5759780510503,324.28486914380596,776148332.2913045,666271.730017485,UDP-lag
6,4791289,4,5,531.815906959537,3.934420179443193,2892957.101050728,-4962.262530498725,DrDoS_NTP
0,72518306,26,0,-1.1115791636467383,1.743454483551177,-2753368.190916229,5353.161940586875,BENIGN
17,-37415,3,0,391.6565307559868,393.17050239854933,782540103.3294798,1998833.8094685937,UDP-lag
6,111282342,12,0,-4.632964126788158,-2.9370471510593146,-3827374.867105902,9750.139586324583,Syn
0,119250954,50,42,917.5940889110025,1.851823514480069,-7684592.0968331,-22061.38236223219,BENIGN
6,75860,2,0,1.0280311944764857,1.195154248979112,1989138.581253571,2000100.2306047482,TFTP
6,-55241,1,0,0.5807857120085962,2.158302038043453,523468.8651937541,1998311.0736939588,Syn
17,5594,1,0,443.0070201407822,592.4255454191879,-3117805.412480289,11666.271011778477,DrDoS_NetBIOS
17,5230,2,0,1380.991718028799,1385.2141738608886,1469768753.9517808,998705.0279065104,DrDoS_SSDP
6,15889,3,0,-0.33698294768424214,2.0249453010874605,3212758.1130684023,20021.562505732145,BENIGN
6,64551,5,0,3.1264138606382432,1.3860519614777957,589648.8460096802,21783.127894891884,TFTP
17,24728,3,0,565.4506549710717,570.8335705709799,902882405.3186618,1996653.339642229,DrDoS_NetBIOS
6,2644853,28,2,0.17658468670906208,-1.6563513036952817,-1391024.3860485998,5093.309578732237,BENIGN
17,72571,2,0,219.19267082745787,233.56489831714032,438934576.28913003,2003667.7325365576,DrDoS_SNMP
17,119851,3,0,1467.2653675017482,1464.701923966008,146884075.0421339,661800.8691801149,DrDoS_DNS
6,121046887,39,3,-1.747529041464324,-1.5887209182691746,-5279140.065880246,9526.407525176723,Syn
6,102974,1,0,5.158070255597752,3.203783081276638,2169109.4170951117,21594.291472759724,TFTP
17,-21479,3,0,384.2816996028927,1363.882524726914,2585617043.9078493,1996214.8932066017,DrDoS_MSSQL
0,114592489,14,0,-3.261395586410925,-3.1112559610865933,-952395.8281785448,-13553.764726955433,BENIGN
17,-7609,3,0,515.1813079694114,568.1796399004317,1242740863.8831356,13512.656856610216,DrDoS_NetBIOS
17,26573,3,0,1468.9059864890542,1468.3731724154702,1456663922.9243097,995995.0103699744,DrDoS_SSDP
17,32125,3,0,1477.3200940007093,1472.349590283092,1481799431.045223,1001966.5338075219,DrDoS_SSDP
17,-60440,3,0,1481.2050188640744,1478.7318160850577,2945564968.8571925,1997895.8385070148,DrDoS_MSSQL
6,100836,5,0,-0.4600073673145075,-0.7565222691909822,-5791904.9333232185,23561.523791479754,TFTP
17,-6422,2,0,390.0501394008866,330.2884631692928,2865479.971628327,5424.140051806281,DrDoS_NetBIOS
6,45925,3,0,-2.6903800540266434,-3.1690756917951903,1089328.691855419,2003480.8376848395,Syn
17,-35827,1,0,222.66621040991103,223.65464059750929,2615697126.222834,2003574.640694511,DrDoS_UDP
0,102200436,31,0,-3.7199576060767416,-4.4881404890992,-434189.21946872957,-5933.920262612606,BENIGN
6,-27450,1,0,1.7768077639368418,-2.791261408460641,-5194370.444091836,1999531.134962522,TFTP
17,-14292,2,0,227.9125538513922,226.22060065580942,7649818.737342209,14375.995413464025,DrDoS_SNMP
17,166287,5,0,385.07461476558973,334.34624464973115,-1838347.4361681642,14270.084267876642,UDP-lag
0,113280044,40,0,-2.0974927807562564,0.5535294075283816,-1356230.8485114493,-657.3546243892033,DrDoS_NTP
17,10812,1,0,1466.089771110799,1472.258147876208,2933981255.6949286,1997862.6273654548,DrDoS_LDAP
6,95983,3,0,3.5830366837622263,0.12124506520015793,-1190517.1707874888,1995240.9496601906,TFTP
17,-4343,3,0,442.69451900047596,1472.5479220339566,2942345527.8389125,642310.8966476166,DrDoS_DNS
17,134122,5,0,1473.421829156056,1467.889909329588,122817650.30379725,11969.848936060685,DrDoS_DNS
0,100038596,29,0,-1.6785418092115025,3.382996868931389,-4271441.139896478,-5427.929670719552,DrDoS_SNMP
6,-80998,0,0,5.448263402929208,5.052252076189843,-1604928.3292181033,2000708.1711695595,TFTP
6,126962,3,0,2.5258525008029173,1.53061633815106,990670.5910610551,684620.9876284283,TFTP
6,-20195,4,2,-3.7217682665796596,-2.324218249419691,-3536060.121110672,21660.08419138619,DrDoS_NTP
17,8251,2,0,395.27902071965195,406.2704043834531,2955775929.3743668,2003138.2174792413,UDP-lag
17,15524,1,0,233.74696085643072,395.4338982151128,769680509.1296437,1997845.5316430032,DrDoS_MSSQL
17,41447,4,0,826.2568446423262,1383.3701105428618,2926690358.686613,1997179.9309245327,DrDoS_MSSQL
6,76022,2,2,4.438433351831508,-0.35738169407528053,3454757.7666670363,9639.307522802672,BENIGN
17,42771,3,0,381.53121436296516,386.20066199638546,5470695.685888009,11188.365917662857,UDP-lag
17,-28752,4,0,224.79699840313927,223.8564446557024,418775587.25316334,1994710.6474227684,DrDoS_SNMP
17,37582,5,0,1342.375245519593,1383.1960810760618,1459182984.9926002,999726.1413949578,DrDoS_SSDP
6,155214,1,2,1.5188607922173927,-5.157456098530189,-3342145.376895467,1998472.3473148223,TFTP
6,-13608,2,0,3.949213304196782,-1.6632760290870012,482952.0105702516,1999850.6584212894,TFTP
17,38197,6,0,393.92048797064376,325.76564075352036,1443635.1311661815,14300.844904985868,DrDoS_UDP
6,12694034,6,0,4.604966584017652,2.4937935630526904,3495447.217336244,9176.077252878538,TFTP
17,38434,3,0,1470.1609488619818,1469.920792957895,-1913000.4601858438,1000019.4817832933,DrDoS_DNS
6,11795621,10,0,-0.47038713749862765,-0.1660057598816927,-3947530.704610183,1999249.1019225682,TFTP
17,-39518,5,0,1468.489331433095,1468.5841214755312,1459802077.0776684,996042.8551006727,DrDoS_SSDP
6,68547,3,0,-3.123131794557307,-2.452543007453856,645834.6299830895,1997180.7629391195,TFTP
17,23559,3,0,380.36885593066023,393.3654927119113,771711995.7310661,2002313.8664966268,UDP-lag
6,-28854,3,2,2.5266819220351673,3.4558107282464237,-82433.91512921685,14879.810433279603,DrDoS_NTP
6,-40673,1,0,-0.08929084792241938,2.860110606721903,-4460018.022579969,1998652.6002216649,Syn
17,117112,208,0,446.2371467672402,425.16545618778883,5046127.666223437,-1736.3170925929735,DrDoS_DNS
17,-36172,1,0,1469.3778364910002,1468.8569310412377,932593150.282734,674098.4409293782,BENIGN
6,75391,3,2,4.542398635564957,2.26339351021736,-1221746.5865596745,27212.051727597474,TFTP
17,80830,1,0,1476.926917513263,1481.2976756435141,939298643.5944772,688107.3241872553,DrDoS_LDAP
17,79604,1,0,1470.6282744792697,1474.2914876841887,158603214.45329708,1000379.7368110068,DrDoS_LDAP
17,42040,1,0,232.47490015302188,228.15313406652888,432730858.2627224,1996495.1664287718,DrDoS_SNMP
6,36316,2,2,-2.204940906102671,-1.2521320783631036,-220034.43492331426,27966.587712900036,BENIGN
17,167138,4,0,386.04857959429955,388.09550529375747,3227864.5618370106,11766.499507656194,UDP-lag
17,9247,2,0,384.4551043736414,394.6010855590273,801816843.2241393,2004204.0302262579,UDP-lag
6,110142762,1,0,-4.5856546187589275,0.26621631140305557,2902015.4407962756,24192.852053507577,Syn
6,61993,2,0,5.867012960926189,-1.5165338430985196,-1060713.1338013664,2001928.5587120375,TFTP
6,-28645,2,0,-1.6752832993645688,1.518200279850345,-4217774.775028803,1994886.9134105332,TFTP
17,98493,3,0,1472.001021865175,1473.8045770734082,2937566223.3867984,669398.9680938808,DrDoS_DNS
17,-30337,1,0,813.9177259839657,399.21691612441316,2652757973.5706077,1998390.3212152459,DrDoS_NetBIOS
17,12983,2,0,833.2837026190628,1467.7861071185764,2923499797.833329,1998001.0977571763,DrDoS_MSSQL
17,-34925,3,0,1478.6849799921838,1482.3107178588407,1471615131.7128003,999812.1490687977,DrDoS_SSDP
17,85775,4,0,926.9223550760781,397.87367182338323,2580455345.6930556,1994109.906093495,DrDoS_MSSQL
17,40835,3,0,1465.3315381430605,1472.0582646536438,2939768748.1303825,1996827.1781263018,DrDoS_MSSQL
17,-61464,2,0,221.0811340969013,387.84693213757674,463076369.6509634,1998118.561133346,DrDoS_SNMP
17,73206,2,0,386.37334301839695,570.2247116605306,778550730.017044,1997743.8425316177,UDP-lag
17,-52294,3,0,1470.9123484437303,1474.6679568742456,2927821340.003981,2000543.7708590077,DrDoS_MSSQL
17,136308,6,0,388.3715463024318,331.29986666792405,4051531.813289582,13877.564169307117,UDP-lag
17,-4311,4,0,388.2601165171725,390.048427636351,793602038.1267284,2001641.2793292538,UDP-lag
17,-36414,3,0,1471.8174936660173,1468.025257741448,1463223195.912034,1000079.019968642,DrDoS_LDAP
0,118021193,236,0,1.3429872341165505,44.62242017623423,-2314434.9728410803,-4026.2502214328197,BENIGN
6,29336,2,2,1.2983368457074975,0.8839407054012874,-2547504.8613534085,20999.66783186591,BENIGN
17,141015,3,0,385.65854098418095,393.6042425927741,778840853.5799705,15228.260903303917,UDP-lag
17,73065,5,0,381.7720961672664,327.2558409258596,-4492153.097851702,10552.446654225394,DrDoS_UDP
17,85726,5,0,1478.9530648375955,1477.7386797874376,1477019333.1268756,1001570.7762939932,DrDoS_SSDP
6,127438,1,0,3.7370417750081426,2.4263173284587025,-8086555.671395156,1997320.8423475912,TFTP
17,68877,1,2,32.682424589243745,43.469338574086954,-1815985.6455373692,1729.9248149148643,BENIGN
17,77782,4,0,394.743312788299,330.815888166841,-8749266.507515728,1997656.0452810014,DrDoS_UDP
17,43824,2,0,1473.9933481425667,1466.2528007251738,2944102846.822232,2001710.7927436805,DrDoS_LDAP
0,104773147,33,0,-4.524370090528766,-1.1651486258688508,2810686.229790263,13441.727258280247,BENIGN
17,16256,2,0,1381.0060217859,1345.3465967841394,1252875458.6522741,998276.5855780061,DrDoS_SSDP
17,-10279,2,0,387.40959285158823,389.1878351795483,764207877.1480268,2001789.910141906,DrDoS_UDP
17,-5622,1,0,1480.2655837404047,1483.8588307205075,2952639150.6869664,1998375.2110934153,DrDoS_MSSQL
6,1131,2,2,-3.1019235906570013,-1.9362521433737887,-464958.9607023925,11561.602720215711,DrDoS_NTP
0,102431162,38,0,0.5110946236822959,1.7927536459750284,1589574.1051479706,910.4531720325504,DrDoS_NTP
17,4004,3,0,1474.0431347196966,1475.2449503412706,2941701688.032377,1996711.3946259755,DrDoS_MSSQL
0,110719522,43,0,3.3983187548402394,1.786694843240401,-4415743.244721829,-18508.007262555344,BENIGN
0,86452676,6,0,946.4149255697682,-3.7458784484243326,-234755.428137284,9078.001588661375,BENIGN
17,75239,3,0,390.9326843631058,400.77862744801365,974593.2224295838,25155.59611972187,UDP-lag
17,15335,2,0,395.37033429391676,401.26836829153166,767422636.6057628,1993485.1200837693,UDP-lag
17,-21648,1,0,1476.5759823334095,1474.531435562663,2940233310.3108516,2001296.875535867,DrDoS_LDAP
17,-22611,3,0,1471.6869354518858,1477.7492686769442,1475934038.1966975,996901.2318333521,DrDoS_SSDP
17,80877,1,0,1463.1682884451855,1468.6975477006035,2920932048.534745,1998825.137603955,DrDoS_MSSQL
17,165535,6,0,395.8792500683536,337.08600492331004,-411795.3522788959,10357.804892419881,DrDoS_UDP
6,75570,2,0,0.6453936547223231,3.1225293255767963,4427351.24748518,1997020.1068230427,TFTP
0,112365356,39,0,-0.4769359880511888,1.2345678391597217,-671432.6843677543,-13898.973207636263,BENIGN
17,190185,5,0,382.41517635123756,329.1057527022206,3206165.7762340405,-13680.133873525127,UDP-lag
17,138876,2,0,435.9955359990161,722.5770413964992,-3921254.231661249,8286.317363615295,DrDoS_NetBIOS
0,82201287,28,0,-2.3689705957798917,2.3890500091962146,448165.0493987618,10000.376722369596,BENIGN
6,158877,3,2,44.37362926955241,4.990775440672778,-1495707.2430573513,3929.8295716482507,BENIGN
17,-46494,3,0,1467.792872176142,1474.983384626798,2932752937.772597,1996794.2214333033,DrDoS_MSSQL
6,60354,1,0,0.8107507215221793,4.920576059146428,2372354.816278832,2003859.9632068148,Syn
17,18185,4,0,382.5316701872844,392.70615206580004,762447654.0359888,2006249.6714317782,UDP-lag
17,7387767,213,0,446.05986861466084,329.27492462470974,1108139.5805583424,-10283.952086310986,DrDoS_UDP
0,80798386,39,0,2.891877060678227,4.238315320970818,-1000468.2558883729,-12379.49406717818,BENIGN
17,116239,2,0,1472.092833843934,1475.43081805628,1305550560.6529088,1000686.4368283327,DrDoS_SSDP
0,123849575,50,40,-3.0628692490969414,2.6362844837737582,-2867580.6044018436,-17948.538140471162,BENIGN
17,-57283,2,0,1466.0387962954478,1472.989657706312,1261185861.9747176,343223.80102200556,DrDoS_LDAP
6,6385765,6,2,902.3730429448335,1.6919196360869122,-1761750.7605689128,12510.651135714521,BENIGN
0,104567607,6,2,-0.7038533898930124,4.746621769516761,-825758.9152099562,2815.277701233116,BENIGN
6,3286,2,0,2.1692974091832915,-4.088832954135717,-5693.230543152196,1998709.8824547932,TFTP
17,2225671,17,0,389.90835616008235,326.8508141554042,1199346.575177015,-2859.0774594076684,DrDoS_UDP
17,-6728,2,0,1465.6291784357443,1465.8889383040262,102736484.75600493,1003159.3312069833,DrDoS_LDAP
17,21353,3,0,1472.8980122217165,1470.9090919316668,1472993138.6679144,667352.3315109328,DrDoS_SSDP
6,57740,1,0,0.17732819493794247,-3.5688561920540613,-7272117.610983764,1993450.5681593348,BENIGN
17,28803,2,0,895.2287057549695,863.9170088186163,910669419.9889358,998549.8864600271,DrDoS_NetBIOS
17,-8294,3,0,-3.3210799622169964,221.2953273574367,192104379.2334695,2000320.2748700934,DrDoS_MSSQL
17,88620,2,2,39.88767745324253,33.60936940179904,-1939161.2427837688,-1637.095527938267,BENIGN
17,-63057,2,0,394.01657125582545,386.6132867194518,766382134.5112056,2002688.767528311,UDP-lag
17,148629,182,0,436.1904536120426,644.9473951252367,-412063.3727324521,3642.0874961771224,DrDoS_DNS
17,-49796,2,0,1467.1024611639682,1471.4609963954629,2917696721.8298006,1998131.2541870961,DrDoS_MSSQL
6,65456,3,0,1.1846570264215261,-2.3852037712304086,-6025656.348056457,17851.09352219884,TFTP
6,22467,0,2,3.4644442413209693,3.630130641960312,-2066038.6628393738,14503.53753239617,BENIGN
17,36432,2,0,1481.1815361227705,448.4817466494775,984282695.9533732,672109.1599103953,DrDoS_NetBIOS
17,39684,0,0,569.2102093133732,540.9027442110139,918561484.0627965,2000577.6508459884,DrDoS_NetBIOS
6,-84963,0,0,-2.6316242904715326,-5.98409054440294,-1016655.7786446593,1994780.5103657758,TFTP
17,-47516,1,0,448.0107668386914,1474.5854196924013,933228634.0256094,673419.5994524423,DrDoS_NetBIOS
6,46986,2,0,4.396589293185316,1.2834344275686755,2967172.7296462045,1997259.9625338926,TFTP
17,36644,1,0,441.48985722061025,446.0342777254519,939440200.3121856,1998425.9973513999,DrDoS_NetBIOS
17,163420,5,0,390.55854183681504,333.6474473401761,4550619.9875431815,5113.4562886740005,DrDoS_UDP
6,-12996,0,0,0.7138073252165855,-1.555099105727785,-4874337.111891334,1994044.9465997245,TFTP
6,113811,23,2,1148.0781464740105,3.8711760657562766,-1938790.013652804,11635.936883822218,BENIGN
17,-4021,1,0,1472.6342948496308,1475.1599312146068,1036603284.8606441,668520.6908754067,DrDoS_NetBIOS
6,115763,3,0,-0.18934833292178743,1.4174510363207375,2156320.8016930097,2001951.7159789756,Syn
17,45212,3,0,1470.1200513369934,1471.3291014281458,205528088.17266458,11369.539541209817,DrDoS_DNS
6,174800,2,0,-6.367013270179042,-3.444820213380697,-3706096.4842468174,2004932.8564520753,TFTP
6,11873801,5,0,2.656159669326809,2.846419622551238,3365559.9691927824,21604.98740981171,TFTP
17,-59853,1,0,226.02528787782703,227.45131065607166,451834885.93497235,2001121.31916971,DrDoS_SNMP
17,-50979,3,0,1469.8536407160698,1475.6790254208179,1472595025.5765588,999632.3530109839,DrDoS_SSDP
17,23355,2,0,1464.576031015097,1473.5782206023273,2944646913.590045,2003029.8445516978,DrDoS_MSSQL
17,60863,5,0,388.1317148974546,330.7345776436131,-1365823.2159909483,10733.896122639226,DrDoS_UDP
17,-47794,3,0,375.5290821469124,399.1328909898321,780178929.2740566,2002067.0288460895,UDP-lag
6,62435,1,1,35.97512422769521,42.894552956340526,-578965.3594678224,5576.630501665622,BENIGN
17,-55786,3,0,1481.5783909974637,1479.9763288601953,1073103318.3096945,662415.47384857,DrDoS_NetBIOS
17,-10100,1,0,1474.0442308687361,1386.2525576579892,2949164917.3877273,1999748.0377705,DrDoS_MSSQL
17,-182300,1,0,388.8788503853596,376.1501944120118,799142085.7833118,2001669.7621079537,DrDoS_UDP
17,54049,3,0,1472.361875337664,1466.2721737728116,68305298.76255667,682149.7369252993,DrDoS_DNS
17,58092,4,0,1473.6916657103686,1477.6507761355451,988171242.7697772,678828.4169610151,DrDoS_LDAP
17,37967,3,0,542.8619273276489,580.3748343106091,2630188854.1876903,1998808.9231109512,DrDoS_NetBIOS
17,-15841,3,0,384.70549749953284,390.0099976972177,778028585.3744167,1997583.2382070962,UDP-lag
6,9336,2,0,6.7628383360886195,-0.21134522121969873,-1436821.1228167673,25828.989677166453,Syn
17,80226,3,0,1345.0955468647956,1348.5296906038468,1259271644.5724463,1003979.7103672391,DrDoS_SSDP
17,65093,4,0,387.6560543868725,388.98110758603366,-3247362.5002252785,1999269.5016756926,DrDoS_UDP
17,29189,1,0,586.18784556949,720.1267631250468,2951807540.693294,1995611.5169497456,DrDoS_MSSQL
17,43635,1,0,225.61685507726796,233.40489258666284,470533893.232136,2007679.1729829381,DrDoS_SNMP
17,46274,201,0,435.8122481442158,429.28765917821653,1201913663.431327,9005.63299118685,DrDoS_DNS
6,44404,5,0,231.21888777632506,232.280813589784,427640157.42568654,1996713.2892692883,DrDoS_SNMP
0,110379370,41,0,-6.362062449993324,-0.1244939671732709,883470.4958841593,9484.026607211426,Syn
17,77311,3,0,1475.3698767966014,1475.0422169958035,2941947073.308659,1999343.3383966365,DrDoS_LDAP
6,-20544,6,8,1.162821421138814,1.3161219289287451,-477180.8007537846,23145.510748666136,DrDoS_NTP
6,43610,3,2,29.91940980509144,-2.329248679086924,-2200511.919444533,15249.425228855052,BENIGN
17,21927,3,0,397.9312455163922,397.3149774391194,790349958.8453339,2003651.092760161,UDP-lag
6,-10429,1,0,1.9706344113826497,-0.22356112135990075,5747785.8871708745,1999364.901011895,TFTP
6,160001,4,2,-6.73877102243166,0.7240644922687405,-1040424.6431037381,10266.194157278524,DrDoS_NTP
6,115921503,22,0,-1.4777232862903227,-0.23744695196104215,-4334905.484329202,10992.945242433867,Syn
6,53581,1,1,-3.091079756868229,-2.8425282348801164,-1230891.2243280753,20006.85963502645,DrDoS_NTP
17,-52278,1,0,1470.4497149590989,1476.2004777234756,2939183281.2804093,2001095.169974195,DrDoS_MSSQL
17,63440,2,0,532.7614037300758,551.5473608345751,2307504.7376533346,1999736.0819895084,DrDoS_DNS
6,132006,3,0,0.7340272567422069,-2.066700929456546,-1624901.9596332868,1999209.2526367567,TFTP
6,-4193,3,0,-2.300816907613399,-0.5332173597527291,-4756444.081020481,2000106.4351718721,Syn
17,-6582,3,0,233.7128672336733,226.96963831326505,434301908.5493827,1999960.2631697478,DrDoS_SNMP
6,-14712,1,0,3.4246426930894,-3.651356212413861,3970302.423611287,12836.985503499704,TFTP
17,77402,3,0,218.519017108746,226.7335101550776,405712775.88328654,1997501.537930513,DrDoS_MSSQL
17,-19048,2,0,1472.5230882417284,1473.3678541859128,1456645541.8199916,998668.1019649004,DrDoS_LDAP
17,83022,5,0,392.4890110616995,333.14205377020653,5450997.189138219,3295.075375571165,UDP-lag
17,118030387,180,0,437.19911828260456,429.4837327213934,3704007.1252430053,-9292.722868515808,DrDoS_DNS
17,89254,2,0,1385.1786416928383,1375.614038196841,1229645818.7004528,1002012.6507608921,DrDoS_SSDP
6,-10296,0,0,1.034189647125943,4.00138427473277,-1802943.7729515617,12592.472744024615,BENIGN
17,142328,4,0,399.8213664566889,340.5239487174427,6025095.121693701,-2064.5968849980054,DrDoS_UDP
6,5252922,6,7,539.5879563958072,5.227158936072834,-914750.0269063048,1716.1552397964278,DrDoS_NTP
17,87872,202,0,446.76989814990367,439.1761543092786,-5469790.785343081,1463.8102475821124,DrDoS_UDP
17,-22587,1,0,30.15328849056752,44.662491322421154,168899678.63480064,8948.36193698729,BENIGN
17,46439,3,0,221.09614222430676,226.95369340848424,438281968.34266216,1994900.9873147544,DrDoS_SNMP
17,-1697,1,0,230.37751110998724,228.3401786985266,444483321.1459791,1998728.2614998368,DrDoS_SNMP
6,39011,3,0,3.9722392017040216,3.164733676586698,3374576.1665134854,2001508.9087459291,Syn
17,47242,2,0,222.67223636582787,1474.658940244227,1146586.3227728503,16247.871316488334,DrDoS_LDAP
6,-44687,3,0,5.686300506001817,-2.116132331826113,2948519.6066133636,2000575.3469592049,Syn
0,109131936,38,0,7.62557998995905,1.0639210974275408,-531284.695255205,-14938.181673084291,BENIGN
17,-38209,0,0,1370.0195283004427,1343.9684612820672,1473328703.443217,1002077.6052071842,DrDoS_SSDP
17,266331,7,0,382.64865435222003,329.76547969873405,-2408511.896789334,-22278.747828559488,DrDoS_UDP
6,111424270,11,0,-4.923557918527706,0.12946433458975778,-6644628.715649091,2000636.6296390558,Syn
6,35924,2,0,0.1126582161542541,1.9103887686315837,-4962866.267452911,2000255.96286739,TFTP
17,151820,3,2,35.11042708472162,238.88722051858792,4053892.5943501983,20995.999333369466,DrDoS_LDAP
17,-9580,2,0,221.94088920496978,223.78854850998454,452288395.98993033,2002260.6160170566,DrDoS_SNMP
17,39606,3,0,387.32716177960333,1474.3701559951062,136923908.73310375,10530.420611256459,DrDoS_LDAP
6,5961719,6,4,569.0363781541424,3.3749391957871695,4419309.828609234,1331.0114105588673,DrDoS_NTP
0,-169505,7,2,-1.2841671708283087,-0.22272991860487396,-2993879.572702403,11359.547041054664,BENIGN
6,5761421,33,6,553.7069974094137,-0.9583959525145893,-4025316.4944901085,10613.176634126707,BENIGN
6,21493,19,7,440.65990459320125,1.3195960216951035,176484.1772948408,19482.429524872285,BENIGN
6,84233,2,2,-3.747767226919108,-1.2048380940282633,3982288.0513450736,28387.418547662233,DrDoS_NTP
17,-9807,2,0,506.74001459000624,318.1140908516598,-1335968.1264302873,14643.057714743984,DrDoS_LDAP
17,-17046,3,0,230.30736118114436,221.9394173310623,406254326.5767807,1995036.9120613502,DrDoS_SNMP
6,6135691,17,6,-1.0000737861059,-1.3479922063766734,-922473.3644227481,14606.599700797944,Syn
6,57747,140,2,56.627764590147805,2.3942366922553733,-341946.8331166997,14318.641338694744,BENIGN
17,6211,0,0,1466.570154614312,1467.9690979207867,435372903.8071005,995885.0260840789,DrDoS_LDAP
6,115988849,16,2,-2.2354864044073226,-1.2062635189159316,-4191452.670154878,13194.201213083305,Syn
6,65820,3,0,-0.09820664112745235,1475.442072447801,1452231765.9055648,1003511.636939582,DrDoS_LDAP
6,18270,2,0,0.2636411644153661,1.2818583930022462,49697.88687767554,18993.864878371758,TFTP
0,114874752,236,3,2.1731668289963184,32.681401155906904,-3321513.841491134,-4089.564162422832,DrDoS_NTP
6,-42408,2,0,0.7776742152248171,5.69406089162363,2541366.6084873625,20282.169127510642,TFTP
17,-113985,0,0,387.87171036830813,392.29934308784857,784991495.6763202,2002998.8585144936,DrDoS_UDP
17,48703,1,0,1467.9306773052517,1467.224634809836,2934383361.5355277,2000367.9170457034,DrDoS_LDAP
17,7003,2,0,390.087609650378,392.1466476031143,774001790.7709553,1998442.4999188255,DrDoS_UDP
6,100815,5,0,3.0223008817204557,3.5238637281936085,2108137.7836708482,2004360.118121025,TFTP
17,86343,4,0,434.76147205573847,605.4298101068276,6071063.112392132,22449.994158569643,DrDoS_SNMP
17,-154558,2,0,1361.1096473100047,539.5020308017647,1221522859.8328092,998788.7161249698,DrDoS_SSDP
17,-83917,2,0,441.625194073912,439.8728911409043,945932103.1367795,2001661.4140049529,DrDoS_NetBIOS
6,108112367,21,0,395.10206819133384,2.6027723363254265,6761404.347518461,7582.229007982867,BENIGN
17,-8623,6,0,399.812223696265,338.67519128289655,2696592.5935211717,-13120.6786122665,DrDoS_UDP
6,127872,5,6,35.93782412292518,5.8438950577989255,1708653.0292224395,6293.856609785013,DrDoS_NTP
17,-62482,1,0,214.50475217411804,220.48688833678372,444822056.44183457,2006041.249329931,DrDoS_SNMP
0,104333863,32,0,6.7781040521369285,908.2010907450283,1121722.3592197355,5557.09251297941,BENIGN
6,13569147,2,2,-3.6337302957136957,0.2716438897189754,-7139292.203716994,11098.68392181163,BENIGN
17,6203871,214,30,445.63832241198384,324.50142956021415,-2720196.4656779133,-13143.560525117453,DrDoS_DNS
6,122140758,38,27,582.253303863243,1.7482178881230028,-4015238.818067165,-5272.480512138973,Syn
17,25829,4,0,224.24016319992063,226.44470018894714,444078224.5614586,1002120.2759257342,DrDoS_SNMP
17,17261,1,0,1466.2271635652637,1476.342919748535,2942710136.7981925,1999741.2220275945,DrDoS_LDAP
6,133047,4,0,-1.1132918457350864,0.6742744374606257,-3147590.7120380215,20470.56777856907,Syn
6,58674,2,0,3.0393163855438194,1.927207808488898,3577591.124475996,2005687.9000269717,TFTP
17,9848,2,0,881.2432068604204,389.1739480959953,3896258.9884268837,10595.49599606464,UDP-lag
17,72960,2,0,383.836184494059,328.2588224464602,5727128.046303899,4386.366470570222,DrDoS_UDP
6,4054,2,0,1.129088896001324,1.2875328699364799,-1129802.552470166,1998750.390794587,TFTP
6,33314,4,2,3.861136529998315,3.745462687001608,1591500.3763345822,13235.045889549774,BENIGN
17,81772,3,0,1471.3735779100796,1479.2930184453348,2942074009.6022677,1996137.6083533566,DrDoS_MSSQL
17,-3168,4,0,227.9088220578079,234.1379481428959,442894149.89424974,1996572.9797620163,DrDoS_SNMP
17,48260,2,2,38.7696500586588,59.05536112961697,3151728.7686801786,2343.182603161932,BENIGN
0,118579300,50,37,2.985312817616177,1.5149756170736461,-6346802.025534411,-21425.31138772754,BENIGN
17,-25805,1,0,387.19024805139645,388.8834629934637,780373687.0619177,2002931.1360314342,UDP-lag
17,-61851,1,0,562.2937574534268,647.3862200092739,952515990.266105,1999971.2937393344,DrDoS_NetBIOS
6,13909940,5,23,5.105777429591833,5.277092296930908,3026769.7684358554,7681.841274657858,BENIGN
17,-31972,1,0,443.4321408505867,1469.7130756669646,916470643.6680752,1999421.8268882027,DrDoS_NetBIOS
6,120668038,30,2,-5.396408052783587,-5.168472183982997,-7775951.505436533,14439.799969925185,Syn
17,47332,3,2,32.49562767184817,38.43387603119048,3062345.0882173544,14612.673918829492,BENIGN
6,-54990,2,0,1.1929320795986043,-0.2881045893418859,3711385.270668038,2000075.916482595,TFTP
0,93945589,7,2,-4.296320480200755,2.2759254306295102,-1635781.952666825,16239.222738877455,DrDoS_NTP
6,108747296,16,5,3.6404377259713283,-1.1216241992836835,1604660.4892907366,4295.274280102543,BENIGN
6,14648665,47,10,444.5913554059064,5.498350198406108,-545468.4396581657,-4423.613523464437,TFTP
17,-374,1,0,378.4625349962922,396.5352057537794,766037911.8253589,1998847.604316823,UDP-lag
17,65083,4,0,1477.5587275747357,1475.9149881924218,1472898928.53237,1001346.6802374385,DrDoS_SSDP
6,7908065,7,7,567.6807668677798,5.81685348282414,-3801704.493490097,-18214.90624540466,DrDoS_NTP
17,-38910,2,0,389.0291359861082,388.276273091395,756008934.7403207,2004251.7658070356,UDP-lag
17,102500,3,0,390.39021750866266,331.4014630644835,4432180.178841689,16928.0693842108,DrDoS_UDP
6,55018,0,2,3.1535422404743554,-0.37728145435833993,-6042416.148836761,20775.792397803736,TFTP
17,44110,2,0,381.22900968208893,389.75057095375996,2907735.805228658,2002867.750897876,UDP-lag
17,34854,4,0,1477.2291708983869,1479.5576663154188,2936319432.4123287,2002888.272464223,DrDoS_MSSQL
6,130706,4,2,-3.4920442924541475,-3.37534344846148,-7124001.214075255,9010.63111825122,BENIGN
17,42160,2,0,214.88985106230754,223.58905135343943,443881682.16838574,2001457.119767361,DrDoS_SNMP
6,52879,1,0,-3.0588232741210266,-0.6195120579188357,-820807.4487136898,2003371.8388782528,TFTP
17,35665,1,0,444.1649770651254,539.0391594564178,925128390.1007295,2002904.4649264906,DrDoS_NetBIOS
17,-81835,2,0,388.6675533524029,387.13790217082413,770765816.1883895,2000825.134731454,DrDoS_UDP
17,35241,4,0,1460.0337517024027,1470.254729527742,2613560205.6806126,1997915.554727561,DrDoS_MSSQL
0,107710308,41,0,-0.7251812778220066,-3.2398091235123547,-2200585.4673706964,-11784.647498006718,BENIGN
17,13871,1,0,390.9373445237976,326.6361045587909,2287685.920254264,13226.340424800686,DrDoS_NetBIOS
6,-27787,2,0,-2.814158804377745,-5.369922201505624,-599877.9338454886,2003273.519954166,Syn
17,17378,3,0,1474.557661438397,1473.5081473099453,2928717476.522177,1999548.812083832,DrDoS_LDAP
6,53920,1,0,2.4812989994647077,1.2361463082690844,-308734.0391458904,13073.69115298188,Syn
17,142350,4,0,225.4648330248332,225.37959055290239,10211662.11216624,26155.035566519808,DrDoS_SNMP
6,13059079,3,0,1.5607224336236256,2.7026738056089017,2922091.206196515,21332.25603088044,TFTP
17,73700,210,0,434.3803091768842,435.3342639153532,4966600.078924256,-6539.860112501912,DrDoS_DNS
17,30660,1,0,1471.9902553448437,1473.791412840427,2950034667.0833654,2002246.3452533917,DrDoS_LDAP
17,35165,2,0,1471.8697837738825,1470.2952874544476,2924296161.065374,1999139.9590787704,DrDoS_LDAP
0,115348043,44,0,-3.914228430419294,-4.407717797828082,-7161240.085945803,-13603.303317483027,BENIGN
6,5070423,7,24,401.6880672693037,6.1517160104681485,4088678.079194703,2207.123584461664,DrDoS_NTP
17,23050,200,0,443.6766395382422,487.6830181271764,5583618.5948579665,12085.402451574399,DrDoS_DNS
0,79982942,34,0,4.021542715982246,3.1588657641502795,5628042.347530051,15948.033938118731,BENIGN
6,93753,5,0,-4.070507396949883,1.1828656721992876,-972902.5468468701,23365.312255084427,TFTP
17,-6003,192,0,437.6853757587315,440.39737605677834,1595493.5891824593,8186.084824996793,DrDoS_NetBIOS
0,107749570,228,3,-0.9510923394874494,-0.40835131260002294,2746319.715358137,14192.05475042418,BENIGN
17,22386,3,0,1470.4729737726077,1470.5600480836442,187924528.4003034,13177.72877698197,DrDoS_DNS
0,109633551,50,3,2.69879289074778,5.268550149742887,479893.9334322938,-3710.6369134459383,DrDoS_NTP
6,53516,1,2,-5.712114876277377,-2.951665917409796,554029.035101314,15265.064282819994,BENIGN
17,-26007,2,0,1469.8755057813987,1474.4175146760626,2916978993.526149,1999298.6987784675,DrDoS_SNMP
17,-93295,2,0,384.6527759446297,383.76415797334903,736112557.9618613,2001788.1823395486,UDP-lag
6,124429652,38,11,-3.8550339466860715,-2.513990207133633,-5775178.953852026,-5231.531013179256,Syn
6,36886,2,2,5.793708130369931,2.8183535476455437,893524.4168637982,29524.507542892683,DrDoS_NTP
6,116326649,10,0,0.08922876777837191,-2.2660216072005435,-5940141.583775235,4150.101191066563,Syn
17,-77680,2,0,1466.722230976559,1471.8164851807016,2910742910.764055,2000193.8595587201,DrDoS_MSSQL
17,-20043,2,0,220.8135432538681,229.11315842802225,471673295.2695209,2004534.6721531025,DrDoS_SNMP
6,1260927,21,17,812.2877610042358,-0.1270497392789418,61176.32918632985,-3011.4991826736405,BENIGN
17,-42257,2,0,391.6328104851231,390.44531890340136,778661732.2284925,1997165.5259150951,UDP-lag
6,115073145,2,2,2.556149415258722,3.780335965271951,-372969.29468789184,15329.19427991446,BENIGN
17,-81042,3,0,384.6315362329528,391.2262335729215,770359309.4293756,2003410.2571324718,UDP-lag
6,11363680,5,0,2.773336760215021,2.1305787910472382,1674345.8743210866,2026.8993552733064,TFTP
6,110270877,9,0,-2.62830418033425,-1.9225098124794313,-5218733.060421987,-10386.743968614472,Syn
17,-53,2,0,1467.3721331088689,1466.1927257734367,2917925959.8869224,1997310.2534223995,DrDoS_LDAP
17,117810,3,0,389.176324654935,332.6983489316544,-712057.5792842524,665505.4308305026,DrDoS_UDP
6,159716,2,2,-6.31745995944783,-0.4965867841284407,-4117172.4858066915,16069.975128458536,BENIGN
6,150568,2,0,0.744779296397527,4.236401770224947,2318788.4390115086,2001765.5637305523,TFTP
6,1814719,5,25,874.0530951439192,0.5292316731008936,-243842.48915326828,3984.0692921760174,BENIGN
17,-29111,4,0,1474.4412448850464,1471.6908483258424,1304216474.6676135,997577.44034691,DrDoS_DNS
17,-21762,1,0,232.6299620407859,231.47456229771333,461876083.4746064,2001677.7184245875,DrDoS_SNMP
17,70644,3,0,1468.7864085428778,1471.114660147729,1591248727.1935096,18821.550560299165,DrDoS_LDAP
6,109446009,15,0,1.1230557053596024,-0.965869556676811,7677783.5915158475,6630.215530884441,Syn
17,-21616,2,0,1480.1602486811641,1473.405458416756,2911757268.8776364,2001269.567729764,DrDoS_MSSQL
17,-24215,1,0,1473.4336886598612,1475.544817116676,2950797592.754924,2000605.3335611108,DrDoS_MSSQL
17,-16801,2,0,226.38156137845786,237.10929777434967,453630866.6289372,2000304.4754503313,DrDoS_SNMP
6,126804,4,0,6.029849205608116,1.2423252888958016,2874024.4153715386,21783.36583906388,Syn
17,-26867,3,0,383.19796035798515,327.7445329740577,7204540.802731552,2004010.8309766164,UDP-lag
17,-14391,3,0,1476.934042338131,1471.778750367413,1476658739.3442924,1000353.5452159252,DrDoS_SSDP
6,114344256,25,0,3.954613515477049,1.8513256504501319,-3371518.9154359186,3849.39982123747,Syn
6,15785,11,0,-1.8397426146888456,0.14828138031727,-1388284.5915874613,13242.25207500151,BENIGN
17,36722,3,0,228.23720322641992,230.39233742321278,251372733.35484806,1013412.2077952306,DrDoS_SNMP
17,7290,3,2,34.410366157939215,1472.7000273063677,1471604982.328483,8642.633852141123,BENIGN
0,122197688,51,37,446.63440064722977,-2.533340839658845,-5769625.28015741,-29035.33661223463,DrDoS_DNS
0,114510570,243,36,962.4701652360382,-6.543704321309891,-3416117.411538413,-23642.491353375557,BENIGN
17,12236,4,0,1467.9219855254034,1471.7511698031824,1250985289.6123414,995535.9943196556,DrDoS_SSDP
17,4983,200,0,436.2655773274373,421.8393962580684,142443064.2770535,650445.2709911308,DrDoS_DNS
6,111667,2,0,2.893655465911002,2.3033704757650315,-223144.92166924104,17091.788835371535,DrDoS_NTP
0,91696933,36,0,3.116112060900371,0.3251538431339684,-5841674.3317965735,-9434.015503931252,BENIGN
17,-56990,3,0,394.2668442429942,388.56412526481984,793117466.282922,1999929.803686061,DrDoS_UDP
17,-1771,2,0,233.46034661381074,230.2702063375446,435854246.5652013,1995870.422161494,DrDoS_SNMP
6,62219,2,0,2.449785843055764,-0.17885403254891752,-3490577.976201861,1998096.4708755142,TFTP
17,-15824,2,0,1476.7506093217758,1472.8388526954257,2938483284.9789205,2001419.7258779574,DrDoS_LDAP
0,-61338,8,2,2.6773290698946113,3.3513015544778355,3209735.4006723133,6246.356138148154,DrDoS_NTP
17,-9189,4,0,1475.407455513819,1477.9494966547315,2929878498.694168,1993359.5010836623,DrDoS_MSSQL
17,92800,3,0,1471.4278997714857,1473.126556272336,1310731650.8898103,1000008.3823108182,DrDoS_SSDP
6,105645,3,0,4.5098906587189695,6.626517836516645,554768.5407092728,2009585.5175797124,TFTP
17,166433,212,0,388.4882785832996,320.82628678628015,2689089.899783219,4493.734735443897,DrDoS_DNS
17,41169,4,0,1480.1415758729258,1474.1733600519037,2915845125.206741,1996652.5965235953,DrDoS_MSSQL
17,36780,1,0,383.67535661857937,322.9547956282455,463526577.2557338,22988.130315058457,DrDoS_UDP
6,58791,0,0,4.6843635377768695,5.6207674273506605,6508379.081360946,1999404.3270112516,TFTP
17,-12981,1,0,441.53233311149575,437.63394557993746,915641623.9096504,1999257.3819364223,DrDoS_NetBIOS
17,24716,207,29,747.8431096521475,51.047377175520154,5632494.1444476545,9596.542327887268,BENIGN
6,32593,3,0,-1.273485219692322,2.7269256157037773,-3835767.383381199,27862.544891090365,TFTP
6,109741758,2,0,-0.08818107261283555,-5.875211144746315,-1182959.1818933694,1995019.026710933,Syn
17,-27027,2,0,224.8087893603767,220.2312953348105,429482147.88992226,2002725.1715806024,DrDoS_SNMP
17,109799,3,0,1469.8891958454667,1475.4413091553454,1468496948.6025188,999762.1944850776,DrDoS_LDAP
17,-7219,3,0,1469.0362464925158,1471.1249735990393,2937829709.829371,1996866.9968138686,DrDoS_MSSQL
0,116251253,43,41,1.9089681553689908,2.128759523509526,-1527351.3725007877,-17500.00875597823,BENIGN
6,89991,2,0,2.1175518314260775,-0.535032311509786,-2082520.6457234032,1999372.2352501093,TFTP
17,78713,2,0,387.30317730536217,225.31845585357715,413839.0377754634,6013.817976882346,BENIGN
17,7852,2,0,385.6599494579861,49.209552005274986,2241824.963262248,4451.066494115567,BENIGN
0,83031968,218,0,-3.5430054365927317,3.3178172936121983,139535.73920571408,-11361.654374458201,BENIGN
6,12582648,3,0,-2.175543743919278,-2.291181059165511,-3040320.2564591337,16453.2465911776,TFTP
6,117919,5,2,0.5867633350655693,2.2101026933316588,-6448547.797112206,30852.8066266313,TFTP
17,15261,3,0,543.1522765381177,562.611791599159,1198485840.9639726,1997846.0543254404,DrDoS_NetBIOS
17,14090,2,0,565.7848671054688,594.7442857342119,934712773.1736959,2002881.8119186256,DrDoS_NetBIOS
17,109845,3,0,393.21980473075297,336.11304510026514,-249512.52425661497,13585.092375883114,UDP-lag
6,86858,2,0,0.3266065438751818,4.433115937775315,318532.4005544472,25477.160342146315,BENIGN
17,-101448,2,0,1472.0195389851408,1477.2657236383827,2923925410.422459,1996940.297067061,DrDoS_MSSQL
17,-43508,1,0,384.66430498588676,392.85655577432766,757075948.9344085,2001400.8485002378,UDP-lag
17,-38342,1,0,1467.4084962488896,1478.35002814903,2924041401.1976185,658236.4954842284,DrDoS_MSSQL
6,73553,1,2,2.4533875198745205,6.275684707227709,1290944.267988767,22497.387786342864,TFTP
6,-2007,3,0,2.782195803546269,1.589907639402023,-693964.9236595489,2002469.2702790594,TFTP
6,-58460,2,2,-1.6852089492979907,-0.0576751698324182,2016675.9716592696,13441.964624917848,BENIGN
17,-35809,2,0,1470.3737355927456,1474.823945803264,799119800.7764798,390565.8116831812,DrDoS_LDAP
17,146627,156,0,1470.4256764811673,481.5972326007815,6093935.443736662,16364.528644620332,DrDoS_DNS
17,-12169,0,1,37.54915858958307,1.5372210318080435,4887438.3522942765,9033.36900846166,BENIGN
17,101235,3,0,1471.7336497036952,1472.0446832009661,2946223526.9801817,1997489.4560686487,DrDoS_LDAP
17,-51603,2,0,1468.8780224579514,1474.8682905476894,184057475.17059726,997969.7899572018,DrDoS_SSDP
0,78382816,6,0,-1.8554510525089307,3.5484298156490133,-1012076.4807601662,10065.06357993546,DrDoS_NTP
0,27415,201,0,42.41653677140885,1472.8250708309006,-1796600.1301084065,2690.2224454189964,DrDoS_LDAP
17,49729,1,0,439.57698494204607,585.0341568684127,114793513.32866342,1000668.1583752474,DrDoS_NetBIOS
17,19988,195,0,437.28468744174097,435.993360012382,-1370839.506663012,-1456.262577494359,DrDoS_DNS
17,22303,3,0,1466.3654018013056,1384.862198196086,1461645236.9317656,997351.3555576209,DrDoS_SSDP
6,114726798,5,7,2.465460206699495,4.2743970178246045,-3329229.3947380204,3086.0108111471172,BENIGN
17,64567,1,0,440.7604829719151,431.28046912224954,936450834.3641332,655178.4727213116,DrDoS_DNS
6,89502236,2,0,897.7917890011363,0.8404158361719504,-1888620.6647780489,15501.758092847009,Syn
6,-26633,8,0,1.2471901731353834,-3.04639508956963,-5707122.964072752,1993082.7481412336,TFTP
6,44614,2,1,49.300296645933635,5.29762080559185,-949887.6828425124,11725.825492604348,BENIGN
6,55111,4,0,-2.78955700652923,-2.730276329294093,-9464949.029551744,1996091.3878688223,Syn
0,93128009,45,0,1.8261141884650045,0.2313918208197986,-441590.8519139793,-6827.213507323151,BENIGN
0,106990361,42,0,3.8384865397746974,-0.19334410010704145,2767003.3248415785,-11507.116808227605,DrDoS_DNS
17,17910,145,0,28.82738912653109,531.8495348396109,-2104691.5875384966,12890.366430377562,DrDoS_DNS
6,-102508,1,0,5.3073937247771905,1.6039192086126368,9566370.86077674,16805.267090083496,BENIGN
0,-99534,204,3,2.2966317573958026,36.204989448753565,-855433.6244553549,-3876.5036374986394,BENIGN
17,119472,6,0,390.7539199799491,325.1648709529968,5505228.853029617,4015.375699291404,DrDoS_UDP
17,21544,2,0,1471.251409308169,1475.4695773269145,2923345347.6778846,1997205.3799033735,DrDoS_MSSQL
6,153108,2,0,-0.8130174713589552,2.569491470455794,38752.13018753077,2005679.357770056,TFTP
6,-51697,1,0,-4.719428137479472,0.25591748932945224,-1647954.9397161666,1995315.4934260484,TFTP
6,109092257,25,0,0.47705270259830207,-1.9659382959408032,-1038141.7047386959,6523.0904079923475,TFTP
17,52757,2,0,1475.1885206790698,1479.9069070161117,2942442351.276047,2003163.5018073171,DrDoS_MSSQL
17,5992,3,0,1472.940144892853,397.65616100465115,1288579899.6173136,997104.219363413,DrDoS_SSDP
17,23890,4,0,1383.8587681697309,1390.2295095917211,1229016899.3008428,1000156.2647043156,DrDoS_SSDP
17,-11588,5,0,1474.2124614001052,1470.9975185641028,2924364088.2546253,1996294.8111837436,DrDoS_MSSQL
17,12277,1,0,385.3328801340061,395.3550759816899,796038098.9434726,1992368.2277221233,DrDoS_UDP
17,-12256,3,0,1477.4792816622255,1475.9671959910029,1473002906.3701208,1002641.9654676579,DrDoS_SSDP
17,42598,4,0,231.38556366744336,229.68671424275274,437723676.3975686,1996501.920975188,DrDoS_SNMP
17,-6584,1,0,1473.6587127478533,1478.2363669633917,1461469767.9419055,999461.6195541262,DrDoS_MSSQL
17,-14249,3,0,1469.1849744057868,1480.4814890996834,1459521964.2638905,272592.2215477326,DrDoS_MSSQL
6,113748659,35,2,-1.15636948657363,3.519185200641334,2489694.1574245244,7373.462451308216,BENIGN
6,6303418,7,8,396.4390728957306,333.05382674065504,5656023.307088981,-10119.69668322886,DrDoS_NTP
0,113340448,241,3,-4.894532055732201,38.53872397971935,4430709.488741505,-9736.179190856223,BENIGN
17,79500,1,0,385.1075236124919,389.7628233027745,776171503.656553,11726.362455210941,DrDoS_UDP
17,-72447,2,0,230.4992540482368,225.3430860372184,434873627.25628686,1997300.6931135692,DrDoS_SNMP
6,63018,7,2,-3.095081350532594,-5.262257860094989,-3842994.943453759,10642.901824252018,Syn
6,137868,3,2,0.8027683909846699,7.106364920812062,3187955.148662078,22813.5197202192,BENIGN
17,-69949,1,0,1465.844015589692,1466.0459897525386,2944586379.085655,1995386.7848883711,DrDoS_LDAP
6,163508,1,2,4.264312613016072,8.348879499364097,3872659.498936452,29993.48626535196,BENIGN
17,-89342,3,0,585.3599717314223,1354.1715787038013,2609226419.4436035,1998628.3210620321,DrDoS_MSSQL
6,11112463,4,0,2.9385113907219065,0.8127406713986752,901833.7890875288,7696.710186502992,TFTP
6,146169,2,0,0.050319771982128586,0.7322319964975815,-4376105.744135232,1995615.2397576582,TFTP
6,-24039,1,1,-3.730416074269594,-1.4940520563774704,1899639.61307437,17455.00599365253,DrDoS_NTP
6,47174,2,0,1.8928099626731136,3.208805100704646,-2747667.689792373,1999997.2969500197,TFTP
17,-69,3,0,228.2859564498146,232.1377564360356,444362879.4583158,1998517.4938331759,DrDoS_SNMP
17,-41393,3,0,1471.2273766397698,1478.887965753454,1460316800.3891125,999426.2063195978,DrDoS_SSDP
17,30306,1,0,374.7522244408191,552.3332118644009,175786811.03830528,2000683.557039669,DrDoS_NetBIOS
6,-45253,8,0,-0.6327818123827131,-0.8078868646414533,-1998821.2267876,5327.4914028949115,Syn
6,11558089,11,0,-1.2486336253908195,-1.0134555755026502,-2324384.0746047813,3656.762645231709,BENIGN
17,26537,2,0,1476.8657697211338,1473.0306979243476,1468792659.8430557,995318.6921228643,DrDoS_SSDP
0,115891669,41,0,-3.88664047361385,-1.709652190735845,399569.3308785104,640.1364644195473,BENIGN
17,-67231,0,0,395.66432067165914,389.97481318267717,766995420.9243368,1999300.1009510837,UDP-lag
17,71582,213,0,430.05846885794625,429.8627482660474,-2759990.7253480125,-12446.52963982926,DrDoS_DNS
17,4010,0,0,1464.5651903917524,1465.8508216981172,2936917811.833888,2000085.6396465567,DrDoS_LDAP
17,22168,4,0,1465.1580553627755,1468.6518681459347,141654362.32626545,9725.813981862091,DrDoS_DNS
17,-73276,2,0,568.5856314406475,573.3468368117706,979557508.4503357,2002226.6137015144,DrDoS_NetBIOS
0,-232588,4,0,1.0868424346710344,1.1138596593546102,4586109.546148004,21240.731844683014,BENIGN
17,1432,2,0,452.634560098599,448.0540982867285,946714267.8712406,1999685.686567735,DrDoS_NetBIOS
17,178465,3,2,34.06689896017617,42.5270485784376,221210.17436422477,17037.647873225837,BENIGN
6,143956,3,2,-1.823565020326717,-0.51352760646296,-6961552.634796019,11852.684965877994,Syn
0,111609839,8,2,0.9983154205551195,1.0346836753876203,1909623.3749693334,-712.1996009661325,DrDoS_NTP
17,9552,3,0,1468.7575168571598,1474.9099065289063,2935499204.154503,2000163.8152227576,DrDoS_MSSQL
17,28057,2,0,392.4915873246145,1481.1969468045413,2011830.7336001538,353283.2479598019,DrDoS_MSSQL
17,-27698,0,0,1469.7592716077945,1479.9286867626308,2929058243.714006,1995792.9262769863,DrDoS_MSSQL
17,34867,0,0,442.1975513161912,435.3505344637719,908372145.0012866,2002581.7690095026,DrDoS_NetBIOS
17,-86874,198,0,442.92920621640883,441.9676621822696,-3970543.152806747,1137.1573695764018,DrDoS_DNS
17,-54563,1,0,1338.8452378308953,450.0098652643564,462665520.8677172,1999987.5709698116,DrDoS_SNMP
17,33841,5,0,1471.859072075392,1472.9594045937372,2936361507.720607,2002541.9369231255,DrDoS_LDAP
17,-1210,1,0,1476.2080849018655,1474.1168772885578,2933472302.57192,2000366.6724057344,DrDoS_LDAP
6,-18506,3,0,3.8399753751386694,0.4249832444135546,4080355.3529223353,2001607.9054694492,TFTP
17,27870,3,0,225.30736921191712,217.79249799346562,419049126.99163353,1996679.8574338623,DrDoS_SNMP
6,101729,3,0,-4.625266515702889,-0.34399657702591907,-3420346.685715908,1997445.7741433305,Syn
17,235943,6,0,404.52879338723966,334.4708518931607,3699913.9415712208,-25059.622157947862,DrDoS_UDP
17,80694,4,0,394.3835107530019,327.77133907068236,-626619.8524293413,5364.490277804731,UDP-lag
17,96536,2,0,229.1175710332811,980.4056541548065,447807608.93595666,1999903.8808913876,DrDoS_SNMP
0,103223135,35,0,2.579328585929348,2.7445486080344175,-1961082.0142806706,2735.9712552265537,BENIGN
6,104448699,20,0,1.530043063821839,4.306839736958797,-800303.5484877902,16836.57118706129,TFTP
6,46240,3,2,63.25302769990361,62.077881324791186,5022133.863216456,8525.695986675271,BENIGN
17,119423,3,0,382.80537837038156,329.67139634386126,2749961.679818677,11370.431904046613,DrDoS_UDP
17,-46241,2,0,935.7831667941473,579.1313049827531,1073516956.2586163,1002564.105754342,DrDoS_NetBIOS
17,66993,3,0,388.00656017943686,396.3004693271231,789595603.2970992,2001225.1582748124,UDP-lag
6,11404556,5,0,3.147749630494152,-0.9156346444780877,98823.06993937842,-1842.4840859186916,TFTP
6,-44739,3,0,1.9625266975769902,1.2510593223314137,-6151964.442742014,1996402.497164589,TFTP
17,-87322,0,0,387.64012923558244,391.7042455867034,781089887.9810625,1999549.221488346,DrDoS_UDP
6,67545,3,0,3.0560869433307585,-0.9864815037637531,5202810.249145299,2004116.8810142558,TFTP
17,-10239,1,0,394.74826250367505,396.2884038746071,786689055.5675637,667959.4962855572,DrDoS_UDP
17,-27628,2,0,225.92468321426045,222.36512880096598,455674859.25919473,2003690.9472637784,DrDoS_SNMP
6,10494,0,0,-1.9182978999139912,3.3912860449763924,4645446.348753656,2002318.9523758197,TFTP
6,93831,3,2,0.7267605445383415,-2.449418382259523,-4047208.5447165743,19928.18674425455,TFTP
17,27398,2,0,1467.357126025615,1474.3078854430148,1464083077.7302525,999938.1410231743,DrDoS_SSDP
17,-31221,1,0,222.11830099675,231.3905129651975,468616314.9246764,2002793.9680298425,DrDoS_SNMP
17,75034,2,0,1411.5922654018705,1352.2794305867499,2522221634.8333855,1997679.3226218934,DrDoS_NetBIOS
17,-45790,0,0,1466.4640713304714,1471.0517935616178,1457314058.677536,996014.1776648329,DrDoS_LDAP
17,30518,3,0,222.34110060240323,228.9856784127795,439324804.3385705,2003282.2575245088,DrDoS_SNMP
17,104951,3,0,435.9721737269689,442.26170067115095,165982633.3303645,4753.256747622847,DrDoS_DNS
17,19412,3,0,1467.4676249857125,1465.0167482871257,972017702.4590427,676766.4277926343,DrDoS_DNS
0,114778466,49,34,10.942177940607966,2.48604109306352,2853444.417200138,-18739.36754241632,DrDoS_DNS
6,117001891,17,0,-1.6460478985735476,-1.9036682207494429,-4034860.008967557,20731.86744162524,Syn
6,72707,3,0,-7.817442065722811,0.5147520906765409,-622899.7768501388,15687.332023164556,TFTP
6,-74518,1,0,-2.205164510306219,-2.649868466602662,2797579.5330286575,1996782.65826,BENIGN
17,85785,2,0,1475.1661844480764,1474.3424160090335,123702312.54335544,328795.0381230933,DrDoS_LDAP
6,6264635,45,34,1050.4231701997521,6.685189878574114,4854492.907719303,-6631.711183168638,BENIGN
17,19916,2,0,384.9612921845727,551.1871384839992,-7511115.623398731,-465.1996896058172,DrDoS_UDP
17,-63777,2,0,1468.015423813498,1473.6037453714002,979445892.8831729,672829.9669194545,DrDoS_LDAP
17,45717,3,0,1477.901313719164,1478.2676376528477,2924087558.590201,2002575.7792259522,DrDoS_LDAP
17,-23903,4,0,215.74008761338158,225.55477730686593,434928424.5700927,2002377.229985953,DrDoS_SNMP
17,75377,6,0,383.76344640257616,326.9178546350005,4077655.553501337,-7432.184254492524,DrDoS_UDP
17,-155224,-1,0,392.39166204380524,388.9320307899175,764399330.5659977,2002272.0191776443,DrDoS_UDP
17,-67142,3,0,1467.6440330364064,1468.442413610745,2938708533.4901986,2002249.5241211392,DrDoS_MSSQL
17,116212,192,0,446.02083198916415,438.64936341942945,168461355.826574,11740.382680258132,DrDoS_DNS
17,6921,2,0,390.50968487990934,395.53590351302813,771591556.3612238,1997107.4085753467,UDP-lag
0,108677100,45,0,9.751058235014913,3.9678668155544004,5542248.96008329,-6545.760203912447,BENIGN
6,-93955,2,0,-2.140279275340614,-1.6794545628306734,924356.0967250606,1998806.6087241385,Syn
17,29954,1,0,1467.1045153282748,1474.6863654856163,420999460.9579165,1997036.2243035065,DrDoS_SNMP
17,-34531,3,0,1470.54781601743,1475.3374079827497,1459653863.1232436,425069.69416329724,DrDoS_LDAP
6,3921713,5,17,556.8611816706184,3.0739898512092947,1146576.3911185875,4998.083974577677,DrDoS_NTP
17,-16801,2,0,843.9237755242917,736.6567537612777,2940856074.915891,2000712.6885655744,DrDoS_MSSQL
17,3660,1,0,231.93643958197777,231.6325930054743,449673083.66625154,1998837.0995206998,DrDoS_SNMP
17,-10860,2,0,1469.921789804063,1464.6650358891145,121677885.16184004,656291.6308206135,DrDoS_DNS
17,-96427,2,0,1475.0918903497186,1471.5482693868455,1461134333.0040088,998804.7388771168,DrDoS_LDAP
17,42811,2,0,1473.4500805341831,1473.9102209067999,2938978343.600465,2000330.0306856032,DrDoS_MSSQL
6,114069280,27,8,559.0617723912737,0.49820021424093724,3686552.6455104696,9489.40670108831,Syn
6,85917674,3,1,992.1358410513963,47.75213429879893,3939608.2434769496,1961.0090333335684,BENIGN
17,10687,1,0,1469.1192237373612,1470.717510200772,1463316173.1616855,998347.1490623372,DrDoS_SSDP
6,6453,3,4,-2.1974860583663736,2.5135782081863516,4225330.662852863,20402.67167966489,DrDoS_NTP
6,-49047,1,0,2.3914826233659685,-0.3095255793101061,616388.2145741951,2002435.7456826388,BENIGN
17,-88939,2,0,393.36925037856724,1472.2055983966548,782689033.7276268,1996362.8405510932,DrDoS_MSSQL
17,-85727,2,0,231.1577487811197,233.65793456276853,425918592.76180536,1998096.0490706586,DrDoS_SNMP
17,62739,2,0,1474.9700284479493,1484.1274440808165,2936470623.1850276,2004693.2671714153,DrDoS_LDAP
6,16709,3,0,2.4672199378285034,4.7343928390388115,5821890.254396297,2000943.0078664336,TFTP
6,13016315,17,0,-2.5046663345843,-0.058224090100811074,-1515355.5446896504,11147.27376770682,BENIGN
6,112258152,27,29,3.332985583905053,0.755266258473012,-8162649.322127142,-8538.406346284504,Syn
6,4471640,5,7,1157.9052978666043,4.54995053845086,6764269.495561784,4420.343396742216,BENIGN
0,114429641,50,27,1032.452965523643,-0.35786843667045243,-7809968.226556468,-37961.22313968382,BENIGN
0,113031921,42,0,0.6023503912111688,1.6266303956746637,-5422421.626124307,-6696.435463158701,DrDoS_DNS
6,76528,2,0,3.772110044236839,-1.4385639538330823,397414.027691902,1999290.6078939743,TFTP
17,-27233,2,0,227.94381830727542,794.3930457761105,455925568.4385072,1999723.4213054804,DrDoS_SNMP
6,116752,2,2,28.6569383216194,5.186718079435254,-1377193.8864296952,16533.518097163316,BENIGN
17,17511,2,0,387.1068746413052,386.4198619691772,763906612.0900558,2000753.1102640226,DrDoS_UDP
17,-7983,0,0,448.47872031818804,448.1438654367986,912595176.1685209,1997686.0243460767,DrDoS_NetBIOS
17,-8310,2,0,382.2466029897667,554.5471322896478,411511.1385431499,1996352.5348046042,UDP-lag
17,149406,7,0,382.65192701247685,334.35983023786457,1612985.0777482789,4744.958155857189,UDP-lag
17,13803,4,0,385.7274230299144,329.6781054394278,2611034.344699664,5289.455276206185,UDP-lag
17,-75009,1,0,1479.1160621134425,1478.2951647836785,2945118057.576286,2003123.810150779,DrDoS_MSSQL
17,33446,2,0,221.9078938772502,232.11694267954155,468301351.014544,12804.770923543376,DrDoS_SNMP
17,11685,2,0,1473.438223908165,1468.2738823256827,1474100007.6775615,668489.171761138,DrDoS_DNS
6,11544,2,2,-5.394749210319087,-1.2435330513992682,-1957997.2961512099,18508.67014508388,TFTP
6,12243484,210,2,1.3167114362517764,-1.8666412572711348,2423851.2489015907,11314.569961586509,TFTP
6,122337277,4,2,-1.6268541939322148,-2.898027624850833,-9312269.97699021,12696.297546599022,Syn
17,-16608,3,0,1470.444974272781,1478.702853132899,2933953444.6708155,1997342.2263335176,DrDoS_MSSQL
17,-5919,148,0,1462.043752339859,1466.340625617699,140991978.5586413,999400.477108635,DrDoS_DNS
17,32527,1,0,1476.6690367247284,1478.3479031100421,1469476925.963688,1000187.5622823801,DrDoS_SSDP
6,111725931,20,0,-0.03155679430117274,-0.7604946133009263,-5310808.084978531,7586.947752782178,Syn
17,22656,2,0,1465.1663399357737,1471.4324003038514,-563640.6827285171,10958.447524618427,DrDoS_SSDP
6,14126842,4,2,-2.6400300623749797,-1.0395337354419538,-1780090.7680693816,9558.111961780069,TFTP
6,117778775,25,7,438.05247462181717,2.1387858565987514,-1625282.0467261614,9268.31216734457,BENIGN
6,-65525,0,0,1.3757564058944483,-4.639844826891729,-2361196.1537651084,1995508.9794617645,TFTP
17,34716,3,0,386.2352395350383,393.3270666059567,-2235283.4462884525,14140.596724324647,DrDoS_UDP
17,140484,5,0,382.3869848836392,388.7200483948769,776090742.6909566,19162.902266269783,UDP-lag
6,125852080,42,34,6.130498259537533,7.0004485812278086,-9993057.497561738,-20714.352682895846,Syn
17,124747,4,0,391.49379206394104,1475.8598399465336,932137055.5583436,676324.6875425287,DrDoS_UDP
17,52314,3,0,1477.2954843180457,1476.8516033717626,1467182105.2674794,997649.4220998241,DrDoS_SSDP
17,-147637,2,0,382.1651526010122,388.2238238530844,747574809.8826854,2001360.5134431352,UDP-lag
6,116291951,32,0,529.4077381464405,-4.464620591139022,2474332.3040875047,4343.249485014603,Syn
6,116439624,2,0,2.5454171410508954,-1.515366922405991,-1415323.6545299387,14959.096088047834,Syn
17,62550,157,0,440.2398696759369,539.665040699332,8476445.890188232,8793.34679550685,DrDoS_DNS
6,105722240,16,0,2.344836652322538,0.83113082140603,-686820.843167416,13326.877035279766,TFTP
17,-22208,1,0,387.7132721843796,393.5758631319116,771410081.2819457,1997342.825157271,DrDoS_UDP
17,-40368,3,0,1471.161161334659,1472.169530851831,2954986342.7288737,1999380.8776115982,DrDoS_LDAP
17,2522,3,0,1403.6466594967537,1398.5043500182821,1316927522.8582873,1001845.2627493384,DrDoS_SSDP
17,44461,4,0,1479.1136798814264,1480.1361430350635,928383229.9457655,1001704.4224407913,DrDoS_SSDP
17,101845,175,0,396.49534017195356,328.52434143786303,3527839.9787726374,-9685.86439409764,DrDoS_UDP
17,2120,3,0,232.8589247463773,232.16200743264957,458822929.98525804,1002889.084826033,DrDoS_SNMP
6,16033203,41,3,54.76247699156593,3.1285101122765036,-950304.0070522928,13838.636329507794,TFTP
17,17821,4,0,1472.1348819800792,1472.875670210953,2914243629.857468,1996263.5324340677,DrDoS_LDAP
17,-104161,-1,0,398.0050994726217,394.25862891355507,773203895.7645762,1995360.6974046847,DrDoS_UDP
17,42206,1,0,379.52545725492683,388.02125435819187,-2078745.274988034,18586.0597544233,DrDoS_UDP
17,27717,4,0,397.7216046669969,390.8759463242462,773786660.7936896,435972.33195072657,DrDoS_UDP
17,1262,1,0,1472.1054068230624,1469.467165206651,2926492735.13281,2000301.5513210231,DrDoS_MSSQL
17,54981,1,0,387.4656414346109,396.88182825134874,-273490.7587244804,5978.272178518034,DrDoS_UDP
17,17026,2,1,55.74465317391018,46.00516039288328,-2810974.2014492434,-933.11690384147,BENIGN
17,27548,5,0,1477.2212782799677,1471.1983343630409,920371703.1465759,639447.1053616555,DrDoS_DNS
6,15822,3,0,0.28551892284951996,1.5017361299561356,2428553.216137386,2001037.1546715407,TFTP
17,23849,171,0,439.5100321715493,439.8351129953352,5032644.506080647,7159.774435260536,DrDoS_DNS
6,-108404,3,0,914.3129476220078,-0.6173099031742816,6758021.679761112,1999115.374902951,DrDoS_UDP
17,124000,203,0,1466.0108178754103,438.835106289973,956274278.5257877,671494.5029545658,DrDoS_DNS
0,18085,7,0,-4.14151846551356,4.843152282125431,525885.1427278536,29800.61749805258,DrDoS_LDAP
17,-10030,1,0,441.30031079066316,453.1382416256615,947966377.67854,1997744.1934773803,DrDoS_NetBIOS
6,63505,3,1,31.635790503814444,1.0525806644593416,1297222.0968459873,4384.886249908006,BENIGN
17,25678,4,0,1472.963929801784,1473.2410944976946,1463547517.793026,1001511.7805299079,DrDoS_SSDP
17,160988,3,2,40.07706633472898,63.7841099676355,1938825.5924737486,-3987.2770451832494,BENIGN
17,163882,2,0,604.5287967593605,327.8954674338774,256951.11119113583,13708.068796631434,DrDoS_SNMP
6,-48232,2,0,943.7778671681585,2.3113958358848583,7255715.664494661,18509.605173274333,Syn
17,188821,5,0,389.2200671638771,335.18956577477024,-5835668.633621448,-11961.694132936977,UDP-lag
6,37722,2,0,5.48090137093908,1.2102456486418545,-3814833.06673339,1996509.3207258547,TFTP
17,-27707,5,0,1484.432399344173,1478.7373146014802,1462881275.3679323,999181.7269174937,DrDoS_SSDP
17,49376,5,0,1477.383290777129,1471.6290892704596,1254750469.0535276,996766.3109735089,DrDoS_SSDP
17,39682,1,0,1472.0606952951184,1470.479787530611,137024375.51582,10432.669413083302,DrDoS_LDAP
6,51569,2,0,1.7330080173325013,1.2693601135469983,669750.7916118114,32310.300155214896,Syn
6,107172,2,1,1.0446081600123591,0.972803514379297,-2878214.7218866013,10264.699498256357,BENIGN
6,25376,0,0,2.0527446881671345,0.3743373371032095,4007550.4218668323,16356.886131930863,BENIGN
17,14037,2,0,728.9910922858625,0.46872597757019524,2625250.031450119,1999099.3169441253,DrDoS_NetBIOS
6,139422,3,2,-0.7723419386929641,0.46886637876779086,-5980772.24978813,1998472.8185922082,TFTP
17,153626,7,0,391.8848085829001,333.56335677860693,2909424.454876451,-2844.52128243908,DrDoS_UDP
6,13740112,2,0,-3.080228162412956,1.051619351983666,-7688367.199145381,25262.65482615819,TFTP
17,63708,2,0,1464.9412463492274,1469.313532178186,2924302227.0357223,1999376.677793155,DrDoS_LDAP
6,2780619,22,27,500.5202117457207,-0.4434678791721698,4588271.157277185,299.6522151148092,BENIGN
6,12699099,4,0,-0.6125788573150618,4.705339003668299,-430994.0452384795,11565.067204686045,TFTP
0,110581043,226,0,1.7612061565415538,5.520937887744772,-700552.0262436911,-7777.869778586148,DrDoS_DNS
6,57454,2,2,36.909254306199514,5.298286542423169,-1339042.3760593084,29200.49803982687,TFTP
6,57274,4,0,0.6213171569875666,1.8048184661270394,-7498876.06742352,1994080.302452778,TFTP
17,44841,1,0,1465.8997583224198,1469.368913481533,1456009568.5943196,1002097.4471379091,DrDoS_LDAP
6,-6821,1,0,-3.31217508244923,1.611989165132567,-159625.818926526,2001730.8521799063,Syn
17,87178,3,0,387.3553146348198,326.83587911250476,1904911.174103301,-465.69983439453426,DrDoS_UDP
17,-9343,3,0,434.96889472465,445.578310674701,956531207.7894933,2001850.5402739276,DrDoS_NetBIOS
17,-23526,2,0,1473.412078926177,1473.936483203182,2928887746.300733,1999541.4280832089,DrDoS_MSSQL
6,13806094,5,0,-0.36873271347614284,-0.599515496888902,1599569.6105530425,14313.26131700966,BENIGN
6,55249,4,0,1474.9777921415143,1477.357212744594,2932452751.9125013,1997709.9517869384,DrDoS_MSSQL
17,55310,3,0,219.64166282947082,225.14823843588908,429743805.90735817,1997092.065649187,DrDoS_SNMP
17,6813702,203,31,389.8719009809855,333.7668645423975,-6783919.361417966,-13030.17435181604,DrDoS_UDP
17,24198,3,0,547.7689738788071,560.883887515105,904088755.4658728,2001985.423907195,DrDoS_NetBIOS
17,4263,2,0,231.89108567315452,225.9593048615108,436500587.96132255,1999822.1607943885,DrDoS_SNMP
17,-48919,1,0,441.05783067385386,445.887520537692,977498244.6026155,1003199.0836143233,DrDoS_NetBIOS
17,22603,3,0,383.02077976971884,385.0366494628049,769906530.5258592,2004735.0080729234,UDP-lag
0,116177397,47,3,4.210041787135816,1.7132136978394537,-7986478.954579716,-18395.847772315403,BENIGN
17,41639,5,0,225.0851109441927,229.08190642006878,430593721.3201111,1994898.9702784629,DrDoS_SNMP
6,9134362,44,37,593.8209308509807,4.084075960018075,1204148.1273785282,-9250.468141816484,BENIGN
0,73517122,31,0,6.210296342746499,3.006841173300929,-2244700.5334913637,13774.62472696493,BENIGN
17,-92942,1,0,382.2803770390974,378.069046475405,759042162.1457971,1998980.8003441638,DrDoS_UDP
17,-15283,2,2,42.74342283841754,331.57656803591914,5360705.567579598,6118.133972462298,BENIGN
17,26072,156,0,448.0940836251889,553.8801628647391,4308914.123014569,5125.336171241998,DrDoS_DNS
17,17745,2,0,534.1959918485063,538.2214435735667,1269150569.9839053,1999751.8992045654,DrDoS_NetBIOS
17,-14093,3,0,994.1295468607893,1410.3757348059078,1210266400.2557178,993089.4408789416,DrDoS_SSDP
17,29015,1,0,233.40462347410494,229.47742737998885,469532099.119523,2000477.4892956049,DrDoS_SNMP
17,-86870,2,0,218.84160346626055,225.1810460586221,434208233.9980993,1998302.9773339902,DrDoS_SNMP
6,48589,2,0,1.8542253839571674,4.958527927617449,-346321.4583964492,2002006.7238928876,TFTP
6,59217,3,0,-0.4905638396866325,-0.28542365959721544,-5691754.668581616,1999549.0873714082,Syn
17,121305,161,0,438.0341972516366,569.0243160227798,2899049.9025179707,1359.5993632626069,DrDoS_DNS
17,-104893,2,0,542.6363982327767,442.79767744478187,934425281.6557232,1999080.7564353864,DrDoS_NetBIOS
17,12101,2,0,229.74535336258631,231.94166726803974,8256839.8353563445,15592.040580088615,DrDoS_SNMP
6,133047,4,0,0.00969065552901141,1.385948382742072,-3471886.6028789543,1997699.554567802,TFTP
17,-116355,-1,0,1476.5563840288962,401.3722869263794,785168457.7896221,657405.8362399543,UDP-lag
17,35926,4,0,1473.6415881889804,1474.9568635078108,2940730912.9977865,1996179.6896361809,DrDoS_MSSQL
0,113000001,38,0,-2.2052707344289457,2.3388550456338124,-7111737.500022107,-315.0846387256788,BENIGN
6,61404,3,0,2.3153812851403908,-1.065067664374538,-4969719.645740536,1998870.0413977064,TFTP
17,47358,1,0,227.927620503104,1479.4268853612898,3878803.1665789066,1004425.419495669,DrDoS_SSDP
17,159316,180,0,441.7843547556421,517.0294338998254,6475436.052593767,12628.504248817691,DrDoS_DNS
17,-45203,198,0,441.03063304453855,583.0395091317228,1234115923.3205268,1000950.6740195783,DrDoS_NetBIOS
6,19030,1,4,-4.701233254868847,-0.5320001436164113,-1764300.779906702,17663.48724833454,DrDoS_NTP
17,-63749,0,0,439.57962199188023,452.85961347662686,989109484.2681429,1008118.0936268786,DrDoS_NetBIOS
6,81161,1,1,21.538917307425873,0.662456446763777,-4617253.288640412,4387.31131684544,BENIGN
17,170600,2,2,47.099566624519,47.81631841908533,1444122.5203885594,7326.097989022099,BENIGN
0,106932949,39,0,-1.4134587833843502,-6.460537678830433,-1579041.3381701305,4633.787404506718,BENIGN
17,-60169,2,2,26.92579712288768,36.58755644021244,2784972.7742688037,-41.14505783367349,BENIGN
17,29926,-1,0,821.364227481083,-2.6262737617777945,441295654.77819544,1996308.911112577,DrDoS_LDAP
17,-37822,0,0,449.07586533200623,448.1328040237347,888059337.6022066,674746.1144135582,DrDoS_NetBIOS
6,2177488,26,4,443.8894038104976,2.149360404492224,8099210.524202441,5632.219053780047,DrDoS_NTP
6,156702,2,2,38.474960733854125,55.50355281633277,-306702.3447913928,-11212.971608885236,BENIGN
17,-62501,2,0,389.26479745746985,386.52788164055573,762967436.1905897,2004456.4916409214,DrDoS_UDP
6,3028581,5,6,5.252332766038843,4.123996267112017,-1068701.1364827633,820.1470058806244,DrDoS_NTP
17,104748,3,2,50.985918018155076,51.54137405298492,4018209.77112188,-911.9075306072846,BENIGN
17,-8844,1,0,440.6408926986517,438.56225916010845,949833183.997342,2003636.8212234878,DrDoS_NetBIOS
17,115236,4,0,443.7456273570449,332.16736784914485,1121003.0860020488,1117.2763254577458,UDP-lag
17,-13155,1,0,1468.716151979575,1478.4161526399748,2929974140.9050655,2001092.2146346772,DrDoS_MSSQL
6,15169,2,0,-8.947245230336387,-5.990673548495605,-4806169.9949535495,11162.044643087884,DrDoS_LDAP
17,31456,5,0,230.43667846940758,233.7035475119789,710296843.2961295,1996639.6713096895,DrDoS_SNMP
6,-32060,2,0,1.6392002334441798,2.4223855416208124,3771155.039714939,2002134.512856092,TFTP
6,100668,4,2,38.815644655891006,51.87102295885294,-327854.08414063486,-8852.880756438422,BENIGN
17,-31567,1,0,584.9945571538407,620.2785563744887,1169546264.1779628,1000273.6610125203,DrDoS_NetBIOS
17,106334,4,0,389.6592259161541,392.38636112185895,2764406.3314633565,24443.707584509306,UDP-lag
17,139990,2,0,1468.4055803513459,1402.9789978208705,1464459902.3274858,998361.3592567131,DrDoS_SSDP
6,13279,3,2,2.8433088695509325,5.710907486080512,2444621.693254061,18633.08145004417,DrDoS_NTP
17,-2640,0,0,446.3586950103939,452.84408274615953,924787770.8448694,1005731.7995396199,DrDoS_NetBIOS
6,114044549,0,0,0.32043564687573023,0.7361095040941547,3171371.1650045374,16026.07962653434,BENIGN
17,-1672,2,0,394.90645791575247,395.7955769738028,794561438.9303588,2002042.142101943,UDP-lag
17,-156531,2,0,400.1618005008841,391.20036565717515,804345995.8755318,2002718.2240397837,DrDoS_UDP
17,-2135,2,0,1464.0960904029914,1470.8664510447754,2929375508.116169,2004237.6316081681,DrDoS_LDAP
6,14768,4,6,3.018184333183551,3.0373196589318128,501278.4627047671,27261.224161316703,BENIGN
17,64594,1,0,28.340097172199698,46.44008077127425,177548479.96229014,676086.7249500055,BENIGN
17,78467,1,0,1475.1379901940197,1479.3545473711163,2941760058.5223813,1999838.1761411324,DrDoS_MSSQL
6,114757014,20,0,-3.0591851151966165,-3.296013866967584,-4116673.218862661,-576.9133232904605,Syn
17,-8797,1,0,1465.4316995169681,1400.692352778632,434242108.71923304,1998328.690939335,DrDoS_LDAP
0,108899781,223,3,-3.5275418235486575,-1.5308966504578376,-857031.54709934,-8442.815162855975,DrDoS_MSSQL
17,15415,3,0,1471.4934378793748,1473.023780568171,2919217113.8985753,1996575.5716588043,DrDoS_MSSQL
6,12131260,27,0,606.4927414116229,-0.6313544493755424,-651400.2692962575,6313.836412285738,BENIGN
6,67306,1,0,1.3655524633107319,3.161347227365952,2965800.4166078414,2005778.6341937417,Syn
17,10008,4,0,1472.2229542747298,1474.712884847889,2960444304.7071958,2002661.7039928269,DrDoS_MSSQL
17,58635,1,0,1465.9947028441904,1479.7618943321497,1460575459.279968,13984.9301240432,DrDoS_MSSQL
17,10417,4,0,1471.3443123998402,1477.4554927235374,2920766152.311903,1998774.542923191,DrDoS_MSSQL
17,-15225,1,0,1468.7297718256418,1473.1189163209235,177773679.73312262,10814.96942684894,DrDoS_MSSQL
17,5716,3,0,226.70491650440334,231.5741151432537,8221999.055355673,36935.033905210716,DrDoS_SNMP
6,56780,3,0,5.944005563195193,0.7661264778475433,-5397451.836768673,2001682.3894559995,TFTP
17,71800,2,0,1374.4486622435427,1316.3663050098628,1151378156.8767688,999643.2806689483,DrDoS_SSDP
17,89118,2,0,1471.7723632042419,387.9405153031287,764810729.9428011,1997248.4936676004,DrDoS_MSSQL
17,-33260,197,0,437.6379289253092,495.9645787965818,910498765.5961256,993012.2828590802,DrDoS_DNS
17,78520,4,0,386.92245544682714,326.19431675545906,7032434.897585474,-8850.561378295832,DrDoS_UDP
17,155606,5,0,394.8095731627528,335.4419762227808,-4355420.524113261,5637.762228932583,DrDoS_UDP
17,47498,2,0,226.46225539681055,224.90633191881858,5634295.263369399,30048.520673211453,DrDoS_SNMP
6,-34672,0,2,-3.3717537191742313,0.35397299409872673,-3168696.8194622714,24451.506609020646,BENIGN
17,63593,4,0,661.4262524866261,448.26930679003664,5539358.31184659,15976.088249038668,DrDoS_NetBIOS
6,203,1,2,-7.28301346799306,1.402190325263062,-6219887.294669548,17481.919674136305,Syn
6,106531753,10,0,1.0151749834859871,-4.316074962141897,-4570917.021464986,12130.575459587093,Syn
17,59334,2,0,388.61627407304724,396.71535307014216,771715263.3584253,2000068.5484091635,DrDoS_UDP
6,12975,5,0,1471.1022729739818,1475.0959071686468,90107844.44717892,997006.3872416691,DrDoS_MSSQL
17,72694,2,2,50.178776680541944,43.566739480448405,5299949.075260517,3710.518391933905,BENIGN
17,-2517,4,0,228.91233919581,388.8929793966951,426201786.0262572,1996823.3339560882,UDP-lag
17,-55417,1,0,228.6756854249284,225.31561195087235,447666827.5212612,1010425.0500552243,DrDoS_SNMP
17,-43020,3,0,1474.1118723870607,1475.6598687418507,2937480229.671322,2000692.4227361358,DrDoS_MSSQL
6,18479,1,0,9.178594610765789,4.489833705823295,-227627.05039581005,16258.660236578406,BENIGN
17,-25163,-1,1,-0.1793994313039674,4.158253827342224,-791489.7421755816,3531.147758585873,BENIGN
6,107018,3,0,1.187203495117031,1.5513564307251475,-3563908.479664037,17821.41576208597,TFTP
17,-27171,1,0,220.00473181636062,227.32560112825723,2804907.617547744,29003.859127976986,DrDoS_SNMP
17,3211,3,0,1475.4813078718842,1479.5437068763351,2931104948.0323887,1999557.437696808,DrDoS_MSSQL
0,114031666,215,0,-0.9354296168434691,940.7360578971001,3056546.61266631,6600.125411211359,DrDoS_DNS
17,71984,5,0,1467.9476070379499,1471.111546975127,2933273447.3163548,1998293.8908792401,DrDoS_LDAP
6,124108,3,2,3.67212743754316,2.544482517508545,392130.8573644069,22622.50830354396,BENIGN
6,118015829,23,2,-3.233247649013298,-2.547537544793461,-6263677.300430419,3870.332555494986,Syn
6,-107379,2,0,0.20697047368021737,-1.1735356262753716,-5378240.796347032,1995076.9626514032,Syn
6,117419378,4,2,4.499835260142491,4.866989113311157,4118049.470350449,10543.072946081857,Syn
17,142153,4,0,226.9658063381701,229.36805909768145,-2081287.5100562659,23416.309697501514,DrDoS_SNMP
17,136875,7,0,382.04464490987675,321.82060661340887,2543289.1888565114,6912.885699271848,UDP-lag
17,28469,1,0,444.8102645752439,450.72733559409767,-1252753.74801484,14304.808234792523,DrDoS_NetBIOS
17,40275,4,0,390.04333934555575,328.38135962040525,1981777.5478004096,9397.192722244208,DrDoS_UDP
6,-24367,0,0,3.6229643428244303,3.0027272383871826,-1593663.6858991908,1992048.4455310404,TFTP
17,202767,3,0,385.76770859801644,404.4047271035875,-1010678.2648937928,14245.481880053883,UDP-lag
6,52015,2,2,-1.4578495532468758,5.481436322035422,3309156.7625179407,21635.842762562213,BENIGN
17,-12723,1,0,450.3702948121138,462.27961196834144,968596859.7549391,998721.1605425297,DrDoS_NetBIOS
6,114561,3,2,0.21464832689676866,-2.1639932326813733,1751578.8132980024,28248.47994245326,BENIGN
6,38844,2,0,-3.3261379766087535,-4.281998443377121,609207.6956478406,1998957.4292115998,Syn
17,-39354,3,0,1465.5102055442687,1473.255973723218,2926978093.917408,2001059.6041205567,DrDoS_MSSQL
17,7645,2,0,577.3283800803446,567.428577183859,942090105.3700464,2002205.0650648226,DrDoS_NetBIOS
17,-66105,3,0,867.8121518027297,395.38874290595464,776552476.9404312,1997461.1196461846,DrDoS_DNS
6,127360,4,0,-4.452243911197286,0.4261729059503048,-7606384.345858541,1997099.7413638125,TFTP
6,-24490,1,2,4.842021962777937,3.9116996968536006,3611734.675505098,21014.383408328365,BENIGN
6,-11536,2,0,-0.08605234604380753,1.9207342481672058,-2435503.448845201,1998638.4290472344,TFTP
17,30033,3,0,1476.4024034350414,1480.7146256104234,1475907596.3534355,999233.8281826196,DrDoS_SSDP
6,186677,4,2,-1.3935766833723324,-3.667401178279308,-6228368.390563947,20926.893877435752,Syn
17,28278,156,0,1476.339645233349,1465.1024168125875,188116019.35266018,14342.247768448058,DrDoS_DNS
17,29780,1,0,481.65164167084424,568.0870074641842,2695934746.327916,1998547.949586695,DrDoS_NetBIOS
6,107509663,3,0,-0.41913284630902486,1.088878150345886,3700291.0760101257,15309.842257304419,BENIGN
17,-57547,4,0,227.25038884925678,230.62457430995647,435774876.54953724,1997267.8817461287,DrDoS_SNMP
6,51764,2,2,-2.0407521227621883,-1.2608861414473973,1793681.8135024959,14955.56648657412,BENIGN
17,17254,2,0,502.6291214882666,390.840978442378,773753748.0570158,2001773.6883053235,UDP-lag
6,119445,3,0,13.143763586910111,5.078883762663431,2287621.2302900106,23277.82156912302,BENIGN
17,56026,3,0,1381.419038710095,1413.2337260887848,1459866512.8765352,1002194.5432932535,DrDoS_SSDP
6,43368,3,2,2.763060182643276,4.103178711808221,-404710.5932892526,31764.61793428109,DrDoS_NTP
6,115229635,40,30,742.4037893146917,-1.441548592808729,-208458.5550336477,-14168.240535247998,BENIGN
17,25590,3,0,380.1355803328818,391.19416264485943,773375399.5637612,1999978.1938679714,UDP-lag
0,78875152,28,0,4.956763416989106,2.194874627281503,2660263.2732849517,-1194.9721549885635,BENIGN
0,116670073,218,36,-0.48406325077887175,2.379061300861419,-6421459.61274459,-8257.553678647779,BENIGN
17,86565,2,0,1463.5284653499684,1465.0508502148034,122832699.37316824,18342.10518194393,DrDoS_LDAP
6,1825,3,0,3.4555721018650023,-1.4179454777446363,-6974562.028188155,1997490.682317462,Syn
17,153718,3,2,42.21489008087735,52.30048428409478,2790107.17109967,6408.015812878221,BENIGN
17,28546,208,0,435.52820355333404,450.26328455713036,938234355.1430198,659692.3450348605,DrDoS_DNS
6,92704,4,2,0.14642753245925097,5.057677123134417,-1282267.671830414,1004530.7622026245,Syn
6,116491486,30,0,535.8719813163632,-3.633123699061462,-277865.9208504064,12459.542951076612,Syn
17,6669,2,0,878.7221998512565,577.3802278921719,452586010.4624251,1998785.8779302149,DrDoS_NetBIOS
17,153460,7,0,387.994451112499,331.5641993799264,1569897.921067386,-8345.716614648521,DrDoS_UDP
17,8547,2,0,444.6760425170164,233.21358731442956,1211858377.6668513,2000195.0746633306,DrDoS_NetBIOS
17,136271,3,2,48.727159111436976,3.0390178632890956,-4944436.875064075,3260.3210880993875,BENIGN
17,15309,204,0,440.09759635120275,442.1362382126768,-4850729.838131345,1728.0264593484571,BENIGN
0,110412445,40,0,-0.013650102222141178,-5.13439964901575,-6175616.811580819,-24148.011832268592,BENIGN
17,10659,2,0,1418.1046584880428,1361.6178484915195,1469916139.925808,999790.3388112694,DrDoS_SSDP
17,-30942,4,0,1466.039475453162,1468.504340725149,2914164224.929902,1993669.9303898055,DrDoS_LDAP
6,-29562,2,0,3.3383232248116594,1.432827941472975,-1198858.149829854,20657.909541679066,BENIGN
6,120612,2,2,-1.435745234886581,-0.909329510262989,-5413609.296139083,22783.98461110265,Syn
6,97236,2,0,7.757282865848907,4.675366681645534,133068.75595353637,2001300.880620639,Syn
17,-75217,3,0,225.44638753491432,229.79615312607336,10425276.963669764,31033.729672441303,DrDoS_SNMP
6,43782,1,0,-2.205603715525987,-2.9341086577383653,-625782.9092403699,2002925.4812181417,TFTP
17,-33769,4,0,231.78421924214547,228.31986171653696,9767208.773282498,32818.361785459376,DrDoS_SNMP
17,-45574,0,0,392.1218805643165,389.34567107301297,753682470.7804793,2000679.668292644,DrDoS_UDP
6,114021783,30,0,796.6348893984446,-2.0663578802249822,-1158271.5052034224,-2202.1390120324795,Syn
0,107163791,38,0,-1.1039221748001833,-1.6659881099151186,229939.02476902166,-11884.135883553325,BENIGN
17,-47281,1,0,380.496760501866,390.40821698643595,791342981.7748828,1999457.54779442,UDP-lag
17,78758,1,0,1464.1981200361704,1466.8958794498528,2927593442.0225406,1000091.5530716927,DrDoS_LDAP
6,99265,2,0,0.8722567318986425,-2.85543042714027,-5371098.05797034,16739.856699228545,BENIGN
17,-58121,2,0,1466.12550689327,1474.3383114455762,2951648352.766588,1999924.573904531,DrDoS_MSSQL
6,63442,3,0,0.19335801453858492,3.809090794505791,1108979.9461416882,8363.031690859785,BENIGN
17,-723,4,0,233.93857543544644,241.40370930939224,452732879.6952437,2004504.6242902896,DrDoS_SNMP
6,13631727,40,8,2.7736857476867196,-0.38255976476063863,-2512020.134364173,10137.008149850139,TFTP
6,-35593,2,0,-3.0783331046618443,-0.4802905070356126,1014812.8655886897,2002335.2381144208,TFTP
17,71759,1,0,1382.6650626290254,1423.327977175489,2926287788.6691346,999711.8170701716,DrDoS_MSSQL
17,-10989,0,0,394.6949746677755,227.93000633557259,2532590.649830588,10890.32062853042,DrDoS_SNMP
17,7588655,206,0,446.9625112624529,331.17685189858986,2910392.388532458,-3842.226970974054,DrDoS_DNS
17,61775,2,0,386.0504104880713,332.2157000620083,5033208.462988931,4397.473034579224,UDP-lag
17,6699,2,0,1468.8111887344166,1472.1263174315511,901561679.5716134,1998701.2433141721,DrDoS_MSSQL
17,64426,203,0,448.81106566398705,444.32064761678475,-3228496.651895048,-4751.871369562343,DrDoS_DNS
6,155950,3,2,42.670233414811875,2.4317545481179446,-905189.064928124,12162.607538673637,BENIGN
17,-97426,2,0,393.2502759833336,386.87718306537573,780526547.335308,1998404.956194649,UDP-lag
6,93812,3,0,-4.185219263620018,-0.8620971641287878,3195350.204741667,16493.1334268449,BENIGN
6,-16729,0,0,0.8848222816766114,-1.432340376806262,678889.725389588,1997876.2278021,TFTP
0,-205012,6,0,1.5063121582671868,47.68264492175281,284827.72127453284,11759.830429194648,BENIGN
6,194637,4,3,0.14805072436201422,0.8671428571336005,2047437.6602002871,19691.70315674843,Syn
6,73516,2,0,-8.86991600915792,-0.4557874963743985,1934939.1616856414,11410.455326599047,Syn
17,62163,3,0,430.3126854497298,448.5377889058254,2935096.573242329,16957.282806667637,DrDoS_NetBIOS
17,3943,200,0,433.23995083576244,592.6739957453456,-280554.71492478903,16040.550328412015,DrDoS_DNS
17,-11757,4,0,1476.993353526645,1476.8858276838846,2926520767.8533435,1996213.6630927469,DrDoS_MSSQL
17,144294,1,1,25.7336870661926,43.59122113467761,751852.3550094016,6337.485002050109,BENIGN
17,-1085,2,0,1475.9620318175905,1471.2807107872081,2931759929.3211737,1996267.1892786066,DrDoS_LDAP
0,85328030,44,33,1032.119201906224,2.867534413415027,2812835.627668931,-19607.484907646838,BENIGN
17,1955,1,0,1467.596998486912,1469.3498764055455,2936192191.7810006,2005521.5857479,DrDoS_LDAP
17,143407,208,0,1471.370760160985,1477.1894523644169,2739726.036408334,7919.787323643457,DrDoS_MSSQL
17,70203,6,0,1433.6261531936575,1409.285653124156,1249461226.3614829,995812.8090804674,DrDoS_SSDP
17,-9615,1,0,216.3333985548177,221.86003290180858,428400468.41706747,1004276.5651804495,DrDoS_SNMP
6,35481,3,0,1.0830166686070735,0.32164392385512,-1514826.4827828312,1996799.6275955967,TFTP
17,5091,1,0,434.68591256661637,435.38325529552276,897660701.0437917,1997485.9862921156,DrDoS_NetBIOS
17,87991,3,0,387.43437502658577,394.2314059110765,749207851.1498505,2001997.9868378832,DrDoS_UDP
17,-8769,2,0,437.89358990823814,581.6672611855574,2743465673.6260276,2002192.6307111795,DrDoS_NetBIOS
6,118213345,32,6,-1.5190502905309138,-3.3009646206842604,-4619076.955101564,7777.549697569193,TFTP
17,-14345,4,0,1412.6768397422804,1388.5296324246938,2742471830.6282997,1000553.3009049727,DrDoS_SSDP
0,106332618,44,2,2.4619899761695923,0.9611796784814092,1454355.0559628338,1153.2214888583112,BENIGN
17,-8771,0,0,381.35348643082307,384.4075549194031,768542416.8558465,2002877.3333662772,UDP-lag
17,12308,2,0,385.1681659744714,390.2609870336759,790501714.7000033,2006961.0554985965,UDP-lag
17,-30934,2,0,402.4528304676435,392.5450393853718,773891930.7291301,2001078.0251657171,DrDoS_UDP
17,54705,3,0,1473.0231506277887,1468.6745221507094,2937968254.1326838,1996921.3632597367,DrDoS_LDAP
17,-12083,2,0,1477.45264313978,1475.5137566473902,1465419664.7021625,997287.0195275395,DrDoS_SSDP
17,25857,2,0,1474.4734214206492,1479.7778780919225,2903436523.213251,1999367.476868761,DrDoS_MSSQL
6,-18516,4,0,1475.1373118996416,1476.551820625868,2939052019.0611773,1997059.0661830632,DrDoS_MSSQL
6,-11258,2,0,-0.07582633406473026,-1.687427248294299,-3602321.970968496,1994853.397317204,TFTP
17,38686,172,0,433.68191240003097,622.9875780037896,105166843.9491994,5450.7681415302195,DrDoS_DNS
6,-374,1,0,-0.06021352523869229,-0.5645815763673023,690781.0695136482,1999486.803355947,TFTP
0,111861559,225,0,-2.9286667110314117,-1.6292013915599475,-935053.8177199599,-13692.09576597765,BENIGN
17,12572,2,0,379.2315792056598,319.39516284167945,-179327.80517646275,-216.74670169999627,DrDoS_UDP
6,120254466,41,7,677.1777549022033,1.9380409712385527,-3795152.822753596,-4243.135179140936,TFTP
6,-10798,1,0,3.5693502633467857,3.359161587000257,897596.5293231595,2004833.1157080785,TFTP
6,109259392,2,0,-1.2943427384751323,2.5287099991295845,-446257.9241483102,10980.151195105547,Syn
0,-195427,4,0,-3.133779914037768,-1.3620947389641727,-8462033.40299949,23340.78205906143,BENIGN
17,42225,4,0,1473.2345812014644,1472.963424688505,1464284469.2137513,998649.5436160968,DrDoS_SSDP
17,49906,3,0,234.66828220142668,238.808954149369,434365617.6504426,1997395.2428492464,DrDoS_SNMP
6,-16366,6,0,-2.5207541962400155,-0.009907480156468418,543500.1394671259,1997259.6767784958,Syn
6,46604,3,0,6.31045113922816,0.2973407532039221,420667.58692743094,1995471.3231360475,TFTP
6,-32092,1,0,1.4153980116398572,0.9474145514123091,578072.5634853812,2005168.4925683534,TFTP
17,58299,3,0,1476.1268317391668,1474.7622089995984,1467640955.6423888,996218.950695077,DrDoS_SSDP
17,35690,2,0,232.66007620118984,234.57611680947284,447745227.9146129,1998244.4443734526,DrDoS_SNMP
6,51532,1,0,-1.4660680990709969,0.28975358314689653,-770899.6781383737,15968.962629635462,TFTP
17,37200,3,0,396.7270319748417,1476.5879720538096,2576563785.437007,1998298.710843582,DrDoS_NetBIOS
17,7770,3,0,1469.68087867752,1477.6818887206948,2918461916.920515,1999714.344046308,DrDoS_MSSQL
17,-31129,2,0,397.45214369318535,582.1701627365202,2667480449.835124,2000320.7112976892,DrDoS_NetBIOS
6,-12880,2,0,2.6999358914108194,2.4863797158533862,-2951123.532677233,1994891.974553461,Syn
6,56976,2,0,3.1176976620747725,1.643542280146585,1189897.0423333184,2002576.0549322416,TFTP
17,98153,3,0,1476.8525865792326,1471.7389656146822,155854043.66582042,998790.9089170155,DrDoS_UDP
6,113247867,17,23,528.7529435838281,-4.448929740609382,-5104732.164329865,2130.2439379957295,Syn
6,199843,4,2,4.083817699274545,2.0441642469721693,-1676599.1727260102,27222.71070244798,TFTP
17,39712,197,0,437.20219570016616,434.1360733701484,1621233.1488492447,20553.670358174055,DrDoS_DNS
17,81434,6,0,389.41201096854104,324.95057828871506,-5234932.930640331,-3452.9803373727063,DrDoS_UDP
17,110681,3,0,1475.0593207084216,1474.6660441049278,2931125844.899404,1996089.5027592785,DrDoS_MSSQL
17,172460,6,0,389.78079082804953,330.1205581043655,-1826432.940552748,-9335.545889062814,DrDoS_UDP
17,-79528,1,0,1471.7921854005779,1471.7235243869077,2928166810.327005,1996096.5358463477,DrDoS_LDAP
6,16233,1,0,1474.4568813403007,1475.5909835740506,4833655.491806329,2005022.565609856,DrDoS_MSSQL
17,72117,1,2,40.82542825027417,41.20719204017481,-1734415.895383252,9001.33851759471,BENIGN
6,117915052,28,4,0.26086993954237936,-0.5907501463782794,-2113134.5673543727,-20803.76193812759,DrDoS_NTP
17,145864,5,0,385.3537473138301,322.3723530001325,-4174466.857134319,8548.560140343483,DrDoS_UDP
17,27608,3,0,1470.7467585246777,1472.8396760089602,2933226582.2767177,2003496.8322569856,DrDoS_MSSQL
17,185792,5,2,41.3839750389661,42.79812226084681,-10478468.441779789,2701.4595322019595,BENIGN
6,55130,1,0,-2.106198065882461,3.029917099158838,-1078653.4593235229,1998465.4278599715,TFTP
6,11616325,24,0,1.595900807308299,-0.15716592065687773,1203683.6380008613,6106.4617135104,Syn
17,77361,3,0,1470.5936252412241,1475.8967365142141,136736456.56217057,998665.5375068164,DrDoS_MSSQL
6,107800017,12,0,-0.3979495007936041,-3.1350221905272426,-1688189.9500970712,1230.9460681486016,Syn
6,33763,4,0,-5.444904457745751,-0.11294100967306579,-2461052.4952251455,1998373.8435129202,TFTP
17,91539,210,0,438.15445542454756,334.0281514366107,-916735.5524896339,398.98351130514675,DrDoS_DNS
17,-5971,157,0,435.8166167570815,440.45058865435897,157873236.32346877,7823.8374913537355,DrDoS_DNS
17,30095,2,0,604.0215108859495,596.1792129852035,1171375241.2056103,1994477.7709460768,DrDoS_NetBIOS
17,88444,4,0,517.8418257561758,447.565516611221,917052532.5678982,2001361.3757338799,DrDoS_NetBIOS
17,94071,1,2,1461.092977584592,1472.9709270306141,176424108.19924816,16674.017777850233,DrDoS_MSSQL
17,-65934,2,0,1473.9499039200393,1478.7818268193557,1462334953.1625814,995484.496814547,DrDoS_SSDP
6,12809475,2,2,0.8235995356274195,3.40988086258174,1381606.0040934202,10867.284225227988,BENIGN
17,-40161,2,0,519.2488405672815,583.6620272000655,778376637.4866759,1994550.5764739653,DrDoS_NetBIOS
17,44982,1,0,691.378644057601,661.0544267484987,155457435.25384608,2003358.3823499838,DrDoS_SNMP
17,238163,8,0,395.99576752489514,333.7438709491656,-883266.682892693,-2541.733858364212,UDP-lag
17,-46583,2,0,443.03088569023225,386.1825930891576,3520065.3724463508,2000592.7370045618,UDP-lag
6,11874466,4,0,-1.5303193845918355,-1.0234741623189048,-7338777.80070446,7391.7708692609685,TFTP
17,17373,2,0,449.13541107419934,590.6466299040698,1221630959.9812949,2001103.4470892681,DrDoS_NetBIOS
17,20788,1,0,1471.216500295895,1477.7839866258441,2938325030.2308397,2003665.5433770875,DrDoS_MSSQL
17,31770,3,0,1477.7273434417739,1479.314043975757,1460342311.1615038,990541.5306146574,DrDoS_SSDP
0,73157811,34,0,1.7853891209198651,1.6944263300202609,690046.7310501368,13490.149186049202,BENIGN
17,51710,5,0,384.62589765435814,326.8616906470172,1920629.7952774088,10090.839490583145,UDP-lag
6,8554,2,2,540.3807381618564,3.1423046751828925,3131576.2342767175,28286.490946395672,DrDoS_NTP
6,-48801,1,0,-1.38571427938434,1.102793444449577,7262891.687334288,2003762.8334271435,TFTP
6,14678938,3,0,-0.2594969671054837,0.6250758105938309,-2440222.0583124645,9335.709059953433,TFTP
6,3336327,8,11,61.26668168296844,6.676031570701788,2934765.4733630484,6100.615910333284,BENIGN
0,106188539,38,0,-1.6728211066568437,4.873236593123145,-4515437.190213512,-11884.311454010334,BENIGN
17,70420,3,0,1469.9389333563297,1464.8037103471172,2933453936.409127,407115.5868217631,DrDoS_LDAP
6,36652,2,1,3.5160451554041963,2.74254586448834,2749283.2404632806,12249.669694111686,DrDoS_NTP
17,226031,8,7,389.87850229836147,331.8201130506876,-3766007.9806842813,-738.2671935567578,DrDoS_UDP
17,-91066,1,0,439.87067562064556,565.7115611346784,952782302.7620913,999769.5769601249,DrDoS_NetBIOS
6,75080,1,0,-3.5280988938909026,0.07506536494137837,3128992.3936298164,2003228.7357190296,TFTP
6,8460,5,9,35.943388476364895,-0.03477291956430348,2857277.9015341,14659.908724643245,BENIGN
17,-8651,4,0,231.65191183326073,227.9457628656552,461899657.26192683,1997814.999232829,DrDoS_SNMP
6,76959,3,0,-2.4090124821521512,0.7999459310107306,1077568.9085974572,2001835.507452926,TFTP
17,-1808,4,0,1469.145386993296,1478.3817614399743,1463107892.323207,1000161.300346964,DrDoS_SSDP
17,48203,4,2,24.31509108578984,45.85779111147192,153822914.81701452,-3276.6348292016883,DrDoS_SSDP
17,137398,3,0,1464.154884740974,1472.7093646831775,199822059.3853339,675951.019949861,DrDoS_MSSQL
17,34172,1,0,387.7315300631399,388.55347045834714,779058283.9358896,2006718.6416456539,DrDoS_UDP
6,116749025,24,5,6.474165794349623,1.995430894458313,407486.87249925814,2550.6699211448913,BENIGN
6,24591,1,0,1.780263321956642,3.3157742694466728,-2465135.747242666,1999748.903636408,TFTP
0,110131005,41,2,-3.64881121089096,-4.032766315661453,-5988429.286801791,-6445.537194611512,Syn
6,78226,1,2,0.18971482876433654,3.2857273618813045,-898015.4578962901,9262.311945907773,BENIGN
17,-41116,4,0,384.1684552138579,386.33610120776626,765048637.0121175,2001902.5100076003,UDP-lag
17,-58575,1,0,453.20629147867584,451.7925127720254,925756181.8903393,1999667.6019744317,DrDoS_NetBIOS
0,108718382,36,0,2.5593322586072746,0.888165190696431,6541673.744373653,1876.3881157961005,BENIGN
6,-56221,3,0,0.5777957939788313,0.608572818673725,-814297.5177674016,1995494.6118143941,Syn
17,67093,2,0,1468.4807737581175,1472.7219439302262,2948011608.073776,2001457.4969954053,DrDoS_LDAP
17,1522,3,0,1472.6545803696617,1473.2865920860183,2930666792.770355,992638.912192769,DrDoS_MSSQL
17,-44158,1,0,1467.7258531231291,50.123421649909496,1466523377.4669778,1000292.6091409143,DrDoS_SSDP
17,-67207,190,0,736.4548118959857,446.15785500977796,179583900.87332377,1999910.0814364527,DrDoS_NetBIOS
17,-880,2,0,433.06122885456836,436.26227022144246,161842205.94001207,673848.7848356374,DrDoS_NetBIOS
6,-139956,1,0,2.5162923297575075,-2.0118542183141397,814636.9850770612,2002641.2313836713,TFTP
17,97195,2,0,395.9444312305524,332.0900781578135,-3257573.314499963,20929.32414218277,DrDoS_UDP
0,37988,8,2,0.06237411059069898,5.728274630081031,-3469917.9879501807,-8349.068624294832,DrDoS_NTP
17,76638,1,0,441.67753309558293,1470.0588101118844,4568261.021322007,9904.129874967724,DrDoS_DNS
6,127603,2,2,7.340784386178752,0.8390609023683162,6813134.84507412,11787.31023777212,BENIGN
17,-4705,150,0,434.6448740821209,437.70499261258027,-3102015.4243176095,6828.219445284132,DrDoS_DNS
17,25301,2,0,1472.3463219065625,1476.1237321365916,2948096456.9350834,2000485.3192253837,DrDoS_MSSQL
17,45498,1,1,38.855917826321445,45.90713172415667,-769733.1113971069,-2675.3868687621816,BENIGN
17,-3170,4,0,1474.2060891165183,1473.1577792377143,2921683001.6099086,1999174.555386764,DrDoS_MSSQL
6,12409687,39,0,-1.7635681564335826,-0.12510965754814596,-5759150.337563947,15.857587254389728,TFTP
17,173698,3,0,391.11414229715086,329.0907089981105,4095638.558294515,5867.593197707507,DrDoS_UDP
17,-33104,1,0,436.99265791608923,437.9713175436952,2679528.2667473177,2002334.0448472942,DrDoS_NetBIOS
17,135293,4,0,398.25053025839,335.5698484419145,4839673.269020424,10596.038264768515,UDP-lag
17,-42072,2,0,1468.3507067102692,1474.8724568889402,2926264951.9584446,1998721.3103516463,DrDoS_MSSQL
17,53047,2,0,448.86919982932153,767.9621517407699,5878148.512603518,12836.091191484316,DrDoS_NetBIOS
17,-41563,1,0,1467.6014996334409,1477.109638382852,1460423646.3237684,1003318.3730048093,DrDoS_SSDP
17,56207,2,0,1469.8508794795157,1468.480767373113,808144361.762695,994020.6422084081,DrDoS_LDAP
17,-2715,3,0,390.7661647629186,47.97974864306867,5919495.331415698,12793.074985681158,DrDoS_UDP
17,19935,2,0,1468.8728700682418,1480.7654573159698,1463884092.2249975,1003276.2311117891,DrDoS_LDAP
17,-77854,201,0,440.08374150307316,435.7691688482907,438133299.8721272,2001954.3372500786,DrDoS_NetBIOS
17,37413,2,0,804.3911074379449,1474.9020897348994,2924659476.96049,997423.6035271389,DrDoS_LDAP
17,16904,4,0,1001.5769659082463,577.9307329022546,2628652722.9158716,1993301.1796697262,DrDoS_NetBIOS
0,-129235,8,0,-6.894808923259074,-0.9755780712521489,-4843917.260153125,1999970.6078243204,BENIGN
17,1869,1,0,388.8751816745677,386.3183454596186,769953239.2951564,1999789.186966373,DrDoS_UDP
0,72942364,30,0,-0.705773306029009,-0.6314707541311467,-596151.6845352578,2898.870030007648,DrDoS_NTP
17,-25208,2,0,1466.505031735104,627.6482754277164,1472326137.1495667,8419.925615097416,DrDoS_LDAP
6,-36848,3,0,3.089659586612295,0.06372620543970656,-5032913.419700366,1997880.4873354335,Syn
6,106285170,19,0,-0.14942237150538035,-0.8303466851455781,-576646.7208320512,-2199.6752502903746,BENIGN
6,-16565,1,0,-2.8028762504108613,1.268259478818891,-1040811.4407738175,2002960.0954985782,TFTP
17,57730,4,0,397.84277373198216,402.9788831458076,790115453.0125806,1998707.8384920463,DrDoS_UDP
6,11042,2,2,3.8310607945377773,0.8757001648844361,1103711.8075071315,1998692.667431396,Syn
17,97345,165,0,438.99395832195717,430.9021262218925,-20864.235064469744,17640.905653370573,DrDoS_DNS
17,-21494,2,0,1468.6889155968959,1475.641535669204,2940490681.420982,998042.2889610106,DrDoS_MSSQL
17,-46976,1,0,383.92556627838746,388.9881556980854,766510969.0767211,1994664.5245949477,UDP-lag
6,62460,4,1,-1.823392709278321,-2.4976522108278054,-3178410.5141776316,17173.837414700065,BENIGN
6,125401,4,2,2.3520712911468817,3.6231786939521524,2427389.8033674057,23504.285512357284,DrDoS_NTP
0,92009873,37,0,-0.5392866378418683,-2.508565602833229,-2037535.8887970059,-10182.765749634098,BENIGN
6,14910,2,2,1.7094853159088101,-0.14509729653153292,1138934.5032329662,20234.808996732507,BENIGN
6,6026660,27,7,546.6672323979461,-1.4977904077131754,-2697683.8212715564,-599.7536536647549,BENIGN
0,112185613,41,33,2.7696407427941168,4.361621379408248,-2089023.7318809426,-9219.473025741649,BENIGN
6,-28938,4,0,4.809270009978838,-1.255889684720193,2857279.780495717,15972.219346106096,TFTP
17,-20615,2,0,560.8614085240473,573.1828642782674,945866572.8393557,1999777.0237453866,DrDoS_NetBIOS
17,55631,3,0,224.89006395508653,228.70329577961516,437948015.1267416,2005602.0806468937,DrDoS_SNMP
6,-24303,4,1,4.426116689053421,-1.0997720738941175,2308838.062238138,19690.870352146434,DrDoS_NTP
17,86315,3,0,223.08809932470035,225.02627672042644,423082722.0506297,1994742.0501114395,DrDoS_SNMP
17,-129764,2,0,224.34436103684715,228.62062594304706,465242339.0800926,2002727.455820092,DrDoS_SNMP
17,14205,2,0,917.7770653016898,445.21379510801887,938792207.4733714,1998747.3689763567,DrDoS_NetBIOS
6,141629,3,0,2.2722310093138183,1.6319889353327315,-5026148.084185667,2001580.9984681434,TFTP
17,83517,6,3,1466.0622306899315,1464.48902246416,121928195.15350395,12300.410133721634,DrDoS_DNS
6,110138421,7,0,2.6065032872436356,0.9088608528619788,1653595.2765006989,2004088.3665422162,TFTP
6,11835452,6,0,-1.095269880474928,-1.1622218626184002,1429483.3458871583,2560.910183556811,TFTP
6,3956461,6,7,580.74352070203,7.293524613958168,10751324.046738038,6128.767535799293,DrDoS_NTP
0,115083033,47,10,3.002970516592464,-0.9324467126897282,2492604.132123574,-18322.81277233732,BENIGN
17,65888,1,0,1467.630605858174,1468.5402224974132,2919526619.9157553,2001408.7040681248,DrDoS_LDAP
6,112762470,18,0,-5.57046525114205,-4.374524354181977,-491760.4692118231,-2718.756236849751,BENIGN
17,2532,1,0,776.3611538210772,690.6502038202982,973779196.943653,1004679.2434237663,DrDoS_NetBIOS
6,61426,1,2,-6.011328343290795,47.03672380252134,-4478775.964828747,7856.291170550859,BENIGN
0,113014591,46,35,883.159136234392,-2.1848156570710358,-3030007.4414109373,-15935.749908432525,BENIGN
6,100011,2,0,0.21978426626211858,-0.641095830280485,-1808130.7807077134,1997474.5898309331,TFTP
6,85385,3,0,-8.562695474482522,-2.910537855698665,-1098583.3367753315,2005151.378164868,TFTP
6,113915860,20,2,3.725611768377748,-0.5751793630796873,-4625858.396001554,2337.227645983584,Syn
17,40699,2,0,380.7495042742237,394.2826380861256,2881173.327479259,10822.972321002793,UDP-lag
17,-83974,2,0,232.3869683589413,237.82810781566263,478252738.2183903,2013145.659812347,DrDoS_SNMP
6,138627,3,0,9.594543053197714,4.313611750111949,2628315.691540318,684558.2962460263,Syn
17,35024,3,0,1331.1842979327268,1366.486411644056,1467660599.3870056,998045.5635304656,DrDoS_SSDP
17,75444,2,0,598.54214325436,542.839592841958,2577079344.1523666,1999668.3697004959,DrDoS_NetBIOS
17,55996,4,0,383.22065354458204,393.5053410079983,2547008.4591664495,8019.393959358067,UDP-lag
6,-27943,1,0,0.05454434839041944,0.3311332189053845,-2410297.7155950507,1995443.7823967803,Syn
17,96287,0,0,1465.3080801507242,1469.001030672832,1452029466.6991503,1004325.4194598284,DrDoS_LDAP
6,57251,2,0,1.540166853271854,1.8502104084644224,3662342.2250713212,26462.353170413022,TFTP
17,39585,4,0,1379.3119889917325,1380.9484549848169,2674487763.2737103,1999073.2261107364,DrDoS_SSDP
17,87822,4,0,387.2086155312881,329.2708758933132,1211061.5653321352,11168.95368709182,DrDoS_UDP
6,62472,3,2,48.716158227444225,3.6859533834970386,-92836.38348886813,14359.468689129273,BENIGN
6,175235,3,2,2.408835958702936,3.9038613538954974,-6417431.119037059,14892.750091468031,Syn
17,-23480,4,0,1472.3191304173595,1469.9920764069864,2924399758.61477,2001330.6337096249,DrDoS_MSSQL
6,56949,1,0,6.348360054916899,5.015083687899297,4748100.732484968,2003670.229868665,TFTP
6,32945,2,2,0.580890238485526,2.426409841090182,-1874992.0193214614,14499.988872287318,BENIGN
17,29467,3,0,1478.1663912772397,1474.5985528900928,2959877577.398169,1998998.954508213,DrDoS_MSSQL
0,111879329,39,0,-5.841879525708712,-2.450900576261963,-2707514.2800302785,21340.846277517114,BENIGN
6,59793,3,2,16.651983235764565,34.530716138187564,-5466627.687671869,7913.652464500114,BENIGN
0,71573395,6,2,0.9076976950099881,6.028176678553255,488683.6487723375,14184.501755566413,BENIGN
0,-124231,7,3,-4.225210948180852,-1.2913555528728013,-8973799.199708227,24864.101803266574,DrDoS_MSSQL
17,41886,2,0,228.87535431041317,235.36203139844287,446337469.8697171,2001759.1623200888,DrDoS_SNMP
17,-73164,0,0,443.4295475843865,443.36826703245237,912005670.1952835,1998206.7655016603,DrDoS_NetBIOS
0,-192974,6,0,1.430589880095997,1.874885054402461,1408728.6797793403,21482.91973943873,DrDoS_NTP
17,67353,0,0,543.6270858106457,220.59041578463126,2907582723.310024,1998188.068106037,DrDoS_LDAP
17,-60660,0,0,444.913863591084,619.3311326027532,934865415.3159345,668063.165170191,DrDoS_NetBIOS
17,94302,4,2,25.979033966956095,36.03800555796413,4627241.089643458,15161.88660753861,DrDoS_LDAP
17,4848,1,0,1005.6692404229898,230.85577998855115,141633651.954831,1004506.5195054947,DrDoS_MSSQL
17,91623,5,0,394.4973256991571,328.2563322325307,782375.8180596518,880.4450622439927,DrDoS_UDP
17,125045,4,0,1474.2804226405572,1478.5097521458868,1481429678.0309076,996334.1558929402,DrDoS_SSDP
6,115899,3,0,6.5749817026088015,1.1858030589098125,-3562060.6551249484,1996822.6825677713,TFTP
17,-47200,0,0,243.175028320783,239.57576854607785,472828576.6720053,2000220.1492323868,DrDoS_SNMP
17,219173,5,0,388.1771467808255,326.9045905335404,-7774682.40107558,1755.853221715559,DrDoS_UDP
17,-17907,3,0,1377.3778563243382,1362.1567086118691,1287888944.3782237,998909.9505050894,DrDoS_SSDP
17,-30741,2,0,1475.2993318790489,1475.0666414760205,2930567829.0720234,2004744.7572534455,DrDoS_MSSQL
6,12130,3,0,4.885684442593548,3.7182296684234015,-1439116.677066954,1999538.7673886833,TFTP
17,57915,1,0,394.20538615944986,402.45279354685096,766389362.5170414,1993426.8548417687,UDP-lag
6,18160,1,0,-1.3042321315447465,-1.540825380507631,-3743785.2332131676,1994802.222622555,TFTP
17,-34867,2,0,1471.835842219614,1475.3960339378002,2519820271.545858,1997810.6617544931,DrDoS_MSSQL
17,-20558,0,0,722.9818023171534,443.14399099354085,941130294.8523709,1999070.4642809597,DrDoS_NetBIOS
6,69356,2,2,0.1460935812788976,3.5041819978294164,403214.1137814759,30061.628393909716,TFTP
17,42437,208,0,434.54846008249615,482.4745690453919,-1181332.26955586,8914.614436354923,DrDoS_DNS
6,5682283,6,7,573.8192881169992,1.3894809045388388,4609282.511351304,-6607.872873354503,DrDoS_NTP
6,-1935,2,0,-2.2080313490157013,-1.805341015455718,-5679700.324537253,1993878.041742321,TFTP
17,-92371,3,0,402.04023418333463,397.6101656485834,760200405.7126501,2001965.9804297395,DrDoS_UDP
17,22321,6,0,395.18713129401795,330.93961180373583,-1033760.2346701974,15067.568309923394,DrDoS_UDP
17,24666,160,0,441.121398720994,436.43456383705563,101608.22790242056,4192.943270248707,DrDoS_DNS
17,62547,3,0,1466.1236323028675,1475.4913763972936,2937957644.2517276,996116.9949968874,DrDoS_LDAP
17,-10786,3,0,392.6985468406187,389.1615279873362,783214375.2855724,2000557.9471224095,UDP-lag
6,9146,1,0,-1.2187327474473728,-1.6294917661353099,-2367669.1765367705,1994931.6850198675,TFTP
0,83899746,6,0,-3.251055468382206,-1.3139566321976008,-977302.269685365,13616.828468590655,DrDoS_NTP
0,114037664,220,0,-8.967091194745013,-2.4013819729909534,-2435045.78747984,-17675.107944918243,BENIGN
17,94026,3,0,226.4044709062724,229.78594811977706,432275007.68447393,2003664.6384420523,DrDoS_SNMP
17,58851,4,0,387.82731295060853,396.6949912251383,768333983.4727154,2001601.0978431308,UDP-lag
17,89748,3,0,1472.546011109586,1475.2934830930926,1465002221.2128243,1002236.6694026805,DrDoS_LDAP
17,-51695,4,0,1472.3618455525693,1470.830638406547,2941631744.915021,2000420.513689097,DrDoS_MSSQL
6,82127,3,2,49.17409014391177,-3.684042828485591,-5027098.301917854,11186.676990507543,BENIGN
17,107880,3,0,389.645508924769,329.92763489695864,1053295.6100499008,3071.957666639236,DrDoS_DNS
17,-19698,1,0,395.1921225488846,395.56316647349024,774708020.2839606,1997187.0415701,DrDoS_NetBIOS
17,-28729,139,0,445.134703740561,450.50188810111706,6739300.243052327,458905.32067438867,DrDoS_DNS
17,27980,2,0,1477.5304210869888,1472.6868859106753,1247815257.2322376,998051.36678186,DrDoS_SSDP
6,23223,3,2,-2.916498956041805,3.5752947756000646,651239.1275464458,12214.596896419382,BENIGN
17,1792,1,0,1387.10829863735,1398.12535088633,1274857884.4127717,1000371.3854112413,DrDoS_SSDP
0,113893229,34,0,2.5474033866333894,3.9524800615693856,721238.9031188362,-7964.944720804237,BENIGN
17,-44785,0,0,380.00434649368196,391.29646855690663,776543384.7080623,1998600.382738836,DrDoS_UDP
6,107549,3,0,-1.4502976971793209,0.41381862417653176,2464489.0952320937,32677.471113984975,TFTP
17,24737,2,0,387.1993551265472,394.77365293883946,3575670.9599146405,18048.547912618782,DrDoS_UDP
17,2438143,2,20,57.0077123721363,54.19728965100168,2698013.0885038646,-1147.7979902866064,BENIGN
0,116850648,240,39,-4.839732049404936,-1.4307126635330134,-252220.91321643535,-14366.186984975084,BENIGN
17,104450,2,0,533.0417828787338,761.7154613027767,1168844627.0514905,1996185.0215896785,DrDoS_NetBIOS
17,88640,3,0,762.2015319018251,1465.3848139405288,2938627628.2766476,2001601.9107901799,DrDoS_LDAP
17,-28403,2,0,1479.0259396114423,1474.5563062483661,2944531556.7280865,2000080.5821754183,DrDoS_MSSQL
6,14286512,5,9,957.8731069558789,3.060111849876906,1978017.4100752953,12081.67764347414,DrDoS_NTP
0,110465515,40,0,1.5848573788779647,-0.645946048440105,-2238273.411067782,-5856.811334990643,BENIGN
6,4217698,4,5,-2.1541424934397706,2.937983003608951,-57388.698885802645,-3528.693941888967,DrDoS_NTP
17,29291,200,0,452.5008668191629,433.44099443424176,7645215.281379779,129.019677209355,DrDoS_DNS
17,78225,1,0,1471.8558085211303,1470.3919847800082,2938786873.730605,1998322.658511494,DrDoS_LDAP
17,75245,4,0,1476.131505265132,231.41547268042203,216202738.30115956,2003887.9491988556,DrDoS_SNMP
6,13661770,2,0,0.07236967852099688,-0.22124576036893057,-2838252.4293632964,17719.70675677884,TFTP
17,7084,4,0,1385.9055764218663,1361.1809173444187,1250543379.8205218,1003308.4140085033,DrDoS_SSDP
6,3601823,29,31,3.3298684637009273,0.6544686560678583,1997269.049489024,10295.759370375574,BENIGN
0,108399894,216,0,3.2812250911169083,0.5221158360888802,-65522.18688099785,-6624.881261377235,BENIGN
6,141676,2,0,2.124165253149132,-2.0151165058452682,4382141.015164704,13820.277377295211,Syn
17,-21160,2,1,1473.657227234243,1471.42344065726,1468206392.9889705,993130.5395516156,DrDoS_LDAP
17,8672782,8,29,399.5608307718506,334.96729706558546,1639819.3338744685,-16406.03385863141,DrDoS_UDP
6,-66503,4,2,50.34808181365457,2.727854061849848,5527388.521075007,18731.840987180432,BENIGN
17,-30521,4,0,1473.0070250926465,1474.4197231589899,1474210120.902199,998410.5001962072,DrDoS_SSDP
0,86862280,220,0,2.4231936767706768,1.2541597127574526,-668824.5514313721,763.8322042606451,BENIGN
17,-54612,4,0,1475.2056386190327,1471.916336760365,2930988218.9289737,1997579.0348456984,DrDoS_MSSQL
0,110930235,43,2,-1.1468255644237058,0.22642706848125338,-3294597.447899959,-11158.17976547293,BENIGN
0,106261522,35,0,-1.91027858495019,-0.7931504102723369,-222779.86626930488,-4634.041646602294,BENIGN
6,-84462,0,0,1.0861401549829384,3.2161611828397962,-8162122.139181939,2007473.496606528,TFTP
17,-2383,2,2,49.07578825725576,55.891331007997806,5776940.660894453,13105.7896485242,BENIGN
0,72158341,30,0,1.7829359014827812,-0.1504273963016935,-5590343.352171704,-3791.939895866579,BENIGN
17,-18714,1,0,221.3815122658884,224.57577761398255,460992170.21407694,1007844.083836046,DrDoS_SNMP
17,165505,214,0,436.2466624225438,440.4316841497889,-158354.29875777778,-6206.449504504559,BENIGN
6,119262107,34,2,-1.603926396099959,-4.116556643776102,-1411411.6564426816,6221.357850495528,Syn
17,170620,4,0,391.98989086928833,337.6804999518987,5820831.862159571,3025.384137711256,DrDoS_UDP
17,21501,1,0,220.13992382116155,228.3240988494339,432870954.5372278,1998411.7709068768,DrDoS_SNMP
17,-61364,2,0,395.185726281837,390.5168225533637,769638899.6942629,2001207.865692917,DrDoS_UDP
6,114851202,35,20,570.5943699913901,-3.0495356499540747,2437396.347671979,-8709.558665148208,BENIGN
6,-2685,1,0,2.4170520793187755,2.2703618360598012,-4637893.950429743,1995913.2264647363,TFTP
17,-15372,0,0,747.4519453026398,554.9275413191996,1294777913.8636906,2003206.2947731048,DrDoS_NetBIOS
6,-35435,2,1,-0.8603433495440853,-2.989288015974346,-2702947.8664540183,15286.984600898184,DrDoS_NTP
6,106716,5,9,592.2636377525151,0.9908810469417592,7210397.257669645,34783.993178827994,DrDoS_NTP
6,-21241,2,0,402.8691962570963,5.233990263544734,1528859.646206856,1007.7330660409934,BENIGN
6,112564910,31,0,2.2648062341602104,-2.628651867579828,-5535580.7474118695,6189.327215244979,Syn
17,-10380,3,0,1474.743137107911,1469.1030662146159,2932044667.196576,2001688.1465640552,DrDoS_MSSQL
6,-16686,4,0,683.8391141913556,402.35933362465676,435044489.3041943,1995167.4092590902,DrDoS_DNS
6,105846,2,2,1.9149272558977144,2.8214454171713146,674710.4450122674,21165.86837080069,DrDoS_NTP
17,85912,3,0,1472.4098913563887,1478.2153074698224,1475969481.530633,999167.8202190659,DrDoS_SSDP
17,34555,4,0,1467.8571996350443,1472.795335656321,117436128.69141725,999197.6559451616,DrDoS_MSSQL
17,3254,4,0,399.532592063263,383.64888476639004,769843261.2738833,2002214.85238042,DrDoS_UDP
6,89637,0,0,1.9669008032333832,2.436354063685917,-150609.21897119097,1999753.8610190775,TFTP
6,-16966,2,0,1.429117536148339,3.2952003897583304,279092.5935723004,2001276.3368345029,Syn
17,-21844,-1,0,225.44670715667525,229.83178171972426,450819335.02653325,2000284.0417814683,DrDoS_SNMP
6,120601,2,2,586.4667374187487,3.8038011966771634,2316742.0484929327,30560.169947136652,BENIGN
6,84887,0,1,1.0448488619342915,6.443125930543533,-6483922.202212196,4030.192921807912,BENIGN
17,50611,2,0,1470.3884123780053,1473.0708271395158,2915775565.97554,1996851.33746965,DrDoS_MSSQL
17,-55625,3,0,446.544426498247,440.8006392624428,929808123.7975088,2000950.3147916885,DrDoS_NetBIOS
6,-79944,2,0,6.876613102278809,4.280743649930618,4095883.0917278547,2000254.9696483666,TFTP
17,-9312,3,0,1476.4864238776465,1473.7386812481357,1458860849.2774014,670187.9719920341,DrDoS_LDAP
17,55762,4,0,389.76935097452224,233.09422754423525,463180437.48104227,1000186.9595182324,UDP-lag
17,121315,6,0,394.4993366992004,335.71639497115274,2375163.863896723,10391.800624555714,DrDoS_UDP
17,-23203,2,0,570.3491922275921,1474.9889197414395,936611739.257821,377787.68167047633,DrDoS_NetBIOS
17,204817,5,8,39.332742844644365,47.137140627332016,-640778.9019081886,-14331.992328335022,BENIGN
17,-53274,1,0,393.6620382198318,385.65592177630117,752934450.8294358,2000719.6203241404,DrDoS_UDP
6,112781510,5,10,8.950832630139956,6.540421774921718,6878357.897580655,13587.542854334064,BENIGN
6,80650,1,2,-0.7096053776345016,-2.5993547992380326,542659.9080953243,19016.340784540876,BENIGN
17,-54464,0,0,441.711461661702,445.34260785251035,941993099.4730457,1995389.2090423608,DrDoS_NetBIOS
17,28432,3,0,381.1576676432891,387.73566965513635,755682609.6375628,1997989.102601075,DrDoS_UDP
17,-604,3,0,1466.7117046075466,1480.0978478298457,171944432.31027284,1004789.2352256585,DrDoS_SSDP
17,149258,5,0,379.81274192819103,322.1226282461012,1445989.9691718612,-10144.761676104463,UDP-lag
17,32977,3,0,1401.2982040297402,1475.8780643956663,440966746.77576107,1995816.3497164445,DrDoS_MSSQL
6,64638,3,0,1.1433746460133134,6.076311133505426,-4444623.958472366,1998516.7897514608,TFTP
6,121479093,32,2,2.1529054264090846,-2.6981184516831407,-71814.82933739736,10834.817551506907,Syn
17,4983,1,0,1472.881525812094,1475.2473576257237,1470100234.4366496,998818.4267848799,DrDoS_SSDP
17,101615,170,0,433.0092592748881,436.9299037268555,-1328249.083683255,10107.835524784141,DrDoS_DNS
17,-8491,2,0,1479.289824039059,1473.800636762758,1484042744.6588497,1001554.6221622234,DrDoS_SSDP
17,10811,3,0,1373.5862580396754,1332.5750601277261,1203839357.57338,1000189.7985356768,DrDoS_SSDP
6,24407,3,0,-6.9718563352352385,0.8938298741284086,-6021231.125024584,17337.601336009448,TFTP
17,8956,2,0,1476.3910914301985,1472.6723616878762,2922366281.852874,1998154.0446616018,DrDoS_LDAP
17,60534,2,0,38.22590392597504,332.88849430331203,-2359479.8565392317,12211.572926311164,BENIGN
0,106794873,39,31,5.640336988568782,-2.4317289933034187,2900597.361621377,-16456.612011075504,BENIGN
6,115247152,30,5,-3.4539399049779247,1.3281765682648516,-272442.29814201663,-1073.5952157556585,Syn
17,-30533,3,0,1473.6087483234915,1474.7102348440476,1467155869.284841,995950.3815839567,DrDoS_SSDP
17,59005,193,0,432.38895900029416,437.32583886267093,946114461.6468745,1958.9951708875506,DrDoS_DNS
17,43615,4,0,1472.420921338113,1475.763470687408,2925926367.0907497,1999141.1093795195,DrDoS_MSSQL
17,-31580,2,0,433.745171594417,228.89034578342913,-2770924.4029991888,15007.278916575997,DrDoS_DNS
17,44050,2,0,1405.0830391018676,1407.764355162194,1125244561.5962617,992163.9174340441,DrDoS_SSDP
17,21070,4,0,-2.5643347040157143,526.3903755373419,2634103176.3731833,1993835.459292457,DrDoS_DNS
6,106043450,6,0,5.257660948633151,-1.9919896759078364,2599591.871084827,-136.5606708051946,TFTP
17,137427,3,0,1471.0542436353753,1469.668245922941,98058396.68343648,1996815.0181906007,DrDoS_MSSQL
17,8273,4,0,231.3261683060875,228.74686163800317,458126931.8126697,1999290.227058558,DrDoS_SNMP
6,24,1,2,2.096030775657467,1.2742429213836168,2605864.113386524,12473.843280306859,Syn
17,77107,5,0,382.5318742194881,326.05940188571617,5734048.798786659,3063.1225454177847,UDP-lag
6,78240,3,2,2.9700606827342435,0.5499511273905661,-867568.7638492619,23227.86137848485,Syn
6,67418,1,2,-2.3556060005033976,1.535443926127501,-5066661.717732111,23732.640303210777,Syn
17,68838,4,0,391.29735547829733,327.4708199729076,-615420.0332862264,12117.355841599207,DrDoS_UDP
17,-43683,3,0,392.0988522110457,390.60387682833596,808396472.3322376,2001274.7713638858,DrDoS_UDP
6,-26234,2,0,923.6476928160122,-0.2689525380573323,-143393.33530296758,13259.72682205067,TFTP
17,61000,2,0,220.1630531603659,230.53635030883524,11575031.830076925,35647.684320431814,DrDoS_SNMP
6,118824390,11,0,-4.693953749691297,-4.151055002434658,-5904620.082822918,12247.314220069216,Syn
17,25407,2,0,1463.8491728315244,1469.0773603575553,981524405.645921,1000744.5072980608,DrDoS_DNS
6,121701990,36,11,509.2913377798333,3.8594446673251372,-5553905.991642488,-6507.3530113729685,Syn
17,60593,4,0,1466.453409129916,1479.4561094783392,1464949031.1555796,370606.1660376708,DrDoS_SSDP
6,32514,1,0,4.766342853314157,0.2777743454785826,1202485.967734251,1998834.474642225,BENIGN
17,11545,2,0,387.7083642630253,391.59524671241445,793043243.0929725,2004375.3742125868,UDP-lag
17,54509,1,1,40.45815759050394,38.92205806660411,-6645248.772982806,2021.6616958173418,BENIGN
6,36707,3,0,3.768339815442523,4.24297060970418,-1032761.1639359605,2004680.459454769,TFTP
0,102830098,38,0,0.0564921506322646,-3.8328487322545346,-3835855.4261541246,-5972.804498564876,BENIGN
6,42862,2,0,-1.11267875308154,0.9664812277026202,1618023.5972073334,1000451.9195416733,TFTP
17,76617,3,0,1467.4126149375359,1473.0629842875771,1465095478.6379306,387265.9079724897,DrDoS_LDAP
17,-13361,1,0,435.04967749817354,452.2473147229718,930974441.9065577,1000825.957628494,DrDoS_NetBIOS
6,68061,2,0,-0.8208820580344008,0.3598383889964298,-5140705.152916515,1996349.1374331806,TFTP
6,57656,3,0,-1.8920686660482207,1.5207964985670277,-935517.9212394373,31357.69874809925,Syn
6,162883,3,0,2.7429011238455185,5.935075330327711,-1230009.4544833766,1999510.6457981057,TFTP
17,35492,3,0,1472.526552953296,1472.9417434643913,2937913840.5278897,1999084.469194191,DrDoS_MSSQL
6,84902,2,2,0.03507983513997305,-0.2871746216064815,-4872342.7283460945,21120.855339816255,BENIGN
0,-143127,5,0,-0.1804720706117418,-0.4440665000812485,1416917.3266221029,22763.246505937277,BENIGN
6,-26156,3,0,-1.2698614734782045,-3.95064077226927,-2124796.476843804,1996337.9988990966,TFTP
0,114189512,212,2,4.759993658033364,2.473020493487956,-1224476.717789638,-3133.8047972186196,BENIGN
17,33221,3,0,1474.7315819300732,1473.679137409753,2924179335.9594913,1998486.9013860247,DrDoS_MSSQL
17,113536,4,0,383.6246291628484,325.22174344144213,2086046.3621956306,5930.6969161766265,UDP-lag
6,-53827,2,0,2.963520138520046,-0.7865103050817727,-2224184.956861128,1998093.8572056594,Syn
6,120986,4,0,0.9669929461473038,2.9751934430956246,-5353497.019231654,12486.235580269533,Syn
17,-49259,198,0,441.51888305103137,434.28105000218835,94927135.99672472,10323.169198027155,DrDoS_DNS
17,69220,4,0,393.2796110086723,330.9556202431901,4920392.654831161,3757.7358717157167,DrDoS_UDP
6,-42803,3,0,2.8520296760101385,2.973631130498458,1626844.9864717834,2002122.0955086313,TFTP
17,-61469,-1,0,226.01996230880823,224.19017871461028,445285094.5378589,1999793.8908667415,DrDoS_SNMP
17,-46215,1,0,384.77642536517675,386.38944581272386,791713898.0671031,2003923.4550155168,UDP-lag
6,143572,1,0,2.1551540795276294,2.7332425906504167,-4731203.721191954,2001349.2559946096,TFTP
17,92196,4,0,1479.7117795468653,1481.0032655161685,2922951322.8697367,1998442.7377477086,DrDoS_MSSQL
6,13516027,2,0,-0.46281115060867245,2.59667004380112,-1420458.0513608053,2002303.0884420744,TFTP
6,122012,3,0,4.519063281481006,6.980194511952117,2958018.831281261,39525.37039613026,TFTP
17,-51301,2,0,398.73991188376255,397.13403468010773,757969805.6002977,1998188.4741930575,DrDoS_UDP
17,95477,3,0,385.91634829826376,397.7929483333485,790315344.4820071,13073.770275194414,UDP-lag
6,3610085,18,5,584.8941107664555,5.648966074185198,-1761696.2706820106,11422.704831181802,DrDoS_DNS
17,4062,1,0,1469.1405541818242,1474.8429115859208,2921594497.2319617,2000024.2958748944,DrDoS_MSSQL
0,72409575,33,0,2.2036730389268104,-1.7681556960256781,1637727.7308419757,-3569.115574408861,BENIGN
6,141793,3,0,-1.8267255517590808,1.5903023673404062,-818960.1610207774,1997832.2751950463,TFTP
17,69155,1,0,435.91413856702513,666.1371523798982,3175105.735430502,15853.031839776218,BENIGN
17,34292,3,0,1462.9764223620266,1468.8505171301615,1462935124.2930653,2000013.408669156,DrDoS_LDAP
17,24921,2,0,378.468890538349,320.4919729506655,160867934.0945824,17782.989510911357,UDP-lag
17,-56554,1,0,1470.6515243356669,1474.448469449692,2915007364.1271296,2001472.7314427353,DrDoS_MSSQL
17,-22667,2,0,1470.8069664495836,1467.1843132344288,2926393795.1876655,1000460.1261457618,DrDoS_LDAP
17,1908,3,0,396.91286255114375,915.411896574263,1259379006.4710734,10960.924569651686,UDP-lag
6,180076,4,3,2.1781843424097755,3.314588425715887,-1143300.4758828052,33165.5916365334,DrDoS_NTP
6,112875810,3,2,-2.820388194369434,-2.063149152638395,-8066165.179924016,1999264.1705596205,Syn
17,-12245,3,0,395.18214574065007,398.0507135680956,783072841.2912767,1998029.6224071584,UDP-lag
6,-10195,4,2,-0.07842000337641254,-3.7800457092439084,1718414.4025888392,-7707.978875871082,BENIGN
17,66566,3,0,1469.2748954627023,1474.7337736473648,179939307.54462826,2001859.8922570245,DrDoS_MSSQL
17,24560,4,0,226.21372852513704,227.84257930432838,413949761.61358607,1992143.2549975018,DrDoS_SNMP
17,-39541,4,0,435.7693281822762,442.6974896411528,2066616.0201109406,17789.330261067607,DrDoS_DNS
17,-74042,0,0,392.35524087007565,391.61565850489774,772008726.1430769,2002234.5785212393,DrDoS_UDP
17,-3783,3,0,450.4082806303953,441.19728674252536,932177023.992401,1999214.7374526432,DrDoS_NetBIOS
6,6480066,6,5,405.3397240640958,61.504042560984196,2499412.012697751,-12730.882165918203,BENIGN
17,67939,4,0,227.5739571198688,225.28481835295008,433516726.9691043,1995186.0748325388,DrDoS_SNMP
6,-31592,14,0,-1.5801306162237785,-4.06658167436607,-4135244.3386420608,1998083.5756800969,Syn
17,42160,3,0,1413.2793994625747,1399.067979507193,1326895472.5982714,998254.9776886897,DrDoS_SSDP
17,139018,210,0,441.2156538218194,444.9386754208029,-269281.2136439665,9215.746285885967,DrDoS_DNS
17,85691,209,0,437.2592955591839,436.0663133244089,-3681550.2665243456,-5853.653376902075,DrDoS_DNS
17,89980,1,0,1466.9575427211385,1469.5020639507527,2923628473.800519,1995451.7691184068,DrDoS_LDAP
17,98353,4,0,383.0810698605283,333.7918184426072,-1957869.7951843205,500.7375642953248,DrDoS_UDP
17,251980,8,24,393.7601931852931,332.6839887652956,-8083027.518324007,-22773.498445997586,BENIGN
6,118530501,5,0,5.602655557416841,4.7608386149611,-3589154.2079543276,12956.915141531083,BENIGN
17,-93128,2,0,385.97527980338174,385.7922993033534,765736958.3541348,2001371.1250432364,DrDoS_UDP
17,-60763,2,0,1474.3449857902085,1471.9098824448552,2953544292.6325083,1998579.385901227,DrDoS_MSSQL
0,113775014,39,0,-4.803043498523414,-3.2965886404220166,-3403105.8707615705,-9433.036005592152,DrDoS_NTP
17,26442,1,0,777.4818374002446,538.6943598939223,432774937.60086006,2001247.518570206,DrDoS_NetBIOS
17,36762,0,0,443.05852263253007,1379.2775289892606,982458071.5035261,1999061.5341027183,DrDoS_NetBIOS
17,-17516,1,0,227.61453098811384,232.5223271968681,441089924.05940044,2000897.4276260133,DrDoS_SNMP
6,44195,3,0,7.728150778930675,1.0887247741410642,2056609.3415948227,10442.184887873611,BENIGN
6,64426,4,2,3.353610040172018,0.6126180884106371,-1365764.162911547,12157.748308631999,TFTP
17,146111,3,0,395.29729157950305,403.0581198271528,2137942.3425851576,676276.5548522021,UDP-lag
17,67134,4,0,1471.9362881347038,1467.86073059433,2929148861.135956,1996612.260435815,DrDoS_LDAP
17,104969,200,0,438.6275884985668,432.7163432047002,-1164357.1934588288,1653.7139532818783,DrDoS_DNS
6,93033580,21,0,1.8498858375187848,2.8624245291193215,2548916.276265748,203.5724375855243,Syn
17,-11835,4,0,1467.4569676773951,1473.9340703557998,2931182236.9468036,2001474.5607668476,DrDoS_MSSQL
17,47449,2,0,1472.0709155395466,1475.7686360136447,2939267193.1897993,1994624.2503478301,DrDoS_LDAP
17,11754,5,0,379.08137240776836,384.64036871657265,795909641.508842,2002373.0273975634,UDP-lag
17,20579,5,0,386.16416969189544,340.7430934168184,6761001.176040002,15879.562037419688,UDP-lag
6,-74029,1,0,0.3462296013276389,2.144401240536322,2671450.8791775536,2000317.450716524,BENIGN
17,-29675,2,0,1475.3813945632094,1477.9559707332796,2947383443.144363,1998224.1844704107,DrDoS_MSSQL
17,-39094,2,0,384.75562975952397,393.58582382087644,776563318.6970922,2001788.1085172573,UDP-lag
17,161985,5,0,388.4636361968328,337.03322053759524,-1957890.4637621108,-3574.3203144041363,DrDoS_UDP
17,-8582,200,0,444.25743684944797,433.8665658602142,331580.17844819487,345.3190150378432,DrDoS_DNS
17,607,2,0,34.4557943442318,56.90656828409337,1101088.844195127,20048.254990541463,DrDoS_UDP
17,86505,153,0,439.87407893095167,1466.9808874506582,3995234.096888398,14687.369907736378,DrDoS_DNS
17,54492,3,0,1382.8247992983702,1368.5714512311408,2667251019.011344,999626.9338646022,DrDoS_SSDP
6,89714,4,0,4.8857062694680815,-2.614851992943402,-2868242.267314228,2000562.764832144,TFTP
0,114195759,44,0,2.659826826769164,-0.8006850993299853,-5726273.340876461,-11716.11726633347,Syn
17,49688,4,0,1477.319118430942,1478.0756937551273,2936227154.4940906,2000966.0683140834,DrDoS_MSSQL
6,-29052,2,1,-1.8025073006002745,5.88020073260261,-865828.8453916248,23498.587557986073,DrDoS_NTP
0,107911257,7,0,3.550156679965867,338.7705400269365,2829513.5594073376,2707.359046078095,BENIGN
17,10406,3,0,386.90136074793367,389.02244287131117,3295841.6352283577,2004202.1574848467,UDP-lag
17,75994,3,0,229.2615112075842,236.05885003669408,456519852.5851043,2003112.4157509517,DrDoS_SNMP
17,61562,4,0,1376.230088168969,1392.0314868417192,1276599931.9537623,996797.2044258242,DrDoS_SSDP
0,122388856,49,9,0.590548054479367,3.2177440783908566,-257793.10810413747,-10479.927988671905,BENIGN
6,-8920,2,0,-0.98240141461951,-3.9326689763328595,-2027770.1200025373,1999553.3418157706,TFTP
0,116301676,231,3,-1.2535969353991865,-1.8044685637971216,-2285326.3678886713,-6060.842687135639,BENIGN
17,-21288,161,0,439.13869332760186,524.6037245800627,936802683.5993074,667817.5671590337,DrDoS_DNS
17,137186,5,0,398.47660934305253,328.71270234281303,-3507019.964045751,7757.255427588727,DrDoS_UDP
17,108554,3,0,1471.5779889139444,1471.0786724144712,2964033607.355849,1998084.3176392182,DrDoS_LDAP
17,62046,2,0,1465.7793465374818,1469.54209742498,1474888645.490312,992569.3200758551,DrDoS_SSDP
17,-61497,2,0,394.4964664018522,391.91335105774823,771890214.2750698,1997577.4942401813,DrDoS_UDP
6,12836850,4,0,6.408375714174214,1.046397257390927,-2202536.903221826,4923.252265087246,TFTP
6,89300,2,2,-4.211708358553144,1.2643088796037862,-3205849.7959445976,24748.81092152038,DrDoS_NTP
17,16884,2,0,1469.0724650237437,1478.4421754376121,1464339295.905664,992583.2102390903,DrDoS_SSDP
17,-15403,1,0,544.2685959943118,659.2783951085613,1300628324.8566196,1999366.262794828,DrDoS_NetBIOS
6,111326836,24,5,1.9785672676712178,1.7022567053833086,-5297449.204725574,1453.9292115657827,BENIGN
6,-31322,3,0,0.5490649880858657,-2.0628466053483643,-1268990.3921962653,1994729.084701103,Syn
6,96260,3,2,4.479305386998503,1.6330223988080776,3938321.423192174,15030.443821281997,DrDoS_NTP
6,119369180,22,2,2.2705234201628612,0.18516799792850372,-6061081.753543203,7857.263449709984,Syn
6,110914675,17,2,3.0432556513553513,-0.894184108011536,-1495021.6904901185,10493.96162272112,BENIGN
6,121306719,28,8,446.5663303158832,1.2526641287688773,-2089089.2271144602,8762.830599831603,DrDoS_DNS
17,21918,1,0,222.54514500122264,1471.2893655523362,445993271.8220423,1009667.8386385185,UDP-lag
6,85931,3,0,-3.2116567472461828,-4.832966051716158,-7348278.904333974,1993025.148201699,TFTP
17,41400,163,0,441.27774290561933,438.2838963016214,898813519.6634188,990227.7137000287,DrDoS_DNS
17,126805,151,0,1466.1272329898675,1467.688051999091,144845306.6348788,12812.976821038144,DrDoS_DNS
6,62643,1,0,0.680589914318072,-0.5003705618220672,-988694.9508173435,17836.52694961109,TFTP
6,35141,2,2,-5.470357503701049,3.483145554983675,-521127.1629635256,36050.45911977321,DrDoS_NTP
6,10358,4,0,0.29556019458775906,-1.0759516205426727,5027100.495617205,1994340.9453871564,TFTP
0,89384969,6,3,5.5115079844924235,-2.349817689689399,1682944.0026819357,925.6018992935424,BENIGN
17,11186,4,0,1473.4275399803182,1474.5300688387726,2930317521.9372745,1998776.704769702,DrDoS_MSSQL
17,-24460,1,0,701.5969153265993,232.0829465763258,452952514.0433512,2004804.6519969162,DrDoS_SNMP
6,-113838,1,0,-3.112383756495651,-1.1255791142794433,-2908547.604544238,1997509.6712660445,Syn
17,43609,5,0,738.7758257007655,327.5151298854798,1380710.813094312,8003.66148920424,BENIGN
6,169295,3,2,4.960266387830808,-0.4027913698447147,371975.4374127479,2000461.6884586609,Syn
17,-76332,201,0,436.11568241584206,433.83619837575054,113747750.78625368,12678.724329934994,DrDoS_NetBIOS
6,-10209,2,2,-4.665422144343548,1.6906310989087419,5172573.461953235,28311.125098610326,DrDoS_NTP
6,62005,0,0,-0.6938242441961805,1.4280832386173214,633134.1244596856,2002513.6053963806,TFTP
0,-57137,8,3,-4.392354362770605,-0.011405768424268395,-2634524.6738901017,17918.014743039108,BENIGN
0,115108415,239,0,-2.2611846389198735,-0.351123369481134,-405258.310600701,-2250.0397150071913,BENIGN
6,42283,3,2,28.97465597083344,-0.4028778514493815,855347.1378769453,18255.718741751607,BENIGN
17,-59477,3,0,225.81268702541868,228.57913947409068,460068295.4072474,2005785.1707518208,DrDoS_SNMP
6,113324336,24,0,446.27599850767007,5.184248124967995,5818200.242202972,-1663.5997365338226,BENIGN
17,-39996,1,0,438.329720842536,285.92514289877664,956434120.7691789,1999807.7770265746,DrDoS_NetBIOS
17,-42732,2,0,217.8717178994744,222.90763095867135,404508001.5422065,1998260.337166174,DrDoS_SNMP
0,113027949,39,0,-7.768996590134558,-2.654519992860581,-5866328.992446674,-7148.097394226686,BENIGN
17,-7187,2,0,385.1992126711714,391.6331540615247,2570080699.451714,2003701.0043592681,UDP-lag
6,14761,3,2,41.81978953816972,3.9466017469949777,3879909.874971507,20335.211041696843,DrDoS_NTP
17,-29411,3,0,1475.7692396625994,1466.2082975836565,2947452171.0139885,1997891.8294283664,DrDoS_MSSQL
17,94519,2,0,447.41549617692937,448.9686394522259,941382820.4955088,673247.1639478174,DrDoS_NetBIOS
6,2663,4,0,7.433580130651232,2.817879918383901,781995.9322840932,1999704.7229758054,BENIGN
6,76386,2,0,-2.8266544475270017,-0.6210881478157861,748755.7591582887,1996507.407272674,TFTP
6,118328100,212,10,783.5917626868317,-1.3164671992674348,-2293069.8371367287,-11618.88357507687,BENIGN
17,38466,4,0,1468.3618431701098,1469.0588214565248,183695087.85180762,993368.8200978374,DrDoS_MSSQL
17,16294,1,0,391.29911113264865,391.91406751368555,454593320.28972673,2000033.2141681334,UDP-lag
17,36866,1,0,1468.9441742898744,1474.3489281497293,1466348358.0676086,1003022.8590454152,DrDoS_LDAP
17,15974,3,0,1465.5642405982355,1477.5104099614673,1119273104.0848806,1998428.616303478,DrDoS_MSSQL
17,48319,204,0,383.8787840561356,472.91763560888455,7212154.355204926,9127.23127047781,DrDoS_DNS
6,108326309,15,0,2.0091744875266317,-1.1693056079281061,-2026795.7441924133,-9927.174436568312,BENIGN
17,62913,2,2,28.782160113995783,34.75785615714419,-2015359.3100970604,3970.9009303659577,BENIGN
17,-16175,1,0,1468.071949592048,1474.2398253454637,2929099621.767249,1999032.8131086312,DrDoS_MSSQL
17,67633,3,0,1476.1030007856448,1474.7225754707085,2928075314.0371046,1997632.724393976,DrDoS_LDAP
6,15084475,6,34,-1.6561773872630239,-0.07904287650870358,-3504066.773229502,11719.514341086,TFTP
6,114391425,170,2,444.5554434505442,2.425542701161623,-1793980.0523446,226.3446189008464,Syn
17,2940,3,0,1473.818782451062,1472.7583234382685,2939063393.1267242,1997515.4832576888,DrDoS_MSSQL
6,50625,4,21,554.1521004635146,1.3869950148814687,2903201.60242298,6430.963853417752,BENIGN
17,89883,2,0,1032.8027207326957,1380.4519479823507,2601883107.8509474,1998557.5074476658,DrDoS_NetBIOS
0,110354726,35,0,-2.891289643518791,0.6969883910487138,-11000.223419724032,-2020.4536208170412,BENIGN
17,-29515,2,0,1472.8182624149072,1471.3191661096341,1023431164.0929706,1996841.8214799613,DrDoS_LDAP
17,-110977,2,0,227.15709548585178,226.40470119395866,434712783.1495056,2000503.9834138593,DrDoS_SNMP
6,-7797,2,0,-8.962153470684013,-8.788957115452694,-7372878.269827907,2000043.1168310612,Syn
17,-904,195,0,396.2765044341462,29.253036005360983,1828929.9255394933,362450.2383644567,BENIGN
6,-55890,17,0,5.109195518143685,-3.3821473319948554,-2178501.494636176,15090.723974079025,Syn
6,186822,3,0,-0.0584330131062228,3.196418588902262,-2579161.3382589016,1994680.3083935005,TFTP
17,-2687,3,0,1470.082330385157,1466.7925486239021,161252914.06109798,382154.5111327901,DrDoS_DNS
17,-27084,2,0,821.2780573326057,1472.1086859467625,147250091.3225799,2850.8284086398116,DrDoS_LDAP
6,-100715,1,0,1.3251620745084305,0.033424358175120114,-2055246.9810018495,1998535.0760355098,TFTP
17,-62875,2,0,1470.2749609524124,1474.3123149986568,1475314222.8945005,1005095.9852995226,DrDoS_SSDP
17,28094,1,0,1474.5343309320212,1476.888518970517,1474997148.560279,1004024.835209041,DrDoS_LDAP
17,17809,3,0,388.1815990404395,386.4808408721281,779510644.4519527,1997051.7591933908,DrDoS_UDP
6,48163,4,7,51.62046870104999,1.84914673452449,487127.1974954773,-11561.809315723447,BENIGN
0,113734495,37,2,-5.065912309189618,-1.224485298147214,-4621051.4753382765,-11589.262990869407,BENIGN
17,33649,4,0,1470.6018488051398,1475.4002301431976,1470692551.8811247,1000151.9862043875,DrDoS_SSDP
17,-22140,2,0,389.9825538352338,391.0165487111154,766204058.1475621,1999076.0756125362,DrDoS_UDP
17,2940,2,0,1471.7176797129364,1476.7571208240229,2931894358.0135474,2002436.1507389816,DrDoS_MSSQL
17,-3377,2,0,749.6340227923448,566.4943906890245,915754889.3287473,670532.8445738364,DrDoS_NetBIOS
17,-30379,1,0,1366.6545071569715,1336.5875732113702,2656480192.571068,1999830.8969475497,UDP-lag
17,-50422,3,0,1469.706565803608,1471.7438140735387,2944314347.681181,2002516.222287103,DrDoS_MSSQL
17,171733,5,0,389.53794078494525,334.1774490033941,3098877.2020967007,11003.18781498338,UDP-lag
6,179213,6,2,-1.7972243481404144,1.8125182614600082,-5376754.806130822,5631.900543559519,BENIGN
17,27637,2,0,603.7337724054419,578.0972897678993,949981241.2232213,2002723.8010369088,DrDoS_NetBIOS
17,-36589,2,0,387.22770152728225,390.3576663040885,957012987.682954,1997469.993781325,DrDoS_NetBIOS
17,-76988,-1,0,1469.819780243448,1470.398414355122,2933658823.4898334,1998566.5126077111,DrDoS_MSSQL
17,56172,2,0,396.04024735979476,394.43718487999223,775004370.5399725,2003747.6613358154,UDP-lag
17,50656,3,0,1475.7177744723563,1479.878677199476,1479959630.4492698,1001680.484291849,DrDoS_SSDP
0,118046651,49,39,590.5123661682737,-1.2446759586455873,-3095087.1559883794,-20563.828737661883,BENIGN
17,-61941,1,0,1474.0327289299564,1472.7635151152228,1471157865.2972953,996740.1255415446,DrDoS_SSDP
17,16292,3,0,379.5833983282697,383.2817573184804,792681848.851409,21434.159665279712,DrDoS_UDP
17,114976,6,0,401.56845471346503,328.38968138049484,6839419.907561877,8181.1396867134445,DrDoS_UDP
6,6393,2,0,2.447931043762124,0.29779288655807096,-1390005.7204289252,1995934.536757206,BENIGN
17,-47811,2,0,1466.0164416466182,1473.4010257868636,2911749234.3618445,1999220.2918392757,DrDoS_LDAP
17,6090,3,0,1466.6573245069278,1476.999095951044,2945882866.677698,1997516.0210137875,DrDoS_LDAP
0,120085440,48,34,-2.071927932699184,-2.34870200505952,-1221751.68659835,-12995.750991554349,BENIGN
6,116223308,30,8,5.488158079158785,-0.528739626661962,-4012154.636783881,7133.969043286626,Syn
17,-76810,3,0,400.9610675403888,385.6306880773864,769378005.791655,1999633.4387765396,DrDoS_UDP
6,13876824,3,0,-0.23199331660292333,2.233486478209636,-2838510.6523741335,11605.538216396973,BENIGN
6,67836,2,2,-1.2803602001285288,1.6523963808132445,-2899892.5704886923,18312.0000463765,BENIGN
17,138325,6,0,399.47057441834573,333.14464915790927,3147002.240731814,2445.1047186619453,DrDoS_UDP
0,33752,8,3,-5.129906280111796,28.00479719931824,128954.90370396175,7066.465667773121,DrDoS_NTP
17,6877,4,0,1385.921724959072,1478.247218188932,1319613897.7734451,997515.5104880215,DrDoS_SSDP
17,29232,3,0,220.03501397819073,225.8513216049619,424544483.54037195,1002075.1518355319,DrDoS_SNMP
17,-3733,3,0,1469.2862130792296,1473.2058659304432,2941442433.8635364,1001993.3176631457,DrDoS_MSSQL
6,14163270,2,0,3.13036040207462,4.3593700911608515,-3304423.3434661822,17204.39937997636,TFTP
17,2788,4,0,396.3713211721155,399.310235671815,760338163.3562405,1996403.523977264,UDP-lag
17,114884,4,0,380.49776437288807,652.8947717336732,342243.2856264771,-3966.939748890127,UDP-lag
17,57469,2,0,1465.1760789422838,1378.0821525170172,1470680352.930785,993703.4527157272,DrDoS_SSDP
6,2151,2,2,5.9646489360867525,3.7055764635087374,5325683.870417488,9949.458997747395,BENIGN
0,117211148,230,3,1.0562525550548327,29.02834738586351,-4503703.880182623,-5788.968369251081,BENIGN
17,-56742,1,0,1472.56310243002,1476.378517225834,1302014775.261592,999409.7869107234,DrDoS_SSDP
6,56959,2,2,1.6482626304898254,1.112362083467271,-1093113.142661141,21038.810803228513,TFTP
17,136577,2,0,392.3053877798962,326.76977886441534,3156981.6743044807,9459.31275524984,DrDoS_UDP
6,2262957,2,5,3.009643962220484,0.7683285772615762,2572438.325695237,14980.820044430688,BENIGN
17,-59364,192,0,442.11166282716766,442.1704987054373,4082966.035878055,14874.916984324878,DrDoS_DNS
17,-90248,4,0,1474.4268783971618,1472.8592765511273,2917961223.473725,2001123.5514888093,DrDoS_MSSQL
6,54027,1,2,-1.4878349496989305,-2.272040682620935,-3308829.2400357053,2004236.3667089404,BENIGN
0,105095052,40,0,3.9118643691002255,2.9702805354554624,-696199.814291805,-4058.454694537182,BENIGN
6,41060,2,2,2.836513435946357,2.3996628458103717,-1940151.1871330075,19510.149443375747,BENIGN
17,-100778,1,0,444.74728477107027,447.4884470973528,1368260441.6703343,2002974.1905316922,DrDoS_NetBIOS
6,31862,-1,1,-2.308818882337988,0.9103506824763472,2734869.4574737423,35506.76130703113,BENIGN
17,59250,0,0,1466.8421808766957,1473.3907623287203,2926244872.596978,1997903.4643626057,DrDoS_MSSQL
17,105668,2,0,1465.2993788741792,1469.3439163123849,2925545154.158301,1997288.8372277946,DrDoS_MSSQL
6,-30833,4,0,-0.9191531952438722,-3.278985567079016,-8253013.417919573,1993831.9261292443,TFTP
17,128140,2,0,1474.487765174017,1473.0537682704617,2954950506.0964136,2003579.4609165222,DrDoS_LDAP
0,85810244,39,0,-4.703817071771886,-3.7532099638080614,2059000.1860413165,5044.529868403686,BENIGN
6,63383,0,0,5.884123775435013,2.276840818772573,1822381.9791733406,17150.561623389636,BENIGN
17,136844,3,0,1478.3189784466656,403.58722300147207,1229298044.5854719,663449.3316579275,DrDoS_MSSQL
17,41016,2,0,1466.9865039054107,1470.5581961771647,2919745549.089348,2003159.4569126181,DrDoS_LDAP
17,-62539,4,0,1474.3918948681926,1470.2186619829183,2925884956.3768735,1994787.647293625,DrDoS_MSSQL
17,-36144,5,0,389.7349827475765,387.2440956229669,785729749.0466546,2003588.1222167143,UDP-lag
17,34902,1,0,224.14169150684202,231.4362362397763,457980446.35765314,2001630.344740523,DrDoS_SNMP
6,39381,14,0,0.40405020456942925,0.040023065761339065,-2307126.0805728,8355.312654862577,Syn
0,106896431,47,0,6.564168183923547,6.159980177117561,-2510944.5630498026,-22307.132489155112,BENIGN
6,28903,8,0,1.497745110013024,-0.718076022512861,-2716790.981958067,1994549.995687072,Syn
17,-29869,3,0,388.5391646628695,388.81585485486613,779342857.0211334,2000716.4590423312,UDP-lag
17,-23044,1,0,389.55214830884404,385.74522113239465,781435953.0874119,2000969.8108337075,UDP-lag
6,120993305,30,0,-6.258425539461182,0.505617768585163,-3745432.814128468,6524.049115093119,Syn
6,104328,1,0,1.9315752194060267,-0.4312594209870718,5404049.454167901,2003119.2514632381,TFTP
6,22470,4,0,-2.5020218874742253,-0.7818518625087011,1033989.782725244,1996375.228524239,Syn
17,52080,2,0,1472.2371191016955,1474.8318864456437,2934125675.0770855,1999973.6685496282,DrDoS_LDAP
17,79184,4,0,398.07291798522164,333.67210095366147,5345495.910133582,7269.359854688346,DrDoS_UDP
17,55718,1,0,1465.3424702800294,1476.1069151085687,2923219597.311665,1994778.032616545,DrDoS_MSSQL
6,203454,2,2,22.31372013102219,57.03531885961552,1108663.7101909162,18561.395570419947,BENIGN
17,49674,3,0,389.4116992187368,392.70184078522794,801070.2782480735,1998464.2503106804,DrDoS_UDP
17,-85372,2,0,396.62844573172833,391.2240742156137,788089198.3459071,2002350.8866365233,DrDoS_UDP
6,-29220,2,0,-1.1820891841794716,2.421760085408942,2962222.2026307466,1999090.199053705,BENIGN
6,7352594,6,8,-1.5422637778987223,1.7445967268312417,-2925071.4614300244,3018.001515500914,BENIGN
17,37000,4,0,615.570501972877,623.6948408574591,957358503.9730443,1996824.9343409126,DrDoS_NetBIOS
17,-42877,2,0,1477.2697235206124,1479.0724974870768,2942985233.601045,2001641.1180281912,DrDoS_MSSQL
6,58448,5,0,0.6664411885739836,-2.056307423028505,794825.4822071436,2002353.8214913215,Syn
17,100944,1,2,-6.165225755289016,34.1493715225877,-1180647.2538348034,7624.80137860112,BENIGN
17,-133204,3,0,392.01026884016096,389.43970045540715,802310898.8004912,2001862.4144542317,UDP-lag
0,3518277,215,3,-3.212418505167381,1.6716401147714595,-2816890.2463129144,-12506.87736415086,BENIGN
6,11675685,2,0,1.8778141723065276,-1.2853650280013593,-7476388.117941276,15041.475305819251,TFTP
6,156357,1,2,-2.8997286407756944,3.6251345172162353,-6252466.341729145,30951.012885814223,Syn
6,4294575,26,7,439.2573841026699,-0.9095008135566861,-1285001.8294067003,10201.560897611991,BENIGN
17,84847,198,0,448.48749804612464,453.54726110006806,952867781.1975164,667079.7521703503,DrDoS_NetBIOS
17,69668,4,0,1462.8405441990417,1480.2248032453392,2928435912.1716437,2005433.6905829005,DrDoS_MSSQL
17,67057,2,0,1471.7529392216716,1468.7174669400617,1220274269.9060936,1004997.6150324128,DrDoS_SSDP
17,-19920,2,0,427.9975681444142,432.32608151943253,830583126.4429574,10214.489000600473,DrDoS_DNS
17,10237,200,0,443.2656242839626,442.29600609763975,15767.329569050577,658069.383463331,DrDoS_DNS
17,-49676,3,0,386.5761865868514,327.25229897419763,761694174.7624571,4342.516593863471,DrDoS_UDP
0,123493125,51,39,1.251303326380694,0.9297378884760856,-3155871.564308632,-13615.729547591585,BENIGN
17,37255,0,1,38.64196632309081,49.48000511206621,1576929.4987326819,8747.496917179633,BENIGN
6,108714,4,2,0.2886623868786031,1.1026949561218056,2733387.3593923105,20101.936812840708,Syn
17,19590,1,0,445.9080442230077,574.6165521706424,1203934167.2380383,1998628.8634561806,DrDoS_NetBIOS
17,51970,4,0,217.82125499489942,230.32777378976917,440989440.8033592,2003216.4273657373,DrDoS_SNMP
17,-35276,3,0,1417.2950614090319,1373.4514360812366,1455289711.2931006,997440.8740850629,DrDoS_SSDP
6,3625,5,7,571.1970096163229,6.2414970847763245,5160618.434451502,17255.04163873864,DrDoS_NTP
0,9156739,7,2,-2.4571016946438626,-1.8795011770130765,-314611.02845023014,14626.744678136514,DrDoS_NTP
0,115560087,47,13,3.5221018705662472,4.956572768319621,-2296335.740850716,-6556.9759219226835,Syn
17,26657,1,0,446.06514927718644,454.1455577777714,948877699.3719223,1999392.875022307,DrDoS_NetBIOS
6,7443383,45,24,1030.9588752369364,2.5812328283807533,-1666906.683434617,-22495.6050646165,DrDoS_NTP
17,27571,3,0,453.15762582889056,443.97945673999436,1027711279.7061021,1994212.2477527098,DrDoS_NetBIOS
6,12342845,4,0,1.7296608661228814,1.1614035163232799,-2121253.02365663,26069.158511666566,TFTP
17,6976087,200,0,397.55393499307087,326.6997903070546,-2947254.213860998,-11239.820027982034,DrDoS_UDP
17,-30368,1,0,1476.7458218354482,1477.2405358657102,2933649795.7938743,993508.500988729,DrDoS_LDAP
17,21717,4,0,1465.074410183585,1474.4700770381892,1466360958.2753258,992895.0982483183,DrDoS_SSDP
6,18672,0,0,0.9256095558141695,-0.7337771645194473,486449.36209202965,26484.575538981397,BENIGN
17,-91829,2,0,228.64961072738728,225.81432559066442,467434604.9840799,2006953.33056911,DrDoS_SNMP
17,42938,1,0,222.5970940136514,848.9867691985446,147946822.06204402,999114.1871186467,DrDoS_MSSQL
6,14305704,4,2,3.5228437417795377,-0.943419750997027,-126391.55110866157,17462.263290898492,Syn
6,155661,2,2,7.913581719087403,2.878468609696429,-787460.8458334187,22901.770441448447,BENIGN
6,116878395,15,0,-3.8089368002767294,-2.2716710747391855,-3370643.8561684247,3919.6002823898943,Syn
17,-18669,2,0,1468.467560111675,1475.3095444410897,2927201130.413067,1998057.0057104041,DrDoS_MSSQL
17,3914,195,0,439.91082793188997,439.82643023314796,917748116.6963755,671718.618041932,DrDoS_NetBIOS
17,80358,3,0,392.32621820541607,397.9904048906243,765970184.5636451,14525.268707958998,DrDoS_UDP
17,-38317,3,0,1469.2530319082114,1471.0986123593718,2917888554.554348,1999244.9084170258,DrDoS_MSSQL
17,17221,2,0,384.146506276467,388.99297284208274,804922302.2861494,25819.31482093023,UDP-lag
17,-9084,1,0,396.79709361993224,393.8745077069512,812079191.7241622,2004055.8128442047,DrDoS_UDP
17,27490,0,0,25.15339280266537,327.27738558058195,185537582.67955235,9816.254569145163,BENIGN
6,92312,2,2,3.3938212060823214,-5.560735479628925,-1500933.1721612902,13812.528887043702,Syn
0,108272534,42,0,2.026301672191355,-1.910842818774992,-4056708.5746537363,-5579.875505641528,BENIGN
17,-90303,4,0,1471.9848335223332,1475.1037169357955,1468054497.4607365,1001110.9947394076,DrDoS_MSSQL
6,109507158,16,0,2.7713172892790716,0.6047038319774198,-1717313.0498962428,-2137.1167242930187,Syn
17,9622,199,0,440.39643320063,281.0379859729607,5739453.229244243,4624.038623867544,DrDoS_DNS
6,110382601,22,0,2.7855185814126604,-3.3005830614099274,-3226168.886874279,1291.0263940439017,Syn
0,-115956,6,2,27.2473900373961,41.90588185049037,-1108957.8891338112,18011.814992299267,BENIGN
0,11414209,7,0,0.5571993791826209,-0.9368188198154865,2574367.885064679,7703.9565105953925,BENIGN
6,16156,2,0,7.740885547616481,2.377838053698288,3128219.20092429,22213.787210040187,BENIGN
17,-139472,1,0,223.24731020006647,226.10775387422223,440275908.00669056,2002102.5211351058,DrDoS_SNMP
6,88802,2,24,32.62026107315891,4.8625184071965855,634810.9634915983,14848.126896202286,BENIGN
17,24220,2,0,592.8672233622607,585.4769267150889,951162633.9267561,2000400.6196122274,DrDoS_NetBIOS
0,91133153,41,0,-4.366931874439652,-0.521859110356697,4951865.5303443335,5586.381881209588,BENIGN
0,2114649,7,3,-4.105068070085275,-3.394235944270991,-87760.50289122644,3976.389239750678,BENIGN
6,54914,5,2,47.212013567655305,38.22275122912697,-2529533.398753022,-8213.240619353786,BENIGN
17,39904,3,0,387.9802390070388,387.30264998234145,789688668.9140924,2003323.9837388596,UDP-lag
17,63686,3,0,390.8904321852003,328.09173931548855,6031774.024974003,10546.741913825002,UDP-lag
6,30800,3,0,3.7002499102538318,1.1247049948189334,5883973.562040293,2004282.0746889801,TFTP
17,11487,2,0,1392.149230683522,1365.906313091698,1204948829.2066236,998522.832178841,DrDoS_SSDP
17,10003,3,0,29.792163135875377,515.073064916969,2735215.186411329,2948.052859346042,BENIGN
17,59226,191,0,437.0121402268773,441.1871253372891,6409897.334535522,-9397.30048717808,DrDoS_DNS
17,40368,2,0,1472.9566946137877,1475.1891409851544,148825744.15874714,678215.8180834156,DrDoS_LDAP
6,19501,2,0,-1.2408107522978142,-1.68990185052534,-3605482.384408825,2005148.9004156373,Syn
17,15972,2,0,1476.014635460341,1472.0548315211124,2946729457.510036,1000412.8888579193,DrDoS_LDAP
17,103801,4,0,1470.9403391573137,1472.4187395436409,121756658.91977659,423685.1382200271,DrDoS_LDAP
17,70662,3,2,54.60820626464776,63.87652866152246,2092206.8062810972,18317.100252645723,BENIGN
17,-53395,1,0,223.23154549480978,225.4263800652889,439335681.1873261,2001617.0182064811,DrDoS_SNMP
17,-3348,-1,0,1470.228981975162,1476.2861357086504,431650616.5913098,2003031.2032425979,DrDoS_LDAP
6,97597,0,0,1.3744071412670729,6.683992968739084,4557271.780091576,22400.444017354086,BENIGN
17,193506,5,0,438.2813302702283,326.9830712765552,-5201792.87932642,-12145.516401425219,DrDoS_UDP
17,-9538,2,0,50.656988475738544,402.473004852475,2070825.229662594,998176.5983193599,BENIGN
6,136341,2,0,3.563612220552915,5.707636345665988,1012330.1197873775,2001024.3940439827,TFTP
6,57987,2,0,3.6487559478558165,0.8050098356433021,3935512.3755742833,1999401.1623153226,TFTP
17,9243280,227,0,386.3557593927648,332.51762698323995,-473042.25358009664,-22097.37199578141,DrDoS_UDP
0,121362322,56,47,2.7264477833017913,0.9024623207270609,-3220697.887490824,-22282.26616811244,BENIGN
6,58253,1,3,33.47499547039924,3.008642956393935,-3717940.9214362167,24250.271678431036,BENIGN
6,11143374,1,0,-1.442840424234742,-4.381269366040774,-2116555.082767157,6358.831539703832,TFTP
17,44732,3,0,229.3779724343301,235.61530233128695,449403988.9299135,2003524.59536497,DrDoS_SNMP
17,-39222,2,2,1467.0514054828043,1469.09993545657,65475226.65838899,996256.9614956549,DrDoS_DNS
17,11882,3,0,919.3316764597778,785.5380691005146,4753026.564576313,1003663.6173081609,DrDoS_LDAP
17,15133,3,0,1470.3844370031477,1474.265228022878,1238746185.587169,1999459.3748317163,DrDoS_MSSQL
17,42944,3,0,225.3388247170412,226.85358261631796,5641722.530219571,16286.377267409878,DrDoS_SNMP
17,55142,2,0,1472.5487742167018,1477.434878264311,2957148157.964749,668579.4044859784,DrDoS_LDAP
17,14258,2,0,227.18996052675107,228.66300045447898,453308814.4967085,10979.53900864361,DrDoS_SNMP
17,-74332,4,0,226.72777917467724,232.10083553688258,432314112.30905807,1996751.35425872,DrDoS_SNMP
6,3516684,31,26,444.07617748009625,-1.3807894834908434,4121968.447437999,494.19698723734837,BENIGN
6,4603697,5,2,-1.7572256304755645,8.600907810300138,-1336368.3452547758,12928.640790005487,DrDoS_NTP
17,30764,205,0,1469.5638704511778,633.0298767308493,197016113.32515883,997220.1115233775,DrDoS_SSDP
17,39939,192,0,505.85953412395276,450.336543150522,-319703.953913972,-670.3433730014676,DrDoS_DNS
6,13672092,5,0,-4.306377333902203,2.8541419927368645,-3663485.9295354458,-8224.867541855438,TFTP
6,110274793,17,2,-3.476764752718634,-2.313618470808542,-5182457.29059186,-4387.338587922581,Syn
6,116490519,33,7,2.6429093013603704,2.5323345909136616,-3800721.528141152,2403.2184589085828,BENIGN
6,96820,2,0,2.3092772784168516,0.513566163949973,-436300.5012688751,1999365.6456121278,TFTP
6,84771,0,0,2.691553401506874,4.41143124254296,-321875.76512050396,1995956.2593207625,TFTP
0,106009810,6,0,-5.43760021544373,1.0101919521527352,1520666.400521653,9949.707337538559,BENIGN
17,182444,3,0,1470.782871423139,1478.399853842733,-7242438.0701227775,6413.261846582957,DrDoS_LDAP
17,61940,210,0,436.4660564932836,440.7342030572437,33246.235802611336,109.68036035607292,DrDoS_DNS
17,-79084,0,0,232.36046070534383,230.02735383912363,455761416.29615635,2006995.888282709,DrDoS_SNMP
6,13300200,4,0,1.2639739483074561,-0.28973493081489243,-4439257.107247129,21369.075003825263,TFTP
17,-26343,3,0,236.97103889260913,231.2676630492647,468253607.66582495,2001117.545472085,DrDoS_SNMP
17,-39094,2,0,1472.0708243137012,1473.0589593618445,1455478066.6454866,997838.6376181185,DrDoS_SSDP
17,30503,0,0,775.9092734451893,650.1280295486654,1286289099.7259865,1997844.147313995,DrDoS_NetBIOS
6,-82428,2,0,0.5762407201136728,-2.407303002727743,-4459139.20538924,1996807.5921576521,TFTP
17,-8435,1,0,545.2044043485181,579.9540709825413,1236948369.5593286,1999154.5255825226,DrDoS_NetBIOS
17,46833,2,0,1469.1863009216697,1474.4959475872354,1459944138.5613372,1000985.2447484533,DrDoS_LDAP
0,105888709,31,0,-3.495208461698933,-0.16521699563644165,813589.6652927223,-3141.241130127981,BENIGN
6,114562185,12,1,1.0790081630991066,-0.4758025931289409,-2557398.399537855,5602.655067943593,BENIGN
17,21805,3,0,1467.5576084906043,1472.8067538614703,2927484014.0552425,2002914.7892251785,DrDoS_LDAP
0,111625356,229,0,-0.36225225379711806,-3.4048496661734875,287410.42112330906,-2397.3109865113056,BENIGN
6,94253,4,0,-4.102379969226134,-0.5773150105377352,1214701.5669488425,1997861.761467338,TFTP
6,4771314,5,7,953.200641018216,5.020248460072052,4063025.9583488945,934.0056023196448,BENIGN
17,58433,3,0,1474.1140445406313,1480.0588475965371,2936043441.895783,1996125.006772254,DrDoS_MSSQL
17,119203,4,0,397.95875280414594,337.42584285993615,5657786.041509114,108.88567302434967,DrDoS_UDP
6,-543,2,0,549.6649193278845,-0.5490231317749423,-282646.1334164087,20581.684241686125,TFTP
17,20549,22,0,393.9706831507456,324.2686710061062,13325934.160482485,7374.368314011566,DrDoS_SNMP
0,-48168,6,0,2.1070642607338477,48.86161354653807,1799953.5189580168,8000.113551013386,BENIGN
17,45546,1,0,1471.2428096534748,1472.5143660053136,167645913.51684693,17483.20988598156,DrDoS_DNS
6,103690,30,0,1.5537115202632445,-5.658666075746546,-1619766.4891100673,12636.147050274358,Syn
6,-8877,3,0,-0.39414777460673284,-0.6910337835718209,-4798441.557398431,2000449.132485047,TFTP
6,4377303,30,5,446.1155602720037,3.546504313510559,3302807.4827899337,-120.71312692255742,DrDoS_NTP
17,105685,4,0,397.3255419144337,390.06605143022745,1643452.6752433,1999564.809136046,DrDoS_UDP
17,80384,193,0,435.3351936691811,498.46323904355665,4436139.150969379,4596.806721930438,DrDoS_DNS
17,-52834,2,0,392.94726209689117,395.4760747959869,764285852.4877692,1994675.2668334495,DrDoS_UDP
6,103137,2,0,2.094303421059016,-0.5379417563070948,-4782757.596355585,1997460.7949827039,TFTP
17,49620,2,0,396.5671790556406,1479.0520305918694,784351949.7606815,2002055.5016176717,DrDoS_MSSQL
17,112821,207,0,449.42886230226105,446.85114839732825,819555.9052738848,7762.094877077232,DrDoS_NetBIOS
17,-7961,1,0,390.2592512326521,395.09142298453196,782074304.335094,2000952.5480770483,DrDoS_UDP
17,94432,3,0,392.05777494912337,394.3187261854158,792244024.095011,2002411.6463762678,UDP-lag
6,110389034,34,26,866.8617288177701,-3.367094995680094,3102025.6707096063,4096.98015466783,BENIGN
17,98359,4,0,393.42569114325084,397.95454399428695,1054489.6901577066,7832.631463249324,UDP-lag
0,4319172,7,3,1.4785871771938421,38.5034069117015,-4581257.215668177,-9801.553774578497,DrDoS_NTP
17,-29318,3,0,1463.9467482261014,1472.3308262298185,1460135614.567161,1998904.3945301764,DrDoS_MSSQL
17,-88806,2,0,389.34757914617205,389.7954992922791,802652881.8935698,2001712.0184771551,UDP-lag
6,-13146,1,1,599.8911691964469,-0.35395966732939005,873180.4632455729,16885.180524742416,DrDoS_NTP
17,-8899,2,0,1473.1268839108268,1473.2569566049874,2923837062.419666,1993947.1857876212,DrDoS_MSSQL
17,-22896,1,0,1474.6560972912646,1473.4991213107828,2924870987.2217426,1994998.324518316,DrDoS_MSSQL
0,113037489,47,0,2.089328106269656,-0.9029987026860444,1515430.5984810016,-18507.817831272783,DrDoS_DNS
6,-44092,18,0,838.2460536061177,-3.8822730523173856,245207.60108289565,16597.530854774977,BENIGN
17,31372,1,0,231.56380079956332,230.2312764694079,453882733.5958751,2001152.8720796583,DrDoS_SNMP
17,19190,2,0,1470.5073757368118,1472.1221139065099,2921509165.884026,1998935.9873788864,DrDoS_MSSQL
17,8710,2,0,231.2724337546916,224.66651056926779,10793473.987430079,36818.43895079371,DrDoS_SNMP
17,-131750,3,0,382.37570772644995,383.5541889916949,791383248.0596256,2001886.1454221539,DrDoS_UDP
17,-26105,3,0,1378.1666621852448,393.9817135828861,458005145.6615031,1993727.236070852,DrDoS_SNMP
17,-91228,2,0,444.7215246184614,576.231714705693,926338924.6270859,1998875.5305295559,DrDoS_NetBIOS
17,34182,4,0,386.64097689095155,325.99805533616046,4596705.547554239,-2808.2371063468545,UDP-lag
17,50581,4,0,1467.589975247923,1460.3344547139511,2941012450.316697,683247.0641374632,DrDoS_DNS
17,54572,4,0,379.5935282624694,334.5537427762274,1169681.227186817,-1359.6664842132122,UDP-lag
17,228026,7,0,400.9470092735811,338.03693735686187,504323.9910633522,-9266.096222627864,DrDoS_UDP
6,115668064,2,2,3.3119301681264783,-0.025990969897314864,-4344766.811743066,5984.565859620842,Syn
17,23508,3,0,222.0522227215194,230.40411262493262,468163590.17442536,2001055.4582194414,DrDoS_SNMP
17,11226,2,0,224.60341123594947,228.2796333867516,153094217.37395883,11254.804680705347,DrDoS_SNMP
6,12936905,4,0,-0.15011288893331143,1.362982121977221,3098277.544917688,22552.159993585636,TFTP
17,61040,2,0,1463.6376681548354,1468.699405572593,2917470062.9729934,1996072.6264423458,DrDoS_MSSQL
0,76663038,31,0,-6.273898853338382,-1.1318455171296882,-374004.199904402,10434.642523258357,BENIGN
6,-3617,2,0,1.262154678315139,-2.4762623166125106,5759664.95093865,2002519.1120497512,TFTP
17,-29344,1,0,444.8762471679156,442.0572038694149,898799368.7137709,2000170.5584478232,DrDoS_NetBIOS
17,21582,1,0,942.2748260842611,546.740879034931,911482809.7596279,1995971.641155006,DrDoS_NetBIOS
6,48788,21,0,-0.21138583679392892,-0.6805488711227244,-2410781.950846142,13802.172828984973,TFTP
17,47283,2,0,1467.3445570034435,1474.1495208504048,2937280821.6592813,1999481.3623438634,DrDoS_MSSQL
17,217934,4,0,387.5411795728329,327.13816285365823,3494222.5369963846,-2140.9041948754657,DrDoS_UDP
6,80388,1,0,0.08842505564859891,0.9943444055870009,-6874215.814592174,1999194.4281414885,TFTP
6,134119,6,6,43.46598465112389,59.67982477782771,1453005.4288695336,12382.010257590075,DrDoS_NTP
6,28034,5,8,33.62024961147016,55.02196888857729,4043113.796820907,-4970.718789155051,BENIGN
6,-111140,3,0,4.945318374067366,0.8157489918374041,-6454231.387581506,1991817.015610524,Syn
0,121491094,48,44,-5.342108124403953,-0.30528723371939703,-690142.7130952908,-17966.529492039383,BENIGN
6,113610,3,2,-2.3655115212080835,5.93237033180631,-1739446.1440559018,26171.76096268749,DrDoS_NTP
6,124832,5,2,3.7794981987453973,1.9477997259271582,-3986632.969558933,19266.374484094173,TFTP
6,128552,2,2,26.42783364829797,1.695520878391034,2017855.6911318577,14392.128259339303,BENIGN
6,105398125,17,0,0.16061284474389764,-2.3040648816926197,-2923102.041231987,-4630.0705200812645,BENIGN
6,113076,3,2,-5.833489275138265,1.9409340935321016,901231.2128074319,40490.31717853874,TFTP
6,42279,4,2,35.535739141559354,1.439891878456084,464541.07226872875,1476.2976963368656,BENIGN
17,-21576,2,0,392.3013951018028,394.7676364745515,792825763.6104617,2004731.616627897,UDP-lag
17,-18517,0,0,575.0210519555214,383.8396948241957,863561840.0190384,2001910.1031391735,DrDoS_UDP
6,68055,3,0,4.167765556373872,1.8756164132319462,900030435.8016363,1999049.921134798,TFTP
6,-25679,2,0,1.032328117879322,0.4497020164422659,2868136.420720583,14918.7758128148,BENIGN
17,-2948,2,0,1473.215038582128,1475.486625362896,1471657196.1849694,995846.744106339,DrDoS_SSDP
17,74405,1,0,1472.8922455683878,1474.5041938979402,2930696133.8956532,1997199.8193970923,DrDoS_MSSQL
6,14748,3,0,-0.4053462647915614,1.1292694308364521,-1374104.8735308235,2003039.8939171047,TFTP
17,54700,2,0,29.81462614835142,1473.9022076535534,152090122.09471938,996622.7818922919,DrDoS_LDAP
17,-29502,1,0,1477.4141533152222,1480.3458561000723,1466444605.7392845,998423.4502585714,DrDoS_SSDP
0,110366096,233,3,4.097671701582232,0.6848470487858557,-3453418.0207192423,-11290.62688404776,BENIGN
0,107650438,222,0,2.8873630205039955,2.6437585305801496,1132304.536836929,8828.207638075068,Syn
17,74342,4,0,1471.2551632013503,1477.2570595224097,2920433154.391935,1994164.3042327026,DrDoS_LDAP
17,139474,202,0,435.435422376512,439.60694814648025,1849805.5246367618,3041.4563424747384,DrDoS_DNS
17,-123127,2,0,396.1149622423287,401.74757044920676,774991876.8189477,2001055.0389912801,DrDoS_NetBIOS
17,154,2,0,1339.7222794350223,639.9138593508517,978223269.722086,1997808.4561041794,DrDoS_NetBIOS
17,-11236,1,0,1466.2008082170516,1474.9049121895487,1468992049.168269,2000503.828490115,DrDoS_LDAP
17,-66974,1,0,386.3637042275857,390.23943074697246,803361109.4944049,1999757.2916298574,UDP-lag
6,-88650,-1,0,1.328061532269298,-2.7388397234022626,-5495504.643499172,2001568.8752503358,TFTP
17,-9079,2,0,229.48622792475007,229.76568346221157,429638600.1487899,1000716.2603785137,DrDoS_SNMP
17,5543,2,0,224.30916188089523,224.6018201790179,436506549.67393243,1995829.4862192823,DrDoS_SNMP
6,49042,5,0,-3.858863593083283,2.079300234557264,-1532370.3474037338,17206.226698811806,TFTP
17,119091,3,0,388.9919003125636,322.46473154871234,1354069.573090556,6528.527894350039,UDP-lag
17,44205,3,0,1476.8382926115785,1480.2701364344632,2927909225.809327,998086.9194005477,DrDoS_MSSQL
6,30848,3,0,4.139398380147603,-1.0922459057367369,-3402904.5534454295,1997156.6613137235,Syn
6,33166,2,0,3.4746221129156605,-1.3733364622825155,-2515554.1927432604,1995974.9632869563,Syn
17,10540,3,0,1468.5433909482506,1479.899818673056,2926419091.3430147,1997368.552676765,DrDoS_MSSQL
6,-83318,2,0,3.348212739141688,-3.5704904343288137,253757.41328787105,2002265.5604357328,TFTP
17,12,1,0,1469.998219651987,1471.345285270382,2929666010.593349,1998708.8026910503,DrDoS_MSSQL
6,111498152,8,0,-1.9297639208873654,0.42572190687184097,-5652345.327619978,-1590.8223168972763,Syn
17,131551,5,0,387.84662153413024,326.59894903249017,1082045.1991218582,9423.13412356886,UDP-lag
17,103404,201,0,441.5735461211189,437.0994981416361,-1121206.034647846,-620.4259199087483,DrDoS_DNS
17,50907,4,0,1475.3930093112367,1473.107904648791,1465854172.129505,996325.4123836254,DrDoS_LDAP
17,27586,1,0,1377.489854304439,1345.3896333518362,1250493903.462499,1000754.3243171885,DrDoS_SSDP
6,10507,2,0,2.4330800383299396,-0.26085757214181066,-1488158.9173944069,2000880.4283363456,TFTP
17,-27572,1,0,1468.1627535539917,1472.542732113717,1477373240.852522,1000416.9315246599,DrDoS_SSDP
6,13645,3,0,-1.643484938461729,1.0334503580696275,5923486.245890883,10920.23907610368,BENIGN
17,45436,2,0,227.98799939661868,233.06722256641152,459836063.66449416,1999553.0980926992,DrDoS_SNMP
6,6583922,34,8,546.6101698953051,-0.3046027951719062,-831543.0301257826,9348.26675132935,TFTP
17,-60471,1,0,1333.095996882498,535.389910786304,1453046115.2261698,998808.5805285249,DrDoS_SSDP
6,71880,3,0,-1.537660490059734,-0.14046822063259884,-3631722.888663942,1997681.4648855275,TFTP
6,-49460,0,1,-1.936061216710935,-5.351637013497022,-1572082.2011857594,17580.41989832784,DrDoS_NTP
17,-84175,0,0,593.7209703557947,448.01422618403126,975433871.2251326,1999636.1555463746,DrDoS_NetBIOS
17,66304,2,0,1467.1775256458857,1475.1478016864733,128707540.3877437,6194.184279532625,BENIGN
6,137898,1,2,1.4529555146486166,5.5112298158136035,-1155321.2670411442,17216.763813904327,Syn
6,87361,4,0,0.6576186446273717,-0.29248222951976616,-6726254.566228639,2004250.6846261108,TFTP
17,-55028,2,0,391.82829654948273,392.0642772401419,772523208.8020486,2003451.7591744193,UDP-lag
17,8641,3,0,235.87571149903036,236.48139078078847,458319274.4949691,1997308.957345171,DrDoS_SNMP
17,-78067,3,0,385.07535799667096,393.525463105101,779681579.7423998,2004517.7334801678,UDP-lag
17,69238,0,0,430.8742747775843,446.1932718652291,947873976.3332567,1997971.594478702,DrDoS_NetBIOS
17,50915,198,0,439.0310643423348,234.4805140093655,-2029416.6272254845,20261.52227278016,BENIGN
17,6728,196,0,445.55530226663814,460.20629691971203,4202011.675489589,10052.236279259378,DrDoS_DNS
17,-79015,0,0,434.9620689779964,442.67645135183176,1169043605.5571876,1000441.0643754974,DrDoS_NetBIOS
17,111741,2,0,445.44036375837646,722.6320634497322,3516345.431078692,20581.8401759736,DrDoS_NetBIOS
6,-103388,9,0,3.4529465713795227,0.6150326570261546,-4964405.942286759,3829.5141568436284,BENIGN
17,28481,2,0,403.87143827950996,391.4326116792764,762275537.147023,1999560.68787457,UDP-lag
17,-1667,0,0,610.3951080419831,455.1740537981631,1220686023.5781293,1996311.2139042655,DrDoS_NetBIOS
0,119657928,47,0,2.7175783115749335,-1.0318637079294015,-6936474.402512757,-27634.49689796267,BENIGN
17,-69176,2,0,430.6223638113392,440.8242705739694,154332379.4421963,996974.4147928633,DrDoS_SSDP
0,109876439,45,0,2.9516254619829287,0.03414122040804583,-4042399.4766685916,-12126.954445871717,BENIGN
6,106673,31,0,-0.8966515671368714,0.49482250724254395,4937132.055456762,13826.008539894314,BENIGN
17,368,4,0,388.09102350481965,393.71174722433,773893452.8656828,2001533.1938319586,UDP-lag
17,-78167,0,0,1466.663748878458,1470.9218734204735,2913466269.1757073,2000832.918731657,DrDoS_LDAP
17,198920,5,0,402.56917687922385,338.93214127324546,-1274442.8703866352,-7705.470066445927,DrDoS_UDP
6,111735078,17,0,447.6329082647526,-0.9614812930388565,-2321513.2896766076,11360.289389331565,BENIGN
17,56349,3,0,397.7875164355298,323.8413892449731,2122321.0583334044,-4612.605879884071,DrDoS_UDP
17,35641,162,0,437.25984271397584,439.372078073361,5183878.100312287,14359.030918055545,DrDoS_DNS
17,-27359,1,0,1369.2049766422379,228.92471543100805,1040082556.7935737,999559.5004546889,DrDoS_SNMP
17,-26987,1,0,1374.3964280507766,1353.9408407058165,2672245760.0951715,8562.647936915248,BENIGN
17,-66547,2,0,1469.9577341541415,1473.4772270850347,2931908652.9789133,2000094.908652045,DrDoS_MSSQL
17,72008,4,0,393.080133895219,410.74391251016704,5119654.386963078,17614.314237080915,DrDoS_UDP
17,-31609,3,0,1469.341543856759,1474.512815852765,1457060815.373212,997071.9829528022,DrDoS_LDAP
6,109865,2,5,9.786414861508272,3.681289684524451,-3675829.6336688753,19151.5820145335,BENIGN
17,45109,3,0,545.2673237602546,554.5009341458284,926998345.4692376,1994433.583731008,DrDoS_NetBIOS
6,112961,4,0,0.6563323747851065,1.8845421115930643,1310640.7431771746,19663.75337955454,TFTP
0,-102921,6,2,-2.8823495982309435,3.014254577856063,-2138054.430015603,15918.857477863374,DrDoS_NTP
17,-10165,4,0,1363.7350354959092,1375.6653795204825,1149520646.8123648,996699.5797455899,DrDoS_SSDP
6,112904781,32,27,934.4009427468068,1.3366333957891516,-2502012.7847903343,-10637.724247046182,Syn
17,-75232,2,0,394.85814423022344,392.79861995059935,461331686.96693176,997686.8223008277,DrDoS_NetBIOS
6,-26713,1,0,546.3344540217807,0.6590798463758081,5178235.041729303,16424.946828138494,BENIGN
17,38415,2,0,218.783620497847,628.2557031662878,459755943.96644825,2003528.1818657545,DrDoS_SNMP
17,19688,1,0,452.66016799291765,438.515455235532,866958949.4827609,1995953.698344306,DrDoS_NetBIOS
17,15852,2,0,906.7456571766093,752.9743116864653,929205180.0115576,2003293.4481078174,DrDoS_LDAP
17,73110,3,0,367.44483998115936,321.0232455095309,719219.0193802189,6782.913315592685,BENIGN
17,-45818,3,0,229.80366804810154,235.55467213127326,461193044.38117725,2003807.3829254298,DrDoS_SNMP
17,-65879,1,0,1461.0654394659541,1467.2574894702102,2926344758.710772,1997795.967768791,DrDoS_LDAP
0,114658512,40,0,0.7121173794558758,-2.130070975409759,-2861267.0249445653,-12409.20474675174,BENIGN
6,4398,3,0,5.493259747299607,3.7346761125508205,215112.54128139396,2005812.8140435205,Syn
6,98350,3,2,0.6080934359971203,-0.6549575644396352,-3970394.9832620667,15285.356531430067,BENIGN
17,91531,4,0,1470.6730473040752,1468.9997219205204,2926267612.315484,1998669.3871273056,DrDoS_LDAP
17,39412,3,0,221.29789403223558,224.8581683048712,403828501.34680235,1993103.0803205501,DrDoS_SNMP
17,-70915,0,0,445.5254986438672,447.7161403689982,945001639.1676383,1003892.9135325325,DrDoS_NetBIOS
17,-79923,2,0,397.2909061242987,1478.5855619895074,2950204223.2765694,1995185.0158111851,DrDoS_MSSQL
6,116479793,33,8,3.564424422806367,1.1957684177646535,-4842382.416934864,-5435.130369594506,Syn
17,15699,4,0,231.86458944822547,227.91877301017126,441770619.7747884,2001301.0763205707,DrDoS_SNMP
17,36548,1,0,384.34640061745057,616.9727900399321,3074005.9240144324,6663.446571381348,UDP-lag
17,41370,2,0,450.6248774238267,455.29865074538645,944633620.034334,676804.3742734212,DrDoS_NetBIOS
6,212240,4,2,3.5287064402790747,2.044768456263891,-7014546.868250868,34160.99758309532,BENIGN
17,27461,2,0,387.28945262713495,323.2746764284124,3921373.4578270502,23801.557482930722,DrDoS_SNMP
6,108762,2,1,3.3323196217109716,-0.27634555331539706,-1285052.0245241916,18185.47150031294,BENIGN
17,-20584,3,0,224.12876568282772,229.6876088532893,450420116.3738929,1997403.2617795514,DrDoS_SNMP
17,-41193,1,0,1469.0475793613139,1472.6405768666398,81970365.64526586,1998303.573194545,DrDoS_SSDP
6,13391831,4,0,1.3093776064087224,1.5719160351390156,-1688881.4079722448,15923.046334852468,BENIGN
17,34609,3,0,1410.5253617659625,1373.018633327075,1242058139.7081928,1000135.0229473849,DrDoS_SSDP
6,51323,2,0,-2.978058260370253,-2.930923390292775,1358084.9266490978,11408.524917873548,TFTP
6,2151695,27,21,500.84224647561985,-1.3673233625584158,1077135.9757090954,-4475.0972498446845,BENIGN
17,7695,2,0,1466.7854887620615,1464.3328558141902,2919160808.946198,1998348.6840256827,DrDoS_LDAP
6,99673044,18,2,-4.979057839964994,-6.129141940323982,542342.6320050857,8428.960996371392,BENIGN
17,-39155,2,0,387.46797772551787,402.2893821208003,767657381.422526,2001349.9390762663,UDP-lag
17,88519,5,0,390.09664143520206,338.5926351938306,2040464.2296864698,-12603.92393426249,BENIGN
6,9531,3,1,1.8268075555126662,2.185682235808105,2048280.3744856543,26609.811563062107,DrDoS_NTP
17,81764,5,0,1471.4296526674739,1464.7774117453016,2934211132.1189737,663868.8910534508,DrDoS_DNS
6,80590,2,0,-1.706074956309786,-2.0259891745870737,803017.0166951596,2002358.1132333337,DrDoS_NTP
17,33699,3,0,398.49535668529546,403.5652693419149,768133977.048955,1999410.3701323739,DrDoS_UDP
17,35706,2,0,1467.8076942176967,1478.5601774648094,1481490445.353598,2002752.871817246,DrDoS_MSSQL
17,58587,3,0,217.95217572534585,227.34445232103712,422416062.7725258,1992633.3685340574,DrDoS_SNMP
6,115224638,19,0,-4.620910841629435,-1.9945891037947499,-6638530.143085451,7903.370330844336,Syn
6,13149061,7,0,-2.463549353380881,0.49133004474314046,1858197.7724889703,19180.22310040186,TFTP
6,12826739,3,0,0.9058001514203877,-1.9232025506051051,-4118990.2469599033,1997087.0923715348,TFTP
0,37275,7,3,-5.227976852596393,-2.760117849964693,-5333890.323178024,2193.7588609562645,DrDoS_NTP
17,105592,3,0,394.4109365907741,328.27263508513033,1188370762.2508419,9037.500689545346,DrDoS_UDP
6,153583,3,2,3.6631786615054995,-0.5291900724352135,-2618489.615447906,27596.22067877112,DrDoS_NTP
17,-34975,1,0,383.5279476275526,385.8396687958897,762067939.7037408,1998243.6950707524,UDP-lag
6,112577,2,2,1.1519737070167912,5.807143197672123,-3206656.6757476917,33034.768544685896,TFTP
6,50165,13,0,5.235857841141411,2.423312438512289,1787612.6332670131,11297.53753369446,BENIGN
17,-5445,1,0,577.9614804162464,602.2716412960725,899687786.9966098,2000618.2412534954,DrDoS_NetBIOS
17,82238,1,0,1411.6115939123385,1411.2099392076113,1269126424.8451145,999670.467006197,DrDoS_SSDP
17,147835,3,0,389.1596247616022,331.2174063916148,-3605384.678404725,11160.42162704575,DrDoS_UDP
6,-5880,3,0,766.3711299285443,1.7574742416789313,2243298.4046990853,1998894.2041551743,TFTP
17,68258,2,0,1466.012354613628,1469.8715047456365,2940704234.3945327,1995433.2308336562,DrDoS_LDAP
6,100824654,36,28,753.7090136547725,-0.1935080997719374,896095.0041207199,-11418.05869390988,BENIGN
17,8300,2,0,1474.2884151181825,387.7922925570976,2938818120.306941,1999413.5531228322,DrDoS_MSSQL
17,34044,3,0,236.17748701321295,227.81327559543425,447615530.13192606,2006026.6100989825,DrDoS_SNMP
17,98777,7,0,392.4677334757812,334.2471713224335,432797.6933884346,1574.7182207814694,UDP-lag
17,53091,0,0,29.651947515998728,721.8210979168105,143845271.75162786,12944.628674746853,BENIGN
0,111513448,39,0,4.204255240176316,1.7448785805063363,-3451812.3138057003,-3366.77293284378,BENIGN
17,38653,2,0,387.1331815854096,387.25353558041957,141763175.56844202,9018.886394937024,DrDoS_SSDP
6,-23245,0,0,6.270664142246279,0.9500573030973377,-3212093.853822035,2001713.3231863098,TFTP
6,31124,2,0,1.7759594260799965,2.678324835118764,-1428489.0017363129,1998179.6366469758,TFTP
17,-69837,5,0,227.9948561691122,228.64273545835366,428675912.6466746,2001005.7858019818,DrDoS_SNMP
17,-7539,1,0,1375.131673120919,1470.505031518148,938641665.230294,1997066.3610622722,DrDoS_MSSQL
17,83337,4,2,44.68467713406606,48.39346667996337,4297479.5678808335,5070.208202810023,BENIGN
6,61026,3,2,-3.9830058821557714,0.5212152488602437,1280885.9851339452,14321.641052358244,DrDoS_NTP
6,69435,1,2,-4.774890710709225,1.9427836821954423,-1154800.526250059,32724.080450045636,BENIGN
17,41202,2,0,226.7261041128384,231.42008215015207,469398109.5293198,2004713.591620649,DrDoS_SNMP
6,105153,3,0,2.210281731493716,1.9534688911313547,-3633277.0583445523,1999977.758213384,Syn
17,54806,1,0,384.98437266583164,389.14277764548507,1574402.1443694015,9751.912255967614,UDP-lag
17,-6007,4,0,1477.0538313699783,1478.0629552326295,1465509476.8803165,996338.8828536031,DrDoS_SSDP
17,-78122,0,0,391.500336162705,383.8461861380089,780970376.4389087,2003485.6236368169,UDP-lag
6,115883481,25,0,1.2504205505662525,-1.540770492630581,412937.9414684151,13563.473819527908,Syn
17,-24590,3,0,389.8730205109813,393.62461558884314,436770362.4076181,1999303.227125433,DrDoS_UDP
6,13439785,7,0,-2.0507820566517116,-1.3056235237187483,-6201311.8801207375,-2005.6040563742426,TFTP
17,242585,7,0,402.73231304717933,340.5367399040219,2756245.0616785334,-9214.308713154238,DrDoS_UDP
17,180881,5,0,389.7017316071271,329.45806575345813,4679495.012221084,7661.714778420026,UDP-lag
17,-11099,2,0,395.44976431588,395.73750176175986,763153683.3872812,1998748.3908933126,UDP-lag
17,14823,3,0,1473.5209412888507,1466.415496497413,2926142774.467565,1997318.334451037,DrDoS_LDAP
17,96688,4,0,395.9396183511453,330.71729390332723,2666060.4067205554,12051.963498694193,UDP-lag
0,109950165,41,0,5.157774865229074,5.885342044634368,-898153.6957867073,-21682.108592616463,BENIGN
17,130320,182,0,445.08363495992813,443.6838942488269,3931506.6978292484,5577.417103515773,DrDoS_DNS
17,52458,3,0,1475.7284556663053,1465.9938715463977,923654351.4772452,1996647.7126572349,DrDoS_DNS
17,69855,3,0,602.0459764021329,588.0664318317592,1251405690.7639816,2002392.7445199525,DrDoS_NetBIOS
6,114683485,25,0,839.9246510945376,-1.4482123794623754,-5999399.201569872,-7178.755230213057,Syn
6,91778,2,2,-1.7815948508498898,-1.6071659008230585,1359637.4648206255,23700.871291042553,BENIGN
17,82526,3,2,380.5053559184142,45.90056806796776,1485131.3777562683,11092.639013650783,BENIGN
0,104625834,41,0,2.1096907613026397,47.47593610632128,-4120615.280335795,-7281.207522290486,BENIGN
17,150163,4,0,381.0965439119189,333.77542601792845,6688145.244597744,-5152.367218169013,DrDoS_UDP
17,17911,0,0,444.36991259861543,448.3352876582784,911441995.1982354,999644.6126163086,DrDoS_NetBIOS
17,2460,2,0,228.16569919084378,232.32755254390023,443318248.1965183,997821.2416933691,DrDoS_SNMP
17,146694,6,0,392.4530973213547,324.8975121088722,4281536.310134798,2861.2702305566527,UDP-lag
17,20503,2,0,1471.552305816758,1465.1136228944592,967195248.8603935,682546.507674656,DrDoS_DNS
6,51360,1,0,-0.9896241699232745,-0.39963343567660703,-5175943.199087705,1998313.0081471982,TFTP
17,-24424,2,0,1472.5712609559512,1475.3891476169133,2923325517.72489,1996581.5480435444,DrDoS_MSSQL
17,-18466,2,0,393.4816476877944,395.1386138277117,1767589.6801093752,19561.03137891322,UDP-lag
17,-9734,1,0,1467.8890293973227,1467.2774240809204,160974430.86480322,12265.1676852999,DrDoS_DNS
17,24086,3,0,1472.8975937914977,1471.3106957629316,2932621368.370211,1994056.352594676,DrDoS_MSSQL
6,3567087,2,5,1.5897543594398347,2.1900254604017864,-3601580.0495527433,11205.403759939887,BENIGN
6,147062,-1,2,-3.3049385034582612,4.30327954990142,-1059081.3898482693,23651.75661076313,BENIGN
6,18773,4,0,6.90542409162058,1.1710279285063634,-3339569.052095035,1998515.068004335,TFTP
6,116042584,18,2,-1.9740940605428552,0.6290940237058663,-4799645.166525867,11710.492676253976,Syn
6,27361,3,0,-2.2293714842465167,-0.1612726211049742,-2661307.6612064475,5758.327154801822,TFTP
6,9996,2,0,-2.3989653292838296,3.038727046069564,-2245392.796635802,2006050.9882036757,TFTP
0,101239001,36,0,-1.1051671554714568,-2.6084095283746356,2844754.4881431283,3525.311773493524,BENIGN
17,-19933,0,0,379.55512541068987,228.50680680629736,3289659.583084292,1994717.8637128016,DrDoS_SNMP
17,-68730,2,0,381.090866848208,395.70472878121967,774422457.5846496,1996892.482124099,DrDoS_UDP
17,-65484,2,0,394.498955513287,391.7166964479094,775467550.7939628,1997199.5702307543,DrDoS_UDP
6,-143601,0,0,-0.1044155077940601,-2.8020975590584416,-3661616.0943031264,1995194.6578012244,Syn
6,169429,3,2,1.3081648810075917,0.8933497711957831,1274439.771118216,19762.757213741177,Syn
17,-92663,1,0,392.72384724112356,387.1481466311661,787196020.8181221,1999194.1547542242,UDP-lag
6,71368,3,0,5.425592070872714,3.253000907834296,-4856420.944447114,2005979.1525435187,TFTP
6,112618,1,2,-6.578990540184338,2.0018233402358967,-4534509.187475471,1004597.7285309212,Syn
6,-1915,2,0,-0.832928431349522,-2.6369695941737814,-7775988.010976528,6219.64055196291,Syn
17,24751,2,0,1471.3081089410214,1477.8661856401447,176945161.2781828,1000814.762776846,DrDoS_MSSQL
6,4180693,18,16,494.1921495394831,0.5435068369145992,1562719.0294560036,5624.92421679821,BENIGN
6,115741940,3,0,-7.26818137918547,-4.1448208019477635,-4481920.809729962,15665.02706717726,Syn
17,37415,3,0,1466.9875079652686,1473.533866195972,1454800368.9166422,994185.4427629279,DrDoS_SSDP
17,10329,2,0,1465.131390940248,1472.9165581803975,1456343972.805442,997065.781654221,DrDoS_MSSQL
17,-152719,1,0,224.8634648721415,229.9184558390127,455793697.32163066,2004023.1346918591,DrDoS_SNMP
17,97410,4,5,39.99026022305685,2.4282244608641115,1750430.935514251,-15738.106086730022,BENIGN
17,105112,3,0,389.0633635082109,330.7774756946429,-446016.4775804847,-2860.723432442126,DrDoS_UDP
17,-9795,1,0,446.0652239062499,441.9675868388463,949955732.4235069,999295.7394769961,DrDoS_NetBIOS
6,79258,0,2,2.6973894227153146,2.968826892001972,-1579504.9048434317,27253.0277931395,BENIGN
17,82474,3,0,388.4249098868142,336.995587783004,59582.43288866733,2838.284939048447,DrDoS_DNS
6,69407,0,2,-7.50546472752421,2.6728820824073996,-716219.613478157,22513.70197801913,BENIGN
17,-55799,3,0,1475.254668050423,1474.387806584165,2940707378.1042027,2002156.4134692242,DrDoS_MSSQL
6,-8393,2,0,1.2002471140774773,-0.5148767305618661,276630.4156901208,11676.711534242922,TFTP
6,110429354,28,0,-3.888960185335041,-2.0872863178933025,-4234818.030590235,-1303.1489680195155,BENIGN
17,78554,5,0,389.94827968301666,328.74344795897554,8555502.394967642,13567.196028723374,DrDoS_UDP
17,118099,3,0,441.48643815944655,444.11112164154525,2984055.736623987,8596.773866961941,DrDoS_UDP
6,-15305,2,0,-2.2208922285321417,-2.0485666831098337,-6661948.983837532,1993061.6687205723,TFTP
6,140286,3,2,-1.6615176958987399,1.6405659407491213,1321934.4516836046,35841.62730171158,BENIGN
6,120091026,38,13,-1.088344334446053,-1.5422361981376975,-8247066.235977673,-222.4019185257548,Syn
17,45466,4,0,1471.1470698013288,1467.4391952357548,146611204.0152353,999356.6596368841,DrDoS_DNS
17,306094,9,0,398.30948212600333,332.8215355031731,-7196061.002637948,-10712.630458473963,UDP-lag
6,54339,2,0,3.782940054338407,-1.205568014264197,-4421185.7912579365,1998370.93210604,TFTP
6,13522201,5,0,-1.196606359691717,-4.366513379997667,-137894.4199183411,4982.720982055006,TFTP
6,105932784,17,0,-2.869266812156752,-4.483903056462091,-3142374.1777421683,-9704.13758245211,Syn
6,20535,149,2,-1.6991792403427726,20.924339146825343,1760896.4497467405,-582.7787626371119,BENIGN
6,67699,2,0,-1.2280353613732944,-0.5229391621309105,-3611845.622137418,2001562.1768758553,TFTP
17,-21449,1,0,1466.8334899601837,1470.5694297077007,2948125882.1862545,2004152.153640084,DrDoS_MSSQL
0,114576436,46,34,6.834666214801484,1.2360213719521698,-6744017.195666415,-20266.72656220147,BENIGN
6,25547,5,2,-1.7965902774352338,4.74894343818715,-1950473.128566202,20611.79226492555,DrDoS_NTP
17,76511,5,0,392.6452724439661,330.2720182495021,3547785.961609738,12760.393180396803,UDP-lag
17,-52867,4,0,1471.5881653440667,1472.272530683489,2895124514.7631316,1992345.5146772813,DrDoS_MSSQL
17,-8441,-1,0,447.7105959947548,447.01418021839123,905661461.4026743,1999108.6804579291,DrDoS_NetBIOS
17,-19181,3,0,395.2361959483765,397.1369097964112,777746812.3867314,2003349.7048166178,UDP-lag
6,117121872,7,7,582.0886853061088,3.2611818573797935,8450559.167563347,-1324.1273274944779,BENIGN
17,113878,5,0,1471.4640586965518,1473.5974949811666,-1362869.4883285237,-3597.8837178447957,DrDoS_LDAP
6,67684,2,0,-1.4928882349345387,0.9940513198160988,-703641.1733541067,2002700.7306045683,TFTP
17,67059,3,0,390.2988188191672,326.33953773723323,8169186.2759084385,15672.44838419227,UDP-lag
17,28107,5,0,1474.3626349696378,1475.8218720757866,1474095020.3266842,999692.0912428062,DrDoS_SSDP
6,47853,0,0,-1.9915201521282655,1.7474475766065787,3912793.045390021,2001601.5995255094,BENIGN
17,57062,2,0,387.0406006367061,394.2601329134701,774745516.0684197,1996934.1941666314,DrDoS_UDP
17,-26578,1,0,441.56138847477484,680.7560997811231,948556005.860801,1996094.7739027909,DrDoS_NetBIOS
17,-45474,1,0,389.58258066905853,397.20059910514044,781574679.7758696,1998561.7309072793,DrDoS_UDP
17,-10614,2,0,1465.6422976907759,1467.9867663697764,165538864.03266618,1995592.0113739579,DrDoS_MSSQL
6,-4865,3,0,-4.526628929522093,-4.122924522802264,-2363312.4013923854,1993446.0336927203,TFTP
17,-9281,3,0,219.88248696908843,225.33945198097481,441558158.7948225,2005937.3936051503,DrDoS_SNMP
6,-21713,2,0,0.6593446653612677,2.749605817673921,-3989415.98013727,1998034.325260745,Syn
17,-49632,2,0,593.1394992910116,535.6963797164483,986210640.4531827,1996905.729167122,DrDoS_NetBIOS
17,-12392,3,0,1470.8317872898629,1480.5682268787114,1475430777.0225518,998901.1427340024,DrDoS_SSDP
17,-123951,2,0,803.629404896054,550.3480397282739,2699098145.582293,2001206.6768061707,DrDoS_NetBIOS
17,86046,2,0,1475.180257113916,1469.4660592084729,194610523.0902387,1000847.874575596,DrDoS_LDAP
6,-56934,2,0,4.289927177842913,-2.5950219767823404,3855471.5633304873,2000627.5790003564,TFTP
17,47526,204,0,424.6213328125153,432.9107519305484,1908896.0826118873,6582.466719456419,DrDoS_DNS
6,11997042,1,0,1.2137233901953315,0.19554330061506334,686250.490419661,2001883.3177578382,TFTP
17,-92076,2,0,1475.2429367520253,1472.4533313018815,2949449832.9171805,1994737.1724291455,DrDoS_MSSQL
17,-38464,3,0,1474.930302901686,1474.8346602978581,1471682701.4051034,1003096.9129586275,DrDoS_SSDP
17,-28569,-1,0,386.96347648917236,392.5769799853597,791469315.5794507,13369.901326564495,UDP-lag
17,142457,210,0,388.69277260836367,331.52024445178256,6466595.806607371,-2868.2209839976804,DrDoS_UDP
0,110881121,225,3,-2.7357884412840585,-4.368995285857509,-7380925.057165618,-3095.1839169518626,DrDoS_DNS
6,33337,1,0,1.7250700681065423,-3.2845491616487243,-4750791.6276294105,1993534.9373758654,TFTP
17,-17189,4,0,1467.2343921544075,1466.5589629798185,1467344251.6866865,1000622.366000196,DrDoS_SSDP
17,5611,2,0,1470.3758420608297,1465.3180997790796,126145616.86131659,8662.80611798,DrDoS_DNS
0,107753858,42,0,4.499757168435829,2.5619771430299547,-2688503.4832324265,-5200.531276829237,BENIGN
17,-45280,13,0,444.75656240122595,444.07295225482636,905228514.0426214,16055.958368617734,DrDoS_NetBIOS
6,-11163,3,2,-6.202683582237408,-1.8103012860220442,129119.98390319757,29254.580670998366,DrDoS_NTP
0,112606027,227,0,-4.151183890598384,1.7528698570250916,2511251.953800423,4882.424625885519,BENIGN
6,112055447,23,2,-4.23223726161382,-1.289174977031523,-6050498.368022112,10224.112451763282,Syn
17,-34667,3,0,817.9145448344226,654.7654717678967,2753148244.7200875,1997293.578345291,DrDoS_DNS
6,54239,0,1,-0.10705813599792384,2.5156856370785774,-770932.5599666766,21156.19004935808,TFTP
6,86891,4,0,-3.873101263341093,0.97959096474787,-3964570.2022483796,13820.947605964155,TFTP
17,-42721,3,0,1359.8271855694884,1388.843781961187,1310838926.8049753,991692.5634241345,DrDoS_SSDP
6,39017,2,0,7.548065482867882,3.3186202501361426,-557539.9627801722,2000103.1946567136,Syn
17,56578,2,0,1473.3840511520937,1475.595259124387,2925168959.0867867,1998584.015319026,DrDoS_MSSQL
17,34470,1,0,442.10311986201367,450.6687919387099,935664763.7594104,1000839.5481289396,DrDoS_NetBIOS
17,117603,5,0,374.2857481792452,324.8062562398457,118455.4003979303,7269.396528122622,UDP-lag
17,34321,2,0,1464.6672263560624,1474.7568639029103,1192020187.9380105,2000741.6466155364,UDP-lag
17,66153,3,0,1469.0493966837569,1467.0580294694503,2924879547.276816,1997815.6656948077,DrDoS_LDAP
6,85362,2,2,-2.219487790416364,0.56126682761578,-3254913.7785421936,23999.635610500565,BENIGN
6,112322493,9,0,-3.408726504466337,-1.7334837101915337,-2815155.6963170413,7562.1131961314,Syn
0,105413949,37,0,6.424779822989828,4.641723068878784,1452328.1974180343,-3759.691530147964,BENIGN
17,23933,2,0,222.66954453345284,226.7812191057227,431350541.0753933,2004001.6257362594,DrDoS_SNMP
0,-185269,6,0,1.756463661747211,4.684463019334095,358144.80358229904,17270.576158977532,BENIGN
17,54856,3,0,380.85784903962104,331.80774109080664,3623064.948269073,10294.54264978247,DrDoS_UDP
17,-4577,3,0,1473.1834311288894,1474.9538776787122,1466002350.7772667,997737.5957148114,DrDoS_LDAP
17,21033,4,0,1394.0684387407714,234.5956445802486,155520221.85125297,1000923.3506657091,DrDoS_SSDP
17,71653,5,0,234.27497562451367,231.04742959871828,437565228.2955388,1993310.1372897616,DrDoS_SNMP
6,35313,2,0,-0.1155072281842985,3.8069399864849287,-769719.6902426977,2006539.0486302194,TFTP
6,163663,2,0,3.713731400569491,0.18002342831230878,-783599.8481329174,2001303.660744945,TFTP
17,45878,1,0,448.17642085835087,449.476608442945,923943241.3218278,1999373.9598960162,DrDoS_NetBIOS
6,4177084,6,7,394.94020753008874,4.703780010902405,3656995.7740007853,4059.4721831861243,DrDoS_NTP
6,114160345,3,0,3.0566607476101453,1.4814353617205345,-1270714.4736916989,10511.449292102438,Syn
17,40021,1,0,381.5697361317177,391.0010113279954,788610877.2470171,2007491.60097596,UDP-lag
17,-782,2,0,238.39190124016196,226.67972735051603,455296125.6776377,18022.53807346796,DrDoS_SNMP
0,114331311,8,2,0.9696823202407922,6.268825050528944,-1554410.8355979675,-1733.2446095953183,BENIGN
0,74735615,33,0,1.2765964298498316,0.7360113477495105,-857658.8518564359,5930.338267315435,BENIGN
17,44067,3,0,224.56598882302887,230.1287842021449,4764847.380533951,1013603.8861553333,DrDoS_SNMP
6,155341,6,7,49.45299562476382,3.552399448563418,2096102.0950311148,7980.4755044927115,DrDoS_NTP
6,89407,1,0,1.9261136503562393,0.8032151348570117,-881328.6681959729,2000181.389485652,TFTP
17,13470,2,0,1460.31192203987,1468.8029157298167,1474858554.532592,20019.021354380697,DrDoS_SSDP
6,7984655,45,34,574.2226323915157,6.632725035709185,2037537.277227092,-19698.467366578883,BENIGN
17,-123632,4,0,949.6426429583761,611.9762632784124,2692778127.32381,1994075.7710781966,DrDoS_NetBIOS
17,57210,3,0,1411.6740291456651,1367.8017424602047,1256528794.245461,1004383.3284107868,DrDoS_SSDP
6,51444,0,0,5.52664613458513,1.2230805589882046,2353926.2291592606,2004530.3458833867,TFTP
17,-15139,4,0,1477.8056054327433,1479.639833708858,1340677161.3080926,1002237.6442274562,DrDoS_SSDP
17,-63799,2,0,397.92528011974684,649.9722913542063,-716240.2820559472,2003821.6611615082,DrDoS_UDP
0,109537075,221,2,1.7440440488775775,1.5114797240819269,400761.2636016108,-15278.028324413575,BENIGN
0,107074663,214,0,5.4117965160846095,5.05899753069281,2738138.5822647884,2889.3181885982112,BENIGN
17,-23361,2,0,1472.4015764227383,1470.833572943242,2926396487.2156224,373796.8336307873,DrDoS_MSSQL
0,116967759,45,32,854.2243407597202,-2.875199358405905,750014.2608072598,-20734.771989073488,BENIGN
6,160978,4,2,1.9229907096522376,4.191387956669581,-273954.99645550223,28453.367200576176,BENIGN
6,56811,4,2,-2.7133780616386463,2.786020161621282,922437.6098080063,25290.23555887172,TFTP
17,33982,3,0,1473.752397950066,1477.2076466566173,1475090452.111832,997600.3427915031,DrDoS_SSDP
17,161259,4,0,438.9518079019182,325.45543205440816,2268805.3086541835,-1166.9501859949178,DrDoS_DNS
17,62457,5,0,388.48306914429503,330.1231894677394,6756778.344016624,10245.201097748335,UDP-lag
6,57937,1,2,23.578307793395823,3.7802722245115055,-7559256.767419136,14315.255254518946,BENIGN
17,-19808,1,0,231.28497424210138,224.7456808481337,3482992.117621216,5788.854756781431,DrDoS_SNMP
6,-68888,2,0,-1.7967144480992432,-1.2359871855763331,-458730.60557561414,1995430.0656223882,TFTP
6,112561405,23,0,2.5030613634573204,-1.8863353816720803,-1943352.4008827417,12794.340074780099,Syn
6,111097712,19,0,2.700048663595906,-1.3060194689285984,2645243.390962284,9326.293444470137,BENIGN
6,89003,3,0,1.4808936715298993,1.2479542841415925,-5077278.387716137,1992881.9540851675,TFTP
17,2017,2,0,1469.3374994150154,1469.6588975666657,1465686894.285457,996275.2512227353,DrDoS_SSDP
6,118942369,35,10,3.75143005070023,0.42696158719977406,-4741494.52554692,7901.249047000279,BENIGN
0,117671320,46,43,805.1930113244357,-0.7385617053503791,-1619967.269580032,-18989.65708970796,BENIGN
6,-62123,-1,0,-0.0733869079997471,-3.2735494540301975,2130256.4500895166,1993264.6854331344,Syn
17,84212,3,0,232.51795880426525,1449.1877122715898,2583677749.8149295,1994788.614069323,DrDoS_SNMP
6,168529,7,25,441.6051605299849,41.491178510558875,-2585086.7779306592,-14488.677410527438,BENIGN
17,6781,1,0,226.2634809474902,228.3255271205701,455157825.1654998,2001657.098170849,DrDoS_SNMP
17,29298,200,0,428.8279736089797,531.8280715599346,148392442.59485266,10923.03982916705,DrDoS_DNS
6,4754784,5,8,594.3671854811455,2.3117087853128786,6614044.903718644,12815.260392048056,DrDoS_NTP
6,109098220,34,0,-9.205028379236426,-6.904141501150102,-8920482.85854755,-6427.203942679644,TFTP
17,104569,2,0,385.9486665309875,328.9591903877389,1895557.2669847715,1265.2423708427214,DrDoS_UDP
17,-8610,2,0,1473.0309383508743,1473.188146097554,152995343.7846314,12258.515066568702,DrDoS_LDAP
6,88898,1,0,2.120813009002121,2.403446568173477,5732370.617639306,2008149.819078781,TFTP
6,104175,3,2,-5.36736278832183,-0.06295668940494768,-3038964.4514406947,17799.568790876332,BENIGN
6,122770982,36,2,-5.945068257750445,-2.41139613336551,-9586343.908031102,10915.890097702724,Syn
6,-12277,3,0,2.866878741275698,1.6197633246860554,-2922254.629542576,1999416.9067548702,TFTP
17,-48661,2,0,1472.8398734435955,1472.5377090813556,2910727037.6962705,2001268.5324139975,DrDoS_MSSQL
17,2983,2,0,1472.487846575272,1473.510739049422,2926018613.5855,1998182.1998136225,DrDoS_MSSQL
6,-57151,1,0,-2.1799440418251104,-5.942971114253119,-2985985.518101872,1994164.3557665886,Syn
6,-15888,17,2,-0.7705761445432525,3.089106370928671,-3778155.1991171567,9629.894722799567,BENIGN
6,137942,2,2,1.3298765581471226,-0.029140791227748625,-2376334.9475158434,2006228.6157167044,TFTP
17,36978,2,0,1465.2651919166308,1465.5691471654118,2939900922.732602,13430.923033528627,DrDoS_MSSQL
17,42109,2,0,391.48404046490543,402.3805708854989,144700.065210914,999094.9688653304,DrDoS_UDP
17,32740,2,0,1466.9185944651235,1475.2303072474563,1472230128.2249625,999987.8298189369,DrDoS_SSDP
6,-54900,2,0,32.700635630881074,3.0655855876801534,4992445.732816648,17669.947548111188,BENIGN
17,79591,5,0,1473.1087580259934,1468.2782410271725,2575593342.837804,665592.3819820391,DrDoS_DNS
17,92671,2,0,1467.4506391361695,1476.7317720191868,1456919510.135486,994756.1131536154,DrDoS_SSDP
17,149330,3,0,387.5642606649667,324.9637625003238,3243167.4963061726,3700.492972318062,DrDoS_UDP
6,14443926,6,0,-1.756531172084176,-6.870138903961676,1873358.1071925324,14049.026912909776,TFTP
17,63899,5,0,1464.7884663680773,1471.128382027773,1067391880.6064885,1993755.002528539,DrDoS_MSSQL
17,3641,1,0,1472.33440455924,1473.7181528679205,1460407635.8910306,999883.1149220137,DrDoS_SSDP
17,-41431,4,0,1475.5862469476438,1475.3157064100262,2941319349.7926536,1997149.241207172,DrDoS_MSSQL
17,58054,3,0,1475.9131048354147,1474.7912372429798,2945811646.207922,2001104.85692755,DrDoS_MSSQL
6,-34997,3,0,3.4387547375582317,-3.9011907788445725,2654509360.132453,1992849.2450124903,TFTP
6,128170,1,0,2.035059948118509,1.2863682731258423,-774792.7523979133,26952.01686487305,BENIGN
17,-20692,5,0,1473.7865659142208,1473.5538060768258,2953233633.5960016,2003355.2684149325,DrDoS_MSSQL
6,30889,2,0,2.1790355905165586,2.533190000771722,-137404.41357085318,1999217.3520887585,TFTP
17,-148976,185,0,224.52264293125185,226.2242617968407,475381494.41427404,25331.271687991146,DrDoS_SNMP
6,103331,0,0,5.872938229799386,4.591085903790792,-4857920.892663911,13722.861762703224,BENIGN
0,108508678,38,0,-3.0998626486594394,-4.773821265685386,-8708544.577652851,-16232.47091119022,BENIGN
17,77673,4,0,1475.0939528596073,1475.1480880309387,2922697371.6000843,2001290.0944494994,DrDoS_LDAP
17,33807,4,0,1460.3170502561695,1464.7823000962169,118869519.79389407,2001104.774215663,DrDoS_MSSQL
6,13142330,5,0,4.735970029839144,0.46518056376198424,-1378567.4073719548,16025.023316120296,TFTP
17,183808,5,0,378.2435787125122,390.0066274039265,1923655.4938803539,2002615.3312256597,UDP-lag
17,29570,4,0,393.1388088328953,398.8486206024268,3586059.470273706,2004436.9443226862,UDP-lag
17,-37913,2,0,228.9672641620734,227.6118368658854,196162158.62176606,1002349.1838737148,DrDoS_SSDP
17,-70532,2,0,1474.157465740863,1480.5089588445069,941105454.5583009,1001086.829607364,DrDoS_SSDP
6,5637,2,0,-2.048711413821024,1.9677191562105114,2933844.513747474,2003933.0946865312,TFTP
17,41040,2,0,1471.4026507524845,1471.2028553227349,2915189339.2787175,1999700.8113123055,DrDoS_MSSQL
17,74424,3,0,1476.4303645883572,1475.3034164353005,2936332670.608264,1998608.4421232415,DrDoS_LDAP
17,-23793,2,0,1472.2792156566059,1474.330292043829,2940646642.873004,1998344.5547442457,DrDoS_LDAP
17,67992,2,2,48.742071105237315,41.096289032570695,4044544.4918809505,7679.393106344502,BENIGN
6,91756,2,0,-3.08920652599165,-0.3656752135662,2024779.530480132,30740.14121625866,TFTP
17,71749,3,0,38.9689206130291,1472.709445345652,133141249.42907152,996807.6483542391,DrDoS_SSDP
6,99149,1,2,4.943324852860028,5.692747566371954,-2656103.4743726514,6845.386366499129,BENIGN
17,13717,3,0,1468.6910055896499,1463.2233026314339,2907485214.4944477,1996888.255830122,DrDoS_LDAP
17,-49012,2,0,396.6259338142987,388.6091011333023,770102421.7861408,1998189.8915037524,DrDoS_UDP
17,25049,2,0,375.7639741195738,393.06314923562866,766494667.7454792,1999939.803317242,DrDoS_UDP
17,20476,1,0,925.5566843858852,1472.324915763843,952378329.2998234,1000718.2551240455,DrDoS_NetBIOS
6,91029,3,0,-1.3246628136700245,-0.060136506570996937,-3168420.343681437,2000679.169251377,TFTP
6,-22450,0,2,-3.163753548229657,-0.3183845213973723,29914.300008929335,8942.07764081845,Syn
17,-103071,1,0,398.0820908821387,392.6492918552331,782830640.3246597,1999201.503872848,DrDoS_UDP
17,29145,0,1,37.47295862578725,47.252375087454524,2415401.4914027373,-3152.906169899901,BENIGN
17,-21822,2,0,559.0395309983477,540.226709649816,947459674.2515463,1995437.5174222796,DrDoS_NetBIOS
17,6945,3,0,1473.6361966551774,1465.4496495885933,136185139.28369603,670707.24478638,DrDoS_DNS
17,-55527,0,0,445.9061346190321,440.74067731533626,928439132.1718057,1998489.2479815162,DrDoS_NetBIOS
17,-4222,2,0,1465.4014793009164,1470.9475133732913,2918158911.3590784,1998913.4842057943,DrDoS_LDAP
6,-25074,1,0,1.4804658647890545,0.5715196838588799,-1976448.1623871007,1998122.6884822624,Syn
17,-12218,2,0,436.71509180295266,445.51666069166936,894792468.1498759,2004582.3023470838,DrDoS_NetBIOS
17,173032,4,0,388.83632453551627,322.83815460982913,4001499.8970359787,3188.1685606815363,DrDoS_UDP
17,107569,3,0,1089.8667680231554,706.6474651034168,1246721927.8884783,1996776.976133748,DrDoS_MSSQL
17,20907,2,0,388.81700704340284,389.6897582713743,776687808.190461,1997062.5622418781,UDP-lag
6,116738003,40,40,446.38948681196996,-0.8547919860731598,-4112322.617449304,54.56278754326195,Syn
6,117547249,21,0,-0.719787493343685,-3.7392950016874975,-3634398.530007004,-2225.95999581467,Syn
6,120814476,41,30,959.9307416807718,3.713645202757201,-9418722.278996298,1396.562719806945,BENIGN
17,19672,2,0,1467.2817964995215,1472.8188261499893,1457310821.853788,996654.6301768317,DrDoS_SSDP
17,-6264,1,0,438.90485084516365,570.044252165998,1142962400.4399972,1994930.0312974711,DrDoS_NetBIOS
17,4262,2,0,1475.9768489669073,1477.6298115045593,2929242100.3160152,2002903.2237328503,DrDoS_MSSQL
6,-28600,1,0,2.092414305068194,1.3217817986053766,-5073322.905088593,2001016.1280731123,TFTP
6,60521,5,5,581.1924592945534,7.090886539483908,1372744.287405553,9629.056756483888,DrDoS_NTP
17,3010,1,0,848.8001202111443,442.9827499404087,927296203.0267963,2002568.3524199955,DrDoS_NetBIOS
17,21348,2,0,1473.438243477116,395.030369044205,451773880.034673,1003088.5671958594,DrDoS_SSDP
17,-32676,1,0,224.42460476566302,229.57747289781685,469887714.6809295,26849.117561171526,DrDoS_SNMP
6,5175552,35,27,564.7133565580159,0.0832763589598983,7160177.982100487,1696.0426043841508,BENIGN
6,-3073,4,24,1136.3830872961385,54.67925160165822,7936767.850231144,-8052.950567448708,BENIGN
17,21208,202,0,431.8054729801915,518.505561999928,5817195.803006971,10831.548634622115,DrDoS_DNS
17,159033,4,0,377.8668147185667,327.6848311642726,-87588.7121147858,4942.1705593643455,DrDoS_UDP
6,31768,4,2,922.6390896493133,3.3429149967154848,-932134.4482128231,18693.40838312744,Syn
17,59905,3,0,1387.621366977403,450.2665585233776,2542959738.9055142,1995014.511827195,DrDoS_DNS
17,99590,4,0,399.7247227956345,393.4064937846652,777805681.3582293,2002173.4168171855,UDP-lag
6,101085,6,3,-2.7802395988327917,-1.4249793149242018,-8275846.559493228,13599.266802614588,Syn
17,35167,169,0,433.1689729711042,426.286904917629,21291408.838058725,8126.3772975554375,DrDoS_DNS
17,72547,3,0,1467.7165837714454,1476.9972379326616,2929460450.505654,1998267.3501550276,DrDoS_MSSQL
17,-16124,2,0,585.1375728577976,589.8697223285052,1204652094.8746712,1994996.8588946029,DrDoS_NetBIOS
17,-85939,2,0,1466.89483430516,1473.431433783101,2955572459.5672026,1999906.1397464122,DrDoS_MSSQL
6,61062,2,2,1.4965093451332196,-2.411183000197771,-2113064.240505268,10263.306196521049,BENIGN
6,-40217,2,0,-2.419338776493666,1.3517801259731141,-5088852.791278819,13843.19336467565,Syn
6,-3028,2,0,-5.534089552128833,-0.23802936102740335,-29390.828672316624,2001214.0142008357,Syn
17,-1206,1,0,401.1602208901656,400.6489359137874,3621780.812215179,9715.527841561427,BENIGN
6,-7330,1,1,-1.4996394084879785,2.7103992743037164,4390584.531826757,20973.327643039403,BENIGN
17,-50330,3,0,812.7558450967559,223.5816460113614,2929690852.4689803,2001561.571739201,DrDoS_MSSQL
17,-24182,1,0,1470.9458312337974,1475.81467628036,110997241.60968587,996476.1769645736,DrDoS_MSSQL
17,-90699,2,0,392.7216285436274,391.28615777095825,785382249.6581064,2004469.5261066654,UDP-lag
17,-62537,3,0,1468.4446998356827,1476.2306446106466,132822956.584346,1999226.676436809,DrDoS_NetBIOS
17,125677,3,2,41.48260628935655,51.99660130417496,1056877.9174790904,3525.571663972649,BENIGN
6,-9021,-1,0,1378.3423983305488,1369.4737318334462,2662833149.943472,998975.8645938439,DrDoS_SSDP
17,39781,3,0,446.7261261415711,454.1856731580281,3113040.814768047,25478.251882158642,DrDoS_NetBIOS
6,68884,1,2,40.22544740234241,4.966653103997556,1833323.6088585043,12808.042944675559,BENIGN
6,12604928,4,2,44.28763895871123,1.93601985795943,2206015.7127593923,16671.854911529517,BENIGN
6,-80964,1,0,3.1264837066367486,-2.6230415740502098,-6213786.574721203,1994575.5436109737,TFTP
0,103938951,30,0,-1.0736974102907513,-1.8896868620034153,-865596.9278434303,5474.861432781094,BENIGN
6,114068,2,2,-2.55412069681763,2.8802051027743962,-3303080.691179064,17465.967018993222,BENIGN
17,-111120,0,0,443.9591999858142,444.7816029921952,919763871.4815308,2003000.1161989772,DrDoS_NetBIOS
17,-78777,3,0,388.7317397048901,391.083843298603,794135418.1689823,2007621.2375578065,UDP-lag
17,-20354,2,0,227.21055279679896,227.31066738888256,442652236.8227245,2008403.7141661486,DrDoS_SNMP
17,55525,2,0,394.9565284773826,397.9521223546338,786935834.7922019,1997784.6496391147,UDP-lag
17,36387,3,0,23.318141553517044,48.84430282863351,5868446.896927126,26327.49080298552,DrDoS_DNS
17,-68410,1,0,575.5124805336716,588.3076131739724,957025580.3320311,2001556.157202651,DrDoS_NetBIOS
6,-22088,1,0,-1.3066441224410459,-2.01573930619212,1145183.61081975,2003548.217982897,Syn
17,155357,3,0,379.5685956086311,324.0977285666595,-2543288.739907234,-3853.013003392136,UDP-lag
6,75413,2,2,-3.0712706556254825,1.6024400024583425,-6297457.27238657,25848.599280118025,DrDoS_NTP
17,19554,2,0,1470.6704097404142,1472.6485757733842,2939209447.643693,1999953.0968675837,DrDoS_LDAP
17,82613,3,0,1476.7869051215823,1469.6703352420673,976000233.0137647,667756.0081250819,DrDoS_DNS
17,7579,5,0,1477.654477301288,1474.0977835585272,1471203214.285681,1000482.1722928474,DrDoS_SSDP
0,83571612,200,0,-0.30012338930377574,40.215081177461165,-1768121.782567063,-13824.693043495976,BENIGN
17,88848,3,0,1476.4786210461796,1473.0212744685268,101617119.19279623,666454.2609167362,DrDoS_DNS
0,115025646,43,0,-1.8613460062786105,-3.5818095097158222,-4573443.956417191,-10322.154831673553,DrDoS_DNS
17,51189,2,0,1474.5528618653643,1469.5755335578579,2921624463.857873,661323.5452095208,DrDoS_MSSQL
17,-12975,3,0,220.77357720030665,223.31253011660297,461951074.5507952,2004472.5088879773,DrDoS_SNMP
6,111890295,19,0,2.621670782356547,2.975877328337903,-2535291.6108408384,18036.592950579037,Syn
17,-3752,4,0,517.4501149448901,588.5603992236504,2635428394.958166,1994122.5844600876,DrDoS_NetBIOS
6,60586,1,0,3.329754963953356,1.335546483030307,3272669.475294322,2002821.0091480864,BENIGN
17,67974,0,0,445.9591677566218,439.7564868001057,968449020.6863211,384558.30320503673,DrDoS_NetBIOS
6,2175,1,2,-0.5860596897992457,0.7809608119086977,-3094679.6897405097,22274.736725204562,DrDoS_NTP
6,110139634,20,0,2.810872678870076,-3.7211302128930717,-3890628.2309913104,6077.463422616842,Syn
17,21375,189,0,441.99263669008957,521.2353407538424,3198918.6212760434,8202.20640895131,DrDoS_NetBIOS
17,71100,3,0,235.7572030644293,683.3109966082884,434988824.1461478,1999858.191056912,DrDoS_SNMP
17,144431,8,0,381.7304577149715,326.864613762071,-5586691.72447999,697.5647523589778,DrDoS_UDP
6,134481,3,2,39.33858702199604,1.329817782185278,1532372.7172557362,26680.819417303013,BENIGN
6,-16303,3,0,0.0640013609279457,-2.2990946516324735,962905.0745832822,11600.334053936098,BENIGN
17,-947,2,0,441.8563507069839,651.0913037306618,1312758050.1615608,998272.7405443994,DrDoS_NetBIOS
0,104333097,34,0,-1.8522633587438149,3.107838629548729,-3772732.5158895757,12955.622908315434,BENIGN
6,10829292,4,0,5.525053742827541,-0.15428183107091792,-3582709.369606926,129.38698908651895,TFTP
17,187660,7,0,388.0944114168003,334.17420458521633,1946444.6476204307,7945.222227301014,UDP-lag
17,149158,4,0,380.8687063221556,326.09486467409323,-4941277.535316098,-17467.94866647338,DrDoS_UDP
17,-29487,200,0,445.9160910361469,445.3322059213382,903145734.0226518,676234.826382385,DrDoS_NetBIOS
17,-92595,-1,0,561.5373866965678,600.0774420037801,1241341927.9326491,1999402.420450728,DrDoS_NetBIOS
17,-14078,2,0,1466.271616164329,1470.251682506421,2950523515.6071453,1999003.7360153927,DrDoS_LDAP
17,66146,3,0,388.9630676299858,333.4592013371145,791944.8327304783,3569.103319226071,DrDoS_UDP
6,12018327,1,0,3.716541004363531,1.3847798021339066,571583.3682226557,15659.588425750771,BENIGN
6,112003377,17,0,442.3384463940065,-4.202778858959411,-3883834.9794754395,5344.772675920723,DrDoS_DNS
17,-1580,1,0,1460.2085081911805,1472.782133361192,193153459.94484967,1004653.205004698,DrDoS_LDAP
17,-11721,1,0,0.4071668397318991,1478.3978500170463,921626639.1203634,1998871.40975121,DrDoS_NetBIOS
17,65277,4,0,227.33172287304257,236.7628862291622,437096572.54643476,1995785.616968289,DrDoS_SNMP
17,101830,3,0,396.3488092117274,332.3882592040637,5757999.117253353,2944.60844419604,DrDoS_UDP
6,117345702,34,0,0.6658454967898565,-2.0911220509463546,-1166308.0924637818,3931.469769338728,Syn
0,84313189,32,0,455.8585926432417,3.300309831409866,-85127.27239609859,-834.2742017518885,DrDoS_DNS
17,-43612,4,0,1473.736045213646,1470.384680434264,2926230392.059832,1995575.7225433236,DrDoS_MSSQL
0,103232071,33,0,-2.2502193021962014,0.408056559027207,1900757.7630011046,16781.6852055421,BENIGN
17,16026,3,0,1471.5665457539624,1470.5887077463622,2955928076.4603057,2000661.0090320962,DrDoS_LDAP
17,22207,3,0,1468.4583762302627,1470.2063433151889,1461940774.7710304,994808.0865716368,DrDoS_LDAP
17,10566,3,0,1476.5801781467455,1474.0835603194812,1481580475.066353,998642.9200688194,DrDoS_SSDP
0,114879562,41,3,0.4742534362545613,1.4775373265005887,-949844.4667253143,-5115.588672632051,BENIGN
6,100472,3,2,-3.1822135061054424,2.5499540420909437,-3583126.49908597,15656.77063542266,DrDoS_NTP
17,163321,2,0,398.3081650798024,330.33425726184834,2033690.4388444927,2470.603439870487,UDP-lag
6,8590,3,0,945.9404958676289,-0.9085265537390451,813978.7445590514,1998123.5167606424,BENIGN
17,-60644,3,0,382.0950465656817,380.7645330578032,748929881.4868039,2001989.191163084,DrDoS_MSSQL
17,-37789,1,0,435.5238818180208,477.0303822721735,1188765932.6569743,2002530.3768418555,DrDoS_NetBIOS
17,17994,0,0,1461.9910151677952,1465.1012849028702,130255466.21245608,2000445.3689009473,DrDoS_LDAP
17,-29441,1,0,561.8435772558369,438.91558350517823,933223356.8122975,2001209.8185695205,DrDoS_NetBIOS
17,-6983,3,0,232.6555409245942,234.3848324828087,447879685.1874675,1998495.5433610096,DrDoS_SNMP
17,22172,2,0,1473.8600758156417,1482.0689260157005,123167033.08157137,12299.742937108282,DrDoS_LDAP
6,-14130,2,2,3.1802035251954637,1.9885209976462803,4336266.972547139,1000691.2295539669,TFTP
6,111477691,26,0,-4.194842005039089,-3.7959578818584276,67468.30058500892,-14007.022963099644,Syn
6,12623694,4,2,1.356919570651728,5.220250588515395,647718.6245333115,17720.52916576167,TFTP
17,13116,2,0,1478.0735423599072,1477.6475835997053,2937437351.950667,1998034.6719549617,DrDoS_MSSQL
17,137993,6,0,384.24788116332206,335.9321785149688,1356717.8310845115,777.8732205461674,DrDoS_UDP
0,115977419,43,35,445.4629666140744,2.1091760601510203,2126997.3240585057,-17583.490198148334,BENIGN
6,78189,1,2,6.0012273825122975,1.4332434736873367,1903445.2149600463,22435.49111476568,DrDoS_NTP
6,-61474,3,0,-0.2016544763589535,2.2031414497959343,-2142349.7362727933,1998324.5388541534,BENIGN
17,-16944,4,0,389.12853754353637,324.28433125245783,-3862498.0281953476,8909.408685674452,DrDoS_UDP
17,116258,4,2,45.94471457219874,44.80219737532684,2108039.8092436595,-2197.034763022466,BENIGN
17,-68248,3,0,1472.1750286185143,1478.2633296032927,1457823228.5925705,659970.7426726781,DrDoS_SSDP
17,-58151,2,0,392.63203804372137,388.4192644778204,788353772.803942,2002128.367697876,UDP-lag
17,28906,2,0,224.83766236738722,234.71739828454196,446225828.5099075,2000903.473001743,DrDoS_SNMP
17,160581,3,2,44.61265603869705,49.128525742999415,-2957657.2190668257,-1033.0754023880945,BENIGN
17,57587,4,0,392.03143402510483,390.8113867678058,790538665.4597477,16384.947950797978,UDP-lag
17,34462,2,2,952.3089693432682,449.5780497387381,-4118615.528328792,20809.470738691936,DrDoS_NetBIOS
17,-43924,2,0,1476.988703022975,1474.790866576218,1469592344.512718,999752.3213214544,DrDoS_SSDP
17,-31801,3,0,1467.072214184498,1475.2427887040637,2924010887.258671,1996793.7305730407,DrDoS_MSSQL
17,-42084,0,0,559.8473138798118,550.1962618807572,926625956.4608458,1998611.1190509412,DrDoS_NetBIOS
17,14314,0,0,393.90793245599485,395.77634974968015,782041261.5185158,1997684.4255072686,UDP-lag
17,65587,5,0,392.83152574567225,389.47848792556755,783538769.6092882,2003507.656434366,UDP-lag
17,-13021,1,0,454.57364367933667,453.9523872257708,935069185.5215495,1999948.1253936174,DrDoS_NetBIOS
6,42034,3,2,-0.2859235826102596,-3.0739067526527,1709928.0724442203,17704.02900800923,BENIGN
0,108844790,35,0,-0.4412337693777258,3.3503244174730913,5249796.637040318,-6099.420829856939,BENIGN
17,-5868,1,0,1381.4750212162794,1364.754655647891,1264224668.3134232,1002358.6510231948,DrDoS_SSDP
6,13926707,17,2,-7.031745398620264,-1.266471093598297,-332212.2014004609,27805.739762766436,DrDoS_NTP
6,-16962,-1,0,-1.515476746128222,3.3020638089325383,2866651.101562093,2001225.3952018525,Syn
17,77060,1,0,1469.779694973819,1479.2890705222549,1458750285.8928108,673109.370597805,DrDoS_MSSQL
0,117753941,48,3,-3.501778350933336,0.24305636614867404,-1677490.6058018839,-7389.909891623665,BENIGN
17,-29226,2,0,1468.4726722123678,1468.8587690037957,2941870020.317834,1999748.2241782276,DrDoS_LDAP
17,-81541,1,0,446.2553742597049,442.25816758655685,932072277.6685703,1994973.3537739357,DrDoS_NetBIOS
17,-15807,203,0,432.97912863431145,425.8543029517378,-942667.9070395103,-2458.883083756784,DrDoS_DNS
6,-74396,3,0,1.3642315736202493,0.5876444916664473,-3413019.2722545434,1997067.2587825635,TFTP
17,140834,5,0,690.3208770456635,39.19942293765022,4136363.440811363,-12249.858386053082,DrDoS_MSSQL
17,105882,2,0,19.27683771090054,324.2001786512108,144012479.74015552,13269.564542987144,BENIGN
6,4678467,213,24,437.7805000631339,-1.8533982290002662,-4740303.263881539,-232.2823770076866,BENIGN
6,5349,2,2,0.03406950094870384,4.2426342001351625,-1234066.6694613437,26131.878747295377,DrDoS_NTP
17,-24766,3,0,389.6613763992908,396.20156913623043,3056747.5273478185,9538.590685495501,DrDoS_UDP
6,4788,4,0,579.3790322081863,-0.38278556861773727,2676870.743962709,9934.286122329384,TFTP
17,101349,1,2,1473.2287463445855,1466.7255372849145,110101594.98157078,2495.0360325802185,DrDoS_LDAP
17,-16376,0,0,446.4319154971601,447.4842659912371,892413593.6748928,1998767.0163991651,DrDoS_NetBIOS
6,49167,5,0,1.190822997216656,-1.6651812802546893,2159025.969575772,1999978.9073546208,TFTP
17,-56891,3,0,1472.4740239891162,1473.1481284337572,856126363.83762,1996656.4932583726,DrDoS_SSDP
6,23782,3,0,-1.3367056704331375,0.6468412330566453,255615.43790431065,29161.781288850038,BENIGN
6,12583097,6,0,1.0437085290003616,0.2288448047691108,-1781139.7654980219,2004.548196534166,TFTP
17,29090,205,0,446.4327574180017,443.3937927942186,10937788.976563664,20198.57448859852,DrDoS_NetBIOS
6,39201,1,0,1.426066624130296,3.0526198759816396,619199.4095767917,2001820.7692769165,TFTP
6,120532999,29,2,0.25771892705252025,-5.019875208262181,1322723.2129282462,-924.7576709640161,Syn
0,115732093,47,0,3.2852880425507935,-0.9381027092298744,-7367892.042541721,-7968.719485629928,BENIGN
6,37702,2,0,2.2017610047177287,7.723508275174334,5560217.738452795,2001868.0146416053,TFTP
17,-42498,-1,0,1335.4414758342543,1342.5261467763933,1246557838.0323124,1003002.1858454521,DrDoS_SSDP
17,-57073,2,0,1469.442905555593,1474.7898834016628,2930460369.6501684,1999003.6187758024,DrDoS_MSSQL
17,-41286,2,0,388.70097380700133,394.74120055142293,776086730.8855412,1999909.1560166979,UDP-lag
6,73273,1,0,1.0668655090152126,2.467360181167155,-6146007.5975689385,1998695.4426599827,TFTP
17,48216,1,0,1466.8205381923513,1473.9484332536497,2929709505.6494594,1998658.1453966151,DrDoS_MSSQL
6,-13277,4,0,-1.0878647495083997,3.390234322429044,-5111557.089770142,2005034.704416664,TFTP
17,-71465,3,0,388.0581616952818,389.66586119024015,785044450.2977583,2002447.0241312229,DrDoS_UDP
6,122530,4,0,2.1551785741312717,4.717855210212422,-1350472.904846721,2002335.1814271463,TFTP
17,-33391,0,0,214.56763727938437,225.62407608345433,442559893.8265061,1998168.9675865918,DrDoS_SNMP
17,-7341,2,0,1473.1649502690389,1473.0546624381482,2936279770.526908,2002649.0493318215,DrDoS_LDAP
6,-112812,3,2,2.6281783437381168,3.939207818783313,4337112.505274932,25436.51924655516,BENIGN
17,-4992,2,0,1391.8844055997947,1384.0672540793191,2712274306.7397947,999849.1225021121,DrDoS_SSDP
17,14063,4,0,1469.464523203191,1473.8339373358324,2947210664.43534,1992842.1833241144,DrDoS_LDAP
17,13540,3,0,1420.2740256978311,1365.8929754350654,1480417145.577437,1003558.3190959061,DrDoS_SSDP
6,95469,4,0,-2.5541658056916647,-3.3560288914361034,-3162662.668439797,23088.438799450305,Syn
6,-24794,4,0,1.3166740880442422,1.4442252542169882,-2991376.258981958,1998192.0247489566,TFTP
17,-13155,1,0,674.5690750218121,558.1121233979682,964400164.5419391,2003582.2968262597,DrDoS_NetBIOS
17,-42515,3,0,391.82121773159014,400.554129557696,766631394.8335501,1999884.7682010878,DrDoS_UDP
17,-53914,1,0,389.34249585282635,383.96902394880385,789658195.9318994,2003938.7041500043,UDP-lag
17,61572,3,0,1348.5801834183947,1379.5979462847513,1473741071.5997517,1003423.9165391973,DrDoS_SSDP
17,23882,2,0,1378.198705643602,678.9810586775158,929996549.5823578,999887.5449538309,DrDoS_LDAP
17,-123650,0,0,391.68922477856273,393.3594414005447,750158791.7178553,1998218.2397790104,DrDoS_UDP
6,112019,2,2,2.8028416016461097,4.662050617086655,1406274.0848494018,30413.52472292003,BENIGN
6,130674,2,2,-3.8461855742712623,2.990234049339887,2234131.6220259094,39567.35714686888,DrDoS_NTP
6,101725,4,4,-0.27931852785577616,4.0674710492778825,4513902.124886808,11546.967998568989,DrDoS_NTP
6,913875,2,4,529.1511085914951,-2.051015611979029,4319593.335578143,13195.219117459877,DrDoS_NTP
17,121936,4,0,383.4394591458963,328.8473787360727,1463826.2010592404,3544.384269454904,DrDoS_MSSQL
6,137883,3,0,1.187205314023242,2.3670501513149915,444502.28214888764,2003083.3034858364,TFTP
6,73362,1,0,4.878269125752238,2.4552695769922552,2946349.9427915374,2003980.6125366415,TFTP
17,44630,4,0,1473.1617185143227,1476.3626259863588,1461086265.8296702,1006076.4837508954,DrDoS_LDAP
6,112816672,31,27,570.5483908295618,5.975727328234266,-1858076.2647269198,-3304.9698218390804,BENIGN
6,87741384,16,5,3.373602972202497,0.8378449035034653,-4495809.557159003,-4763.877154629117,BENIGN
17,34942,3,0,220.84837097809543,229.4579377084811,463415385.9535925,2000740.5652413596,DrDoS_SNMP
17,51075,2,0,226.24979397415728,232.30195128033856,207586078.11727405,13100.5031874116,DrDoS_SNMP
17,169346,6,0,403.1906418671033,332.6173045549731,1803252.6064762818,8457.360384094167,DrDoS_UDP
17,-61327,1,0,218.3596077555045,229.59885994898315,92146498.21154372,1005450.29299301,DrDoS_SNMP
17,-21565,2,0,1470.929492130893,1473.668081234186,2931573558.3452587,2003188.3998889185,DrDoS_MSSQL
17,48438,2,0,523.9259163292517,511.79533262812953,1196918017.09551,1998492.129627577,DrDoS_NetBIOS
17,37603,3,0,1057.925511188967,449.1394112214641,947831346.0433158,1996797.650240397,DrDoS_NetBIOS
0,112191897,221,0,3.2522780475905493,0.33440289306109583,-1708386.371675451,-16860.01978811717,BENIGN
17,19351,4,0,384.9016667256123,392.1784499763568,764902213.4251462,1999288.3512895312,UDP-lag
17,-16478,2,0,1469.771123341575,1480.5015876704147,2938825489.053043,1999332.500305107,DrDoS_MSSQL
17,132065,1,0,1471.6954863640638,1475.039370239937,5934951.66967976,1003099.0700496887,DrDoS_LDAP
17,58769,4,0,389.41502074898256,330.34453088564595,2205383.442175165,15201.436740651838,UDP-lag
0,106423038,227,0,-0.5195513235610842,3.653241979351802,3033437.6663695425,1315.6980859944288,BENIGN
17,41630,4,0,379.3728118445891,387.8955654755777,768484371.9758343,2005317.222454901,UDP-lag
17,-53513,-3,0,223.56226411183607,222.30213608520694,465921254.42394334,2001465.3394221514,DrDoS_SNMP
17,184850,5,0,393.70262474561554,325.4305716180973,-1484656.5329397253,-17307.742934590417,DrDoS_UDP
17,68012,2,0,224.54754714266613,229.23539744656924,190365.67730050138,17664.815577450066,DrDoS_SNMP
6,23055,2,1,1.3581434520109534,4.85833010806232,-2583427.3863994787,6585.044544242139,DrDoS_NTP
17,43375,1,0,1462.1351646659587,1469.224906809415,2939982892.946465,2003243.5372817186,DrDoS_LDAP
6,114022267,27,25,547.2489372714756,-1.1639551465261364,-68690.11616779678,-580.0909175485613,Syn
6,-34449,2,2,0.3942635493856371,-2.7621416191088337,676887.154940159,2002247.969601473,TFTP
6,-185455,3,2,4.433807994597158,4.933410969492778,3140832.6702613486,26489.27897911916,DrDoS_NTP
17,103604,5,0,225.10151451201563,1365.582353923875,1255552386.195964,997629.1725014366,DrDoS_SSDP
6,15243381,5,0,-3.094788870413853,0.11125288833331315,3139088.3228227566,19213.23034631952,Syn
6,72145,4,2,2.0491695673790593,4.552319127403243,-254642.6263180708,19614.50124608838,BENIGN
17,239708,7,0,382.29667395864675,327.11890779343406,-732367.5438289356,-5408.21957678272,UDP-lag
17,89726,3,0,389.45076629511556,333.0146558425738,3295668.7707595644,12723.9831018058,DrDoS_UDP
0,90678476,36,0,4.940246293467577,41.52055901099543,-4537799.5176904835,-8811.383754869348,BENIGN
6,41368,2,0,-1.808310460236502,0.4861867961431397,-2231798.240911415,2000287.5380013266,TFTP
17,41801,2,0,1466.4903130061,1468.5841520716422,1467845452.119112,1000968.2242477405,DrDoS_LDAP
17,-40583,1,0,721.4388384307236,610.5598039825742,2940929244.013073,1998264.1182073776,DrDoS_NetBIOS
17,95773,3,2,23.102392752289933,41.50391594190282,-1740426.9620201418,13060.415081006584,BENIGN
0,117387015,46,0,1.8961343169248883,-3.7968383011120794,-5237933.900766276,-16321.140922392457,BENIGN
6,-12945,0,2,-8.666273209932598,2.5748350708731325,-2973300.6482233545,679625.1853376868,BENIGN
17,-35188,2,0,216.56424775261422,230.86516631199896,444323824.4815715,2002739.0089442874,DrDoS_SNMP
0,110687239,242,0,0.04120196271664017,-1.3252689572610203,5386234.213804839,-3690.9279745779004,BENIGN
17,24031,5,0,1469.2072835855831,1473.3043779420948,2929846488.304385,1996367.5180242409,DrDoS_MSSQL
6,2016092,4,15,581.657174333794,2.168055923646192,10631040.43984378,14046.462660182411,DrDoS_NTP
17,-59577,1,0,392.5139673360325,392.85295490953257,764882850.6784861,1999409.4954090791,DrDoS_UDP
17,-41604,1,2,1475.1903374259552,1479.6226149787835,1460080752.5685854,1005380.4248886962,DrDoS_MSSQL
6,12713807,4,0,-5.024373826786886,-0.8235447381804455,-4538323.479558627,19765.03154420072,TFTP
6,112115,2,0,6.319144055792129,3.3551828798803727,1898338.1301784026,2006534.129205478,TFTP
6,117191043,13,0,4.4703646141481705,0.6690051459332859,-4118438.369090588,1994504.0470437855,Syn
17,127186,5,0,387.488300717653,332.85921524639605,5315874.080236556,9601.334166883833,UDP-lag
17,-12633,1,0,382.4024872586189,395.1738716372744,184842092.6351549,2005369.1856180034,DrDoS_MSSQL
6,111365017,18,28,5.872245105272553,0.7001277894922127,7175875.364297741,17022.679914231434,BENIGN
17,-6180,2,0,386.4606909966872,394.0895127884136,4445070.392382669,17085.345284092433,UDP-lag
17,-81759,0,0,393.2483883800123,388.8016419656472,756958112.6752061,2000147.6942637565,DrDoS_UDP
6,12850788,2,1,2.5993118171267016,2.724387936678545,176372.11065552197,14751.366494384893,BENIGN
6,3243589,14,2,-1.2063299897752953,0.3697325374704607,-2273607.552704544,11791.80966388377,Syn
17,12727,5,0,1478.2970652503502,1475.9717429537313,1469977952.9192092,994189.1731024245,DrDoS_SSDP
17,88272,2,2,21.601534290418186,24.93078108598347,-1055883.9340217698,16339.842514309854,BENIGN
0,104929868,36,0,-5.332682309897335,-2.8476733093873174,-439231.01033417135,8282.640490870075,BENIGN
6,166517,3,2,35.94960648493672,54.975118483786396,40987.82608905155,7235.117551460444,BENIGN
17,-42503,2,0,230.05411817419701,228.95925607387977,438984978.7761518,1003090.6710736639,DrDoS_SNMP
6,48223,1,2,-0.5588393945692673,1.959643113333247,377790.2867721722,20326.646206573678,Syn
17,-19776,2,0,775.5995566102201,438.41176021824333,926651818.275389,1989936.643576871,DrDoS_DNS
17,47401,2,0,1418.159769233192,1378.7561527218063,1461464970.2219763,1002450.4377281297,DrDoS_SSDP
17,63028,2,0,1470.1547780234796,1468.120993704992,1465189568.6169283,999248.5316518608,DrDoS_SSDP
6,23586,2,2,-1.2099587076663896,4.877856470322926,-1035772.0657161691,18842.112517473128,TFTP
6,13909,1,0,0.22320922876369326,-0.3385308068177272,887357.5306242148,2004967.7041810146,TFTP
6,95695008,2,2,2.5303735740811653,4.232487025187592,-380611.83685479057,10694.873495006821,BENIGN
6,2304,2,0,4.420870963540681,3.418811872672895,2170028.4306432963,1996269.9710777637,TFTP
6,77113,2,0,0.40274895906602626,-3.8297241070602017,-910239.4453323877,1995834.830798582,TFTP
0,105550635,38,0,7.56354170699502,0.5355692863319483,-487053.1335142639,-10104.85635933643,BENIGN
17,227338,6,0,389.1135582810628,332.16195754872575,4447172.950432449,-10150.523159259465,DrDoS_UDP
6,119171982,25,26,893.2615714543915,-0.5758764169860163,-2072541.212150737,-8630.72290967606,BENIGN
17,-8332,4,0,1475.762754569765,1473.5430997802325,1476113546.382695,994395.3663554103,DrDoS_SSDP
17,53856,3,0,219.5570221109475,226.49274697717703,421255868.21980923,1997640.8340239201,DrDoS_SNMP
17,110793,4,0,1473.6636202378957,1473.0585992353697,-2551695.2141831163,659329.7969617073,DrDoS_UDP
17,-47190,2,0,609.9647980695509,580.8489008362258,985666193.169794,2002963.353213171,DrDoS_NetBIOS
17,112064,206,0,438.2789592036266,323.86232249683553,2305466.1985100885,2231.968536731607,UDP-lag
6,127458,4,2,-1.7279076513425604,-3.3416854497592126,-3363042.6511571063,18972.52151715722,BENIGN
17,-65218,2,0,1467.697450517299,1467.4084395564369,2924589034.9024744,1998498.2101107666,DrDoS_MSSQL
6,12850832,5,0,2.3243494628443027,3.039137819859101,3263399.7523668255,15968.95974196347,TFTP
17,172626,205,0,437.9898163976532,440.82117560031844,-3525876.6859909827,-1272.9242828316874,DrDoS_DNS
6,-49630,1,0,0.38147151546928587,3.841077147500961,-1866746.0620523153,1999364.24762664,Syn
17,10340,2,0,1470.948118489852,1473.9448554117603,2933071073.619839,2002212.5397972933,DrDoS_MSSQL
6,114299662,23,0,1.247771616820857,1.4731038024962764,2781479.2477760324,12253.301230406658,Syn
17,96126,3,0,1367.9001453534343,1331.4389271821397,1234337882.1737082,999199.5669624899,DrDoS_SSDP
0,110983329,7,0,-3.080204395371798,1.0655942923892323,6324803.457656581,25464.505408416127,TFTP
17,10392,3,0,1466.3603544508187,1464.0546384956442,2916636735.821782,1994937.6464597806,DrDoS_LDAP
17,38345,2,0,1389.3673748144122,1358.1199276199466,1295510502.7250419,1000798.0811724258,DrDoS_SSDP
6,115613850,30,0,6.333349470779796,4.145570743946101,1317443.624371334,2634.5400439648874,TFTP
6,11528046,19,0,1.6257182580868643,0.6938225446160716,-138261.62270298274,14326.140622853492,BENIGN
6,90021,2,2,-3.2126738795994156,3.913817306561731,-1758901.9863339697,27604.367378990086,TFTP
17,-102797,2,0,227.02586970519673,236.66868317088137,127026840.57591322,1007532.6347610268,DrDoS_SNMP
6,-112295,0,0,0.705748479357797,-2.839562076298557,-3184366.8225045307,1993776.355594134,Syn
17,92569,4,29,538.2246772575479,1.4595106426871278,1151412.620227806,-1251.2528820790576,BENIGN
17,-33616,2,0,1473.3821430354735,1473.2085645367192,2928516400.838406,2000540.8325900894,DrDoS_MSSQL
6,10345260,18,0,4.557274378121612,1.9519519495615885,4197878.228354576,1999400.1677757434,TFTP
6,113476713,32,22,1018.8300394546256,-1.078542638190361,696648.2613752692,-5830.788790083065,BENIGN
17,-24644,2,0,1476.379741438568,1474.3416295865036,1469296346.2631786,998642.2412239949,DrDoS_SSDP
17,-52499,1,0,378.94041914227563,387.9231968858182,761241250.6534663,1995636.6185901961,UDP-lag
0,95931802,7,3,-2.454943016752559,2.1481090494243134,-3792475.570872005,1378.7579118492959,BENIGN
6,10362675,4,0,4.242529392232239,0.6458024578512619,509523.14496424445,1997077.6085905249,TFTP
17,-39899,3,0,801.0328497880079,1477.0364952318605,2797066774.4501143,1997180.9056879831,DrDoS_MSSQL
6,3473792,5,5,-5.443789346977948,-0.3262057672244188,760223.6658607317,7032.815337303226,DrDoS_NTP
17,54681,1,0,228.8772436121659,231.1045747088205,458034434.9081477,1003537.0238720537,BENIGN
17,23106,0,0,398.49964339782207,398.33151690348785,800720640.7129582,2001977.5490141008,UDP-lag
17,-33540,5,0,387.8987131752389,326.2390948106293,2113196.552296618,13352.827677154786,DrDoS_UDP
17,-31731,2,0,396.1975508945747,393.8518152893264,779636008.0378461,2001353.7360929744,DrDoS_UDP
6,1734400,5,7,582.472686341171,1.3426046656392092,3394857.409787732,1783.4027675715952,DrDoS_NTP
17,4435,2,0,1471.8536674476584,1472.3573391508044,2949067101.7601414,2001155.6960077672,DrDoS_LDAP
17,-12151,199,0,1471.9599280751186,1466.0605154392665,104661193.39014132,9794.748956860676,DrDoS_DNS
17,93987,1,0,1421.4921061668813,1401.4857737221537,1306278914.2759514,675059.5414470687,DrDoS_SSDP
17,-28205,0,0,926.8846699728434,233.25362838112153,441717573.54029435,1001360.7939264164,DrDoS_SNMP
17,115585,4,0,228.59154266301326,53.19992294041511,197619282.70689744,9156.135062305486,DrDoS_LDAP
17,-61819,0,0,223.6820719860396,224.23187845369884,457142028.88813245,2003734.9682820654,DrDoS_SNMP
6,110923387,9,0,-5.705465440211343,-0.21515569588981392,-5774673.2447538795,-1804.0884440671762,Syn
17,195267,0,1,40.826481267388196,2.8830094749119084,-785773.940935699,3830.8990843301654,BENIGN
6,30991,2,0,-0.2922745967972628,-2.898906937494061,-6773390.7342068665,1995404.722803352,TFTP
0,114627161,45,0,2.542068413455892,0.25727044506695285,781957.7490997984,-6287.797534608246,BENIGN
17,3693,1,0,1469.7197739822557,1469.0612899331998,1459769350.0789332,1000539.1530557898,DrDoS_SSDP
6,4583723,4,2,25.718460587512354,-1.6209902315498639,-933922.9512494223,-5375.419088179564,BENIGN
17,57816,4,0,1402.3355516226918,1416.5545998301993,1188472990.711346,996080.0818324719,DrDoS_SSDP
17,7917,3,0,1474.3258847672757,1474.147125277382,2935815086.1706185,1998307.274229391,DrDoS_MSSQL
6,120574287,29,3,-0.46535404212196224,-2.7340062703905725,-4127496.0377784157,-7908.7656397678,Syn
17,-2807,2,0,1400.1747239974993,1407.5087627353241,1472586686.0858161,1000003.5749289902,DrDoS_SSDP
6,110675426,15,0,-6.09069037405076,-3.6155327984331294,-2474630.945564241,5044.891404936869,BENIGN
0,100535861,35,0,5.582877983881754,6.088231540997053,2113436.052797054,11996.219301059491,DrDoS_NTP
6,-37536,2,0,4.5823811043343206,3.030312380402433,-4205144.931883366,1998199.0635047532,Syn
17,126505,4,0,389.4243056396242,323.1706327684696,2330180.9188261703,684.8740114961092,UDP-lag
17,-25009,3,0,1464.1776261643663,1473.635712890946,1472494509.7848983,999574.8783343165,DrDoS_SSDP
6,103255,3,0,-0.20754079032413064,-0.8534986351396433,-5242096.069171725,2003454.1987885747,TFTP
0,108939840,236,0,-2.3565639577745636,53.87515377062353,-3190259.7829826176,-16378.418473853995,BENIGN
0,86474,9,3,4.389983510868348,0.8980523675247881,2734871.0680122715,6160.207930895029,DrDoS_NTP
17,104591,198,0,445.9296228979403,444.8991659650647,4389863.0105657065,3069.395146515064,DrDoS_DNS
17,98397,157,0,431.75737286119863,439.7923610491399,1781531.3404396758,7618.697995082471,DrDoS_DNS
6,86364,-1,1,29.54493879419439,42.06745070695709,-3014958.300971658,2950.2890725353127,BENIGN
0,111986450,9,3,0.5826961395171917,-1.8967437166798082,-3769468.4911372056,-10023.941480031284,BENIGN
6,60718,1,2,4.668648673154839,3.2439548102590035,599144.1785427991,26329.77321892664,TFTP
17,84482,4,0,1474.2711089709546,1467.7400428434296,2943424550.047564,2001519.4398243339,DrDoS_LDAP
6,150148,3,0,-1.3834273079749486,3.324650612982863,-3723786.102604606,439445.8262850314,Syn
17,28625,5,0,395.7603225068593,336.1538158144155,-6088940.312173919,2732.2987139893194,DrDoS_UDP
17,9651,3,0,389.168578558069,332.23023570153845,769949891.5022748,2002360.5044056363,DrDoS_UDP
17,-20244,2,0,1472.0280237801644,1476.9002989124626,2968325355.111202,1998859.1285820424,DrDoS_MSSQL
17,-81484,1,0,224.15743487858427,224.00721916828275,445294759.48284364,1999826.455821686,DrDoS_SNMP
6,-185489,2,0,1.9520296685724627,-1.979024406853492,-1407897.1929490312,1998245.0920255627,BENIGN
6,22359,4,0,-1.150516488907219,0.7066434563405533,46866.02329728822,2002959.98186636,TFTP
17,142295,5,0,396.1514339150468,331.9081521257123,5024410.359427381,2167.3106731973194,DrDoS_UDP
6,45500,3,0,0.1838516755382471,0.45413637040439664,-530809.8548122,1996118.849761244,Syn
17,36085,4,0,381.2704587631768,327.78086546510673,4389605.592824134,-7650.350183495524,UDP-lag
17,-34134,5,0,392.2427702558652,329.3900706337315,769735806.1977276,2001614.7400222232,UDP-lag
17,-105294,2,0,384.71297725495936,399.29614165469314,766570796.75728,1996812.7834236415,DrDoS_UDP
17,54853,2,0,1474.0796757069493,1477.1979331965092,2926627966.979848,1999509.999402134,DrDoS_MSSQL
17,-23808,3,0,1478.0925489914289,1476.4160910069588,1467029713.4528456,994117.994208281,DrDoS_SSDP
17,53121,3,0,1472.8857636411192,1476.118331996182,1475587211.165366,995810.9559363138,DrDoS_SSDP
17,49611,2,0,392.4983949140686,394.4466349430977,774620850.6142502,2000383.5506551878,UDP-lag
6,137973,2,0,3.296786925096381,0.175517365994677,-811036.8483036335,18659.635326597956,TFTP
17,-79480,3,0,383.60706976858575,386.48891099091855,778496991.2608349,2001881.965508674,UDP-lag
17,80503,5,0,386.4475200256155,395.95799688430856,-2894041.7524354514,11680.615378006578,UDP-lag
0,94152457,221,0,441.904731810026,0.5174929987062138,2376761.85364648,-11030.791848225064,DrDoS_NetBIOS
6,-10058,4,2,1.3766060776158484,0.7900153197232158,-261266.3686537505,22410.97824477462,DrDoS_NTP
17,7582,2,0,398.7874941484577,399.5327886305156,775613671.1132506,1997340.4736660605,DrDoS_UDP
17,-46434,194,0,657.1540725660053,232.12247447657418,-2565725.4205796337,9724.606971066056,DrDoS_SNMP
0,108332201,234,0,-2.1601157814369407,-0.5660731765583498,-2448229.924302388,6950.4635524157175,BENIGN
17,77671,203,0,438.32695862963686,434.89763243794494,-3622856.8740610806,-1064.9541460919536,DrDoS_NetBIOS
6,194709,3,2,-4.615142726252874,0.8928645778552052,1555304.3952674197,8110.438214470707,BENIGN
6,93723,5,0,3.185776896347025,-2.590402542226729,4944733.797314256,14551.6406611774,Syn
6,111628,2,0,-7.161991694416291,0.584992499784375,-9743090.107224865,1994225.1508070447,TFTP
17,-27991,3,0,1469.811419409096,1477.386310378199,2943774728.4503646,2000424.9118163749,DrDoS_MSSQL
17,43502,3,0,392.7595634652632,328.1606360295855,1878299.6420345358,10248.846494868862,DrDoS_UDP
6,101523,3,0,1.043129025481513,-0.6652571196426447,-3060687.6635446893,1995476.5749543526,Syn
6,109926096,30,25,909.7948267593322,-2.1885664024434943,-8856979.32434395,-9713.149429199366,Syn
6,64010,2,2,-0.7506220764754833,3.720533852649085,-1743575.296421503,30161.918397200825,BENIGN
6,110302867,20,0,-5.503312203912476,-3.7553519189455282,-1717162.4645437694,6642.92706298564,Syn
17,-8249,3,0,443.4975082222604,430.20904297895055,908836728.6576513,1991940.6727155973,DrDoS_DNS
6,26060,1,2,24.666402483294057,-0.05465550663683923,-837373.582235866,20729.87148274556,BENIGN
0,77648680,33,0,-4.0082164072829265,0.6164507229545009,-2685522.9132611826,-10901.165407650336,BENIGN
6,73222,1,2,-1.193909406822349,0.6491907883097294,-1300517.489173252,27024.994111411324,DrDoS_NTP
6,12240464,3,0,0.8794124908236324,-2.790097032972088,4145110.5439861575,14474.800575817731,BENIGN
17,95394,3,0,1473.852236148502,1475.5042235433052,2936948500.457738,1998123.4632942358,DrDoS_LDAP
6,-2805,2,0,-3.7923621993189305,1.442071569009023,-4510533.100392311,2004405.8013647995,TFTP
17,147306,206,0,386.6165516450448,327.00095320414823,-1646704.3565482975,-6788.1236691251725,DrDoS_UDP
17,19428,1,0,1463.561300898777,1467.8550376681683,2929374819.273721,1998195.302046426,DrDoS_MSSQL
0,-127837,36,2,-5.331436237882334,-3.163301177278591,681098.1092418857,18710.501091172286,BENIGN
17,64630,3,0,1472.568267338103,1473.0899611275872,950656197.685188,672289.0898076274,DrDoS_LDAP
17,38133,168,0,441.51861148937013,1469.177867411321,931470359.2578864,664906.527510164,DrDoS_DNS
6,29870,1,0,-3.0711704945234595,-2.1952193443149812,2751172.2679464063,27437.42413081941,TFTP
6,79019,2,0,-3.401881839133648,1.0794705231449422,-6098420.478802555,1999130.412490837,Syn
6,101655,3,2,5.473619925594905,4.568904119155797,-1598010.2609662248,26499.404312185863,Syn
0,110170590,43,0,2.021815400651946,-1.2733827609870088,-280115.4405409689,9007.813400114908,BENIGN
17,31413,4,0,1475.9144602730562,1477.1646001242163,1473287490.6019268,998985.4235888039,DrDoS_SSDP
17,-76379,159,2,54.458763049714115,450.03359423089216,4052885.202500227,6594.211170208073,BENIGN
6,-35515,3,0,-3.32421308879578,-2.1334452519158367,-956799.5773633628,25619.345845741154,TFTP
17,166217,3,0,385.1361133704998,392.68049718186126,-2456659.4829638544,13824.32589342558,DrDoS_UDP
17,14565,4,0,386.92828644463975,382.15522839353355,767716246.1084458,2001273.9442450183,UDP-lag
17,68197,5,0,389.4625647321864,399.65919524679333,2037542.0417369073,19367.23509137056,UDP-lag
17,-10015,2,0,1462.632568840237,1465.1518618848127,2928491122.4979477,1995923.4422845945,DrDoS_LDAP
17,-65185,2,0,380.5128753807067,379.28484804035173,-1985049.7802480964,5812.142676314217,DrDoS_UDP
6,181830,5,2,-0.0022561478286050457,7.82678601286265,-4389172.043222064,21831.468679077912,TFTP
6,146513,2,2,1.6675412174210085,51.28509896100755,-2024470.1265563497,6136.18423253912,BENIGN
17,213269,7,0,400.05371148842863,336.0974823186144,1927617.0160273816,6591.207413803788,DrDoS_UDP
17,-128,3,0,396.25795501535833,401.17947757551394,777024552.7943772,1999385.3293019086,DrDoS_UDP
17,22103,3,0,1474.8029168001365,1474.9670667984822,1459693290.415473,996459.7566161996,DrDoS_LDAP
17,21855,3,0,583.1106025997557,566.264665331242,944080881.5703884,2000731.8263826694,DrDoS_NetBIOS
17,30293,2,0,230.62783475881855,234.98964518075445,463939919.35349756,19257.464860935375,DrDoS_SNMP
17,-15334,3,0,1474.0738691962717,1471.7683594742714,2948947106.593396,2000931.6320832225,DrDoS_MSSQL
17,50007,185,0,437.8826190608889,431.2134143832881,4569220.902285369,14998.428779460195,DrDoS_DNS
17,8099,1,0,1469.6757271511465,1468.3814881163983,1460225329.936723,350345.7142992649,DrDoS_LDAP
17,-60605,2,0,1468.3080052445473,1476.8600121785598,1465136958.2723114,999764.4347030628,DrDoS_SSDP
17,55580,3,0,1412.5471013544725,1376.858047414848,1470273760.581282,996379.0847175475,DrDoS_SSDP
6,55846,2,0,2.215081946245157,-1.0030606304810574,-4276892.275971406,1991805.6039468453,TFTP
17,2221,1,0,542.1324328861795,523.0616585486196,2639717468.0906744,2000685.851457101,DrDoS_NetBIOS
17,33437,2,0,1362.1498630956648,1349.9195367365849,1171544197.23439,1001863.7254946635,DrDoS_SSDP
6,119285492,5,3,-6.4626077050082955,-0.7677265337464592,-3789661.4232154386,21025.47206877103,Syn
17,138877,3,0,373.2827413415052,325.5714186591914,-1951266.3187917985,-1862.2773448088446,UDP-lag
17,86970,3,0,1472.785269163375,1465.2545998196156,2916867757.347425,1997653.361911566,DrDoS_LDAP
17,-35020,203,0,444.19123074460623,1354.3436300235294,-6280639.492219217,-1255.3591516492306,DrDoS_DNS
6,112239547,3,0,0.8498226458422796,-1.853892219893718,-5754332.679977142,10926.87689551593,Syn
6,10964,3,0,-5.421628278743867,-6.237509200676195,2082249.5847189785,1998453.367771174,TFTP
17,8364,2,0,451.448267006386,440.2903276898089,216594257.86377507,1998831.9886475725,DrDoS_NetBIOS
0,75777765,39,30,-4.204002016718062,3.1444337936394366,-2480130.9346412206,-3954.385306145201,BENIGN
17,351,3,0,226.7048829803092,228.4746634266965,459821213.99559325,1009961.3292915929,DrDoS_SNMP
0,118158689,49,0,5.626235857537217,2.2865595141638155,-507640.1106859578,-22545.2014085839,BENIGN
17,289759,7,0,385.23998490291297,331.57986788599834,-3511907.4116354845,-2734.8694465554945,DrDoS_UDP
17,-24355,3,0,1473.2696673235373,1480.0169294604243,462121422.2470817,2000732.0434691634,DrDoS_LDAP
0,106993597,8,3,3.321914993141967,2.185299348601263,-1954542.9594293141,7025.627921719428,BENIGN
6,-78858,1,0,1.6889280379112415,0.5849258265063049,-1562890.3209538374,1995382.0319180808,TFTP
17,-120141,1,0,1472.9504262183086,1476.329544124241,977098872.500376,1004882.4242652631,UDP-lag
17,88361,1,2,31.05808110310661,47.971922275402264,2818180.8708355697,16572.126271673318,BENIGN
6,60131,2,0,-3.2004804174020256,2.6197209602634377,-5201039.147294788,1997203.2969037083,TFTP
6,-6291,1,0,-3.6257736723839695,-2.03408026736611,-1426214.3844870047,1996757.5689876822,TFTP
17,15449,3,0,451.06415609201485,434.09406078802846,943501243.8704005,1999544.3936972953,DrDoS_NetBIOS
6,120010839,37,31,1134.6986521277518,3.2423818742017625,-2466574.2265722677,-9175.006342297776,BENIGN
17,-72287,2,0,229.60600198914278,231.04897776518118,454497453.2898353,2002506.6423953963,DrDoS_SNMP
17,86806,1,0,1466.877961552643,1475.0489323298114,149896269.3750203,441356.9310487133,DrDoS_LDAP
17,-35692,2,0,444.52967617254734,443.84783268728745,934759863.340108,2000056.5544850442,DrDoS_NetBIOS
6,116127060,41,28,436.99453526830877,1.668293060881822,-7824683.180250953,-19594.83459419183,DrDoS_DNS
17,-21585,2,0,224.45579474472348,225.21811213223697,441362526.4466542,2001002.3101634693,DrDoS_SNMP
6,26304,6,0,-1.568284686373118,3.3864727322744264,-3073429.707540991,12960.985603968576,TFTP
6,5899341,5,4,535.8953552036076,6.347739653113691,-4238374.099662554,-1006.2431542544418,DrDoS_NTP
17,17834,2,0,448.1539976374338,445.870366746492,1193338990.3754985,1997797.0015385407,DrDoS_NetBIOS
17,113377,4,0,401.1570231638917,393.8123047422838,761056490.8045158,2002147.562266663,UDP-lag
17,33048,4,0,388.4244614028535,388.6289270157167,763889898.3349317,2001869.9456163074,UDP-lag
17,-70314,3,0,234.30709208762966,228.58036586199083,473189905.7068224,2009068.7161897006,DrDoS_SNMP
17,38764,5,0,1465.8299196137782,1474.660705449526,1474178901.8396506,996492.6634537186,DrDoS_SSDP
6,-96118,3,0,0.14216984058975474,-3.4051747883161756,-5394540.519954182,1999569.7440531622,Syn
6,114396,1,0,0.5141066717376288,5.008162061016765,-1376108.920307238,16023.361749657091,BENIGN
17,65429,2,0,231.05609191814472,550.4467598641313,5176642.219123994,13740.566079675611,DrDoS_NTP
17,-55170,2,0,1346.6061924094483,1471.9699136251222,93002829.56488778,999675.067096835,DrDoS_SSDP
17,-64262,1,0,28.943154054228344,728.0266338101926,1750299.0726721785,14846.53983167643,DrDoS_SSDP
17,-10713,3,0,447.49022424578163,449.04011312834996,971219447.8134319,2002208.3449389865,DrDoS_NetBIOS
17,-81205,3,0,1480.1907497692198,1476.664540212528,2957659067.2617493,1994050.6967507056,DrDoS_MSSQL
6,121089265,28,2,1.2953580836358272,-0.5344474125699699,-2495999.302345651,4834.078643889907,Syn
17,14895,1,0,390.75343698155876,401.32243051399587,785322351.3915532,1999185.4165397075,DrDoS_UDP
17,7084,2,0,384.72182781357463,330.99392148448663,-3936044.8806666033,15481.020565216037,DrDoS_UDP
6,120234189,30,0,4.154960214127076,0.9854535101237302,1390334.5850266013,15391.423611304923,BENIGN
0,75379355,7,0,0.7800523744655904,-0.3904019255247063,-637969.9885018414,1285.152869215679,BENIGN
0,84455921,6,0,-4.045536482400934,1.9043692505670224,236131.94804815925,29394.602730738094,DrDoS_NTP
17,7510,3,0,1469.0732745452055,1474.0985570984842,1474733017.7061234,998035.5319296313,DrDoS_SSDP
17,75799,4,0,384.8032464368363,389.49654521710255,2240722.415427514,10924.21013043291,DrDoS_UDP
6,87319,2,0,-4.315261841920405,-1.0083038613329027,1353498.9056050675,26087.096730070167,TFTP
6,13251,1,0,6.053396037854208,-1.428636994359968,-4934454.22041435,1998057.8882281992,TFTP
17,-75317,2,0,228.07967003196248,233.05742184571244,420310335.039321,1997775.5180922146,DrDoS_SNMP
6,-88285,0,0,-0.07734428708563106,0.0044067608378488,-370002.28008260205,1999350.2821368312,TFTP
17,-16471,1,0,1473.0457910408597,1476.7564339486487,1461936731.0191944,997673.9576201863,DrDoS_SSDP
17,11704,1,0,1465.4159401802121,1482.7193964094745,1466944787.2612784,1001565.4310674395,DrDoS_MSSQL
17,33680,3,0,222.77603724700361,231.75833070146788,1464554947.8642335,999717.342398797,DrDoS_SNMP
17,35762,2,2,43.09868423364459,61.255307804135924,7444369.8530275505,21066.293355094374,BENIGN
17,-4417,1,0,440.4618018848752,438.9770090465062,912404753.1879551,1999565.0994972843,DrDoS_NetBIOS
0,108809323,7,0,1.242585187650598,0.6937960966269285,218464.47459514602,-1683.3906852863838,BENIGN
17,-52069,3,0,226.83662162246088,218.20409431656046,440419333.6653367,1995183.4924695198,DrDoS_SNMP
17,-44726,1,0,1462.045667794836,1466.5989730311858,2931406986.6411366,992277.7643409785,DrDoS_LDAP
6,113276937,14,0,0.30997548103708056,-2.630040442340364,754203.0030984391,9007.172481316666,Syn
17,-16342,2,0,836.5712620790556,226.62005685481193,11866477.029693015,23656.114685330853,DrDoS_SNMP
6,116763,7,3,40.53932985772257,6.220841094594491,-640437.7361631012,2115.6502212912683,BENIGN
17,69207,1,0,1468.4987337385348,1473.5206264242668,436269596.42160887,2002085.2988969644,DrDoS_LDAP
17,76015,3,0,379.79396444945496,321.0166593920238,4143021.6755138757,9587.829535670506,UDP-lag
17,-34919,2,0,448.5496164283948,440.6139516347304,908574062.9782702,2005822.440573394,DrDoS_NetBIOS
6,32522,1,0,5.273934096201568,-3.0642905293867573,168727.82373855007,2001472.28696297,BENIGN
17,6419,0,0,390.4192297884496,393.6731979920308,774519210.3114835,2002062.8682578166,DrDoS_UDP
6,162934,3,0,-5.968404581917708,-4.893770753383529,-3499507.3386535356,1998681.9092173895,TFTP
17,-26337,0,0,384.91387953946406,392.44222935225326,944243180.4540427,1997841.480950742,DrDoS_NetBIOS
6,114266855,3,0,-3.3113687006956534,-3.6194962343291572,-6548706.1145464545,-1597.3334397009512,Syn
6,-65110,2,0,-2.6002661048717726,-0.35116882350431616,2193704.8233484942,1996600.4913846378,TFTP
6,112664207,18,0,-5.187202310802313,-0.47733126476920584,-5125429.731813893,6104.340718433541,Syn
17,124833,2,2,26.12334803494513,43.54391940216454,-404433.312239154,11361.60891104752,BENIGN
6,-7786,2,0,-0.6428224778188819,-0.12418656463000315,792152.2566718758,1998751.8816699043,TFTP
17,-30174,4,0,1477.874439793748,1472.1673938086271,2930167957.0207987,1996623.3134236485,DrDoS_MSSQL
17,19541,3,0,220.1990283229054,225.99443978976518,2709619.4344140403,14598.549737590649,DrDoS_SNMP
17,21856,1,0,433.9617901390327,1373.8201795096945,1211556686.7568166,996376.870805551,DrDoS_SSDP
6,12871942,1,0,0.1948727314221852,-0.641701312174195,-819338.7717866672,2001937.625583911,Syn
6,103226,0,1,1.9196344639115621,1.653225121360077,4893974.186068575,16122.171532285984,BENIGN
17,-20807,2,0,223.79216206346211,229.60368058977434,442817052.75669426,1000095.9063182082,DrDoS_MSSQL
17,20263,2,0,382.1691501661045,390.62879388346255,4772397.048312337,17756.995265189285,UDP-lag
6,110811261,23,0,842.2920105542272,-1.836622678932631,-3875686.7282103943,2233.953522457723,BENIGN
17,71169,2,0,1474.5586272236887,1475.4462970534164,898267060.1774378,680644.6751269728,DrDoS_LDAP
17,-12921,3,0,392.65796438733406,397.9523974142413,785587032.2327654,2007351.152069527,UDP-lag
0,110419238,40,0,-5.158383560794041,-3.4912507096013785,1335431.9263263936,5279.132426375343,BENIGN
17,-11725,2,0,1468.568981380698,1472.4485827561628,2932919473.8469367,2001682.8907518738,DrDoS_MSSQL
6,60656,4,2,3.2565830348109217,1.2711627819283444,2591078.9670544774,30333.799564474873,DrDoS_NTP
6,68989,3,2,-0.7625793840164687,-0.7095091425818544,-3374274.010013084,10136.675706612257,BENIGN
17,-7601,1,0,441.6999781614394,603.6869129026472,929594412.0775539,1996145.6373327693,DrDoS_NetBIOS
17,4830,1,0,1468.1735878462052,1469.5179071733646,2945447738.9574,2001156.9601339868,DrDoS_LDAP
6,-18299,5,0,4.530290540699073,0.3522350347619474,-2232316.834317794,1999767.113795245,TFTP
6,10366,2,0,-2.7226122846910314,-0.879510896428174,-4833031.093388558,2004078.9724301675,TFTP
17,84294,2,0,381.78767469797884,401.8932303087592,770886137.0745982,2001503.3080432168,UDP-lag
6,-29362,1,0,-0.5183635778052523,1.5245079592694197,-5530689.005052725,1995486.2993986094,TFTP
0,117968565,224,3,-7.325021955760733,1.8239271936134778,-2582193.445463077,-10888.63984162531,BENIGN
17,-19201,160,0,442.7647271357233,430.43812057252956,881102289.7668371,652075.5708794211,DrDoS_DNS
17,-50117,1,0,1479.9325006239585,1478.3053771507082,124069483.63191877,663998.040474897,DrDoS_MSSQL
6,107740415,14,0,1.5965516119506218,-1.364357535959984,6355905.104038789,4428.030379580333,BENIGN
17,30514,1,0,1465.1066413971396,1471.0212159097612,2941588509.164544,1999408.1078592031,DrDoS_MSSQL
17,-19400,1,0,217.5096477782069,230.93154155660682,153665177.05488327,21390.404504214242,DrDoS_SNMP
17,172345,2,1,38.645967551415055,37.02319459497684,1768531.47606717,7187.82354837089,BENIGN
17,7955,5,0,223.61284435074043,221.37665972461926,481844836.88259715,2007938.2090907563,DrDoS_SNMP
0,97656148,35,0,0.14369820684871396,0.6385326913292146,5410240.095850788,-2119.2582056363517,DrDoS_NetBIOS
17,5001,4,0,1359.8443476289779,544.0517755572886,2716640005.0296,2001901.2144457104,DrDoS_NetBIOS
6,71300,2,2,3.723454303090585,0.3028416167951978,2977155.9211421055,676745.5600194824,BENIGN
17,1044,2,0,219.6473329728433,221.02476621840847,464888226.855277,2011429.1093637077,DrDoS_SNMP
6,-47621,1,0,2.154028782885044,-0.12979140810328138,280160.11219402566,1997479.682409531,Syn
0,114865638,221,0,-0.35338475255198915,45.579326937612066,-4355954.686058756,-19476.885899145782,BENIGN
17,70880,2,0,1480.6440720033884,1474.691449417414,153622767.9455683,654032.158136477,DrDoS_MSSQL
6,-71172,1,0,0.5255277354124859,-0.8298718386124685,-1478154.520474539,2001732.6657861837,TFTP
6,-68717,1,0,-3.590284872039273,-2.8612733301810973,-3175983.969460408,1993833.600465195,TFTP
17,121522,202,0,440.92949436187934,483.4682213340357,3440256.880385381,6030.095495124337,DrDoS_DNS
17,5284,3,0,1480.180976804824,1474.5621473241183,2935506611.685107,2000551.5904175919,DrDoS_MSSQL
17,-29485,3,0,1463.358490016387,1471.3906081388084,2911371499.291984,1993266.3443089195,DrDoS_LDAP
6,25790,2,0,4.618923172635644,7.298719485934468,-1528403.591006486,2007212.4862355436,TFTP
17,54744,2,0,381.5272518213649,387.7201912216577,778155822.4276212,1998276.8182182023,DrDoS_UDP
6,214036,6,20,50.34574718611596,4.441002086303752,1678077.1230113348,7325.2556551025355,BENIGN
6,617,2,0,3.99309429527855,1.9869642181012357,2202177.3968098434,2001708.9151065503,TFTP
17,45081,3,0,516.2170602909441,572.6781931387407,1221244057.2290184,1995309.2031999435,DrDoS_NetBIOS
6,-54435,1,0,-0.9496149026024002,-2.8115156990584174,588103.1316563477,14221.541635418493,Syn
17,-38480,1,0,1475.5159826143163,1391.9643663334216,1225246558.886602,998786.1143123821,DrDoS_SSDP
17,71547,141,0,440.49507285268885,438.00839853566094,-5682817.790283473,8032.643175983854,DrDoS_DNS
17,68087,2,0,397.303266158992,396.58874759320224,2731584.8983551254,664114.3728062848,UDP-lag
0,109703755,40,3,3.7560932411837693,4.774860696970746,2485784.1725104284,-5574.17293099513,BENIGN
17,-51163,3,0,237.69656657549365,398.39648672620103,780053334.3535954,1997382.0360026543,DrDoS_SNMP
6,112602621,4,0,3.273654318424758,1.0988420706071753,-1722211.7712556806,11024.752371872368,BENIGN
6,2004783,4,5,0.3068632415646208,0.5087982776059284,3148550.907739117,9601.835141878248,DrDoS_NTP
17,-3989,3,0,391.91055573655353,395.15345496620006,778168778.3608636,1999027.2711545487,UDP-lag
0,59545,8,3,4.990019813110743,6.727874055864036,-1320038.5582617496,2224.0222409487633,BENIGN
17,55991,4,0,390.88072334740497,393.55514677596085,1316343642.2340004,1005613.171857486,UDP-lag
17,-54848,-1,0,1465.1095560197368,1473.7747167329196,2948894906.983653,2003327.6341416626,DrDoS_MSSQL
6,-7052,2,6,35.93410914347282,2.0439486792614963,4329847.365970026,11880.655245543014,BENIGN
17,-47027,2,0,450.17319533028723,611.0936675108294,1339752784.387749,1999737.062115704,DrDoS_NetBIOS
6,81959,3,2,-3.7102259728058344,0.21670116628962205,-2094977.8928231366,24328.747052438797,TFTP
6,51081,0,1,-3.5910568158352527,1.62503056898411,-2913254.671818709,11775.920537524471,TFTP
6,124267,4,6,-4.652034024546723,1.851077659054024,1767168.8598128678,15362.582698534836,DrDoS_NTP
17,-12654,3,0,390.3758821082929,386.39759491822593,784320839.9919811,2002029.6160179828,UDP-lag
6,-36567,1,0,2.755493047763548,-0.7446975281705447,1539269.219390123,18651.716174931822,BENIGN
6,12371477,204,0,443.14756129307665,0.22420618435526624,-4740646.308588244,-350.946059638527,DrDoS_NetBIOS
17,-3790,2,0,389.34345696260806,816.5738122300123,1927381.6089790403,11296.282262680286,UDP-lag
17,67675,4,0,382.97729240284383,393.5471937433547,2040039.852784044,2002700.3904809218,DrDoS_SNMP
6,-59446,1,0,0.5782357873912903,-5.801244861335311,4370931.667001959,1997217.3123169688,Syn
17,50141,3,0,1464.7655413418793,1471.9334881497168,2919804502.522171,2000731.8330820745,DrDoS_MSSQL
17,26054,1,0,1468.8296647020293,1475.1843694557542,1463777978.6188674,999075.5195702746,DrDoS_MSSQL
0,100279913,9,3,-3.3222219927967234,-3.4257944816760886,1567997.5862616706,2739.2961207561575,DrDoS_NTP
6,12487550,4,7,533.2504391788649,-0.4733643983808624,6135356.3473211825,7343.6764034957105,DrDoS_NTP
17,-85397,2,0,238.4165856401864,233.53020775996885,462654043.28009933,2002118.6607751404,DrDoS_SNMP
17,147515,6,0,396.63426533290686,329.3834874530139,-1045089.5679533633,2276.48604320251,UDP-lag
17,-29382,1,0,778.8062112299388,446.7053021387883,454569251.01696455,1996038.1412542935,DrDoS_NetBIOS
6,-5986,2,0,-6.560365425624588,-0.4768594614147633,-2648241.362119614,1000153.9277084776,Syn
17,52229,3,0,1473.4650615734654,1473.7424467656922,2932197800.039811,1996261.4574221547,DrDoS_LDAP
6,62276,27,6,45.55726852383698,3.2253991666626796,-2812353.0908532664,-4353.69027882308,BENIGN
17,-36691,4,0,1411.80642379076,1384.3437584879598,1228304543.5150683,1004434.9479756823,DrDoS_SSDP
17,-52857,1,0,226.20835438427733,227.76685118598547,483969472.4991327,2002619.7373728985,DrDoS_SNMP
17,63499,3,0,1408.730560743244,1412.7671049322814,1216443853.0926375,1000125.7362757764,DrDoS_SSDP
6,-30090,2,0,-5.568090487192871,-2.6880912333055758,-407491.3222713398,1992501.79582412,TFTP
6,55489,1,0,4.686401682816586,1.5546369773282787,-1365340.5912783856,1993181.9214971475,TFTP
0,106553148,41,0,5.495904679451338,3.896206708267844,-3394978.0196512276,-10235.478469213405,BENIGN
6,136568,0,2,44.87684362716927,6.5664421697968685,-1422621.0046054272,21949.648387883186,BENIGN
17,81091,2,2,46.634005237233666,0.033394811676788656,1858222.735836172,6247.8447330591425,BENIGN
6,56575,4,0,3.1757564207697992,-6.752101165730107e-05,-1366015.406922091,1999660.0679135749,Syn
6,58434,-1,0,2.6297683102874245,2.1472447866828577,946569.4158352015,18912.78540176316,TFTP
6,109882189,19,5,-2.39360464889855,-0.22457959026399643,948096.1057021588,11443.878974817706,Syn
6,80165,3,0,-4.046508990921788,-3.8366359957709983,-2913134.149852112,2004219.4159255428,Syn
17,29881,1,0,217.9909371972529,230.36625405043065,420357059.6143662,1992893.3894544337,DrDoS_SNMP
17,-48301,2,0,1479.9057999413155,1475.9553176730444,2935715258.697507,1997957.1637023215,DrDoS_MSSQL
17,73510,4,0,1473.5119102179242,1474.5224546525064,2944398350.335171,1996362.3798381537,DrDoS_MSSQL
17,120780,3,0,229.52992039089776,232.01327330740665,460720731.5721894,2000961.1016714189,DrDoS_SNMP
17,106398,5,0,395.21352841852377,337.6963476021289,1468358.91076149,12246.354935434047,DrDoS_UDP
6,534355,21,0,954.4436408456556,224.85336960275802,4172854.217535129,5316.5110301518835,BENIGN
17,-20873,2,0,223.1987730261249,232.68233653865062,1207879562.284942,25898.8863552255,DrDoS_SNMP
17,-40899,2,0,442.9105230741345,668.1727692467352,925614591.4431813,1997538.1434802979,DrDoS_NetBIOS
17,57807,2,0,395.88285341553535,405.63597568156354,454250446.34994084,12855.623982360947,DrDoS_NetBIOS
17,127755,3,0,386.7809520057992,331.2173946444569,94256.11951694172,6829.30434365088,DrDoS_UDP
17,137642,3,0,392.7955549903404,330.55871718308373,6394351.342960006,15557.525391857635,DrDoS_UDP
17,46544,2,0,1473.054655775702,1472.4641107949126,2948395143.8700533,2002270.244865955,DrDoS_MSSQL
17,38067,1,0,218.23006303673918,222.5569985201742,424741652.9856622,1992652.3963907235,DrDoS_SNMP
17,-86611,4,0,1465.8890800062575,1468.5960529341035,2910979470.7413325,2000880.9919882219,DrDoS_LDAP
6,5237633,5,6,444.86713342168326,1.7633462485739202,-1617352.8287010773,11343.181737584167,DrDoS_NTP
17,148167,3,2,1477.0363718367073,1473.7665418619383,144903364.68915346,2562.2887581649684,DrDoS_SSDP
17,-23943,3,0,1470.8091281531906,1467.4770416004149,137915719.79812583,658422.7085154189,DrDoS_DNS
6,26953,2,1,-2.9904040256477167,-3.0600024139922106,1748667.2280604234,24277.621397385345,DrDoS_NTP
17,214532,8,0,384.98311426361744,336.0312202717796,-5346226.511464984,-17143.713924992328,DrDoS_UDP
6,-147730,0,0,6.742550013689462,1.686945090246111,-298002.75250320835,1002027.6979366636,Syn
6,145534,5,0,3.485464249058636,-1.2294333959988721,-4859789.117357702,1997829.2875180151,TFTP
17,30333,2,0,520.258045115025,526.530066047739,898522153.0285139,2000371.0246034365,DrDoS_NetBIOS
6,11606474,31,20,695.6346825824512,1.187351981520844,-708134.0390042032,-3758.0778990397976,BENIGN
17,57991,177,0,1473.0203419077502,1470.2250459566512,966412012.4931343,653597.205809718,DrDoS_DNS
17,128971,3,0,394.6423506492252,330.5424150646815,4900553.235960072,9362.595812895903,DrDoS_UDP
17,4601830,22,4,35.77393438562905,30.960077469310047,-1172485.8498384363,-9009.262055537463,BENIGN
17,-16239,203,0,224.0133955605824,237.32166417747104,7513549.998700158,17390.456129050675,DrDoS_SNMP
0,117422935,45,3,6.356561624283049,-1.3992466387593954,-2437039.902601992,-842.7708878160793,BENIGN
0,110794361,214,0,-3.3584337477301154,-1.4522496262737106,4661229.626339131,-3117.436317308935,Syn
6,48088,1,0,-4.412305581218643,-0.11900599559343948,-509862.11700998084,2002208.2727915463,TFTP
17,14090,3,0,397.1374608751426,444.2648058854858,980271042.4281826,998240.6950401054,DrDoS_NetBIOS
17,-11009,4,0,1476.6507472377082,1478.7006203487542,2933147910.2339683,1996612.6430749171,DrDoS_MSSQL
6,11099401,2,0,-1.8042116157200516,-4.83060498771466,-11211012.228523443,1997595.2347803793,TFTP
17,-17574,202,0,434.8539892181852,434.0213902407769,-1351873.2680978,3964.2026864173113,DrDoS_DNS
17,209582,6,0,404.1493781963962,335.6764737233594,2024079.0133257324,-2220.2631965122528,DrDoS_UDP
17,-50634,1,0,1473.1401018739498,1472.9788269757744,2926701197.068288,659416.0656254105,DrDoS_LDAP
17,-29643,1,0,401.6275450460469,393.9867204111482,2597297481.0321507,1996858.217501078,DrDoS_NetBIOS
17,30953,2,0,224.13262666798494,229.5537496031492,462749782.18856394,2004430.0470274063,DrDoS_SNMP
0,108330452,43,0,-7.38625749478361,2.12980150788514,1389712.850048585,9042.977015091306,BENIGN
17,-15133,2,0,582.9016259547675,560.3322306738651,968455309.7831205,1996851.013321508,DrDoS_NetBIOS
6,-5741,2,2,46.092214743992635,39.572003674415555,-5248161.357272428,-858.9487813744054,BENIGN
17,54985,1,0,388.61081692428644,397.82432464297585,798589576.936551,457309.2116873474,DrDoS_UDP
6,154654,2,2,-5.896438466332802,3.0327681702562597,-308350.86518750153,12938.858528575882,BENIGN
17,95778,1,0,1469.1148969847202,1471.6887804532723,1455653446.2297645,1001276.3921392276,DrDoS_LDAP
6,19494,1,0,-3.34132705607537,-1.809786269530529,10454807.798139894,8229.768371796905,BENIGN
6,6090280,34,8,-1.2869823526013964,1.7539846563666313,-1801036.8953330715,4195.027591891289,Syn
17,-23110,2,0,231.30529803367966,237.5966339976701,455512134.4922397,2002116.4904255385,DrDoS_SNMP
6,54713,2,2,1.3461229071640297,4.197529644524995,8349085.5769969765,2002372.8143049455,Syn
6,117415547,21,2,-1.0437300816403934,-4.4305122019940235,-1085177.2140588525,1873.1417949446313,Syn
6,114344367,12,0,-8.242300238339066,-4.003857667578621,-9008304.450848663,-2842.4329180557124,Syn
6,102201,0,2,5.24835833470723,3.056130486892003,-4271078.768727423,14045.715908205726,BENIGN
17,-1351,3,0,459.0851093231425,595.7183310798622,965141493.5136395,1999738.2007085984,DrDoS_NetBIOS
17,29052,1,0,1475.6609292594578,1475.5543212349717,1475337630.6425953,998300.6539040117,DrDoS_SSDP
17,11018,2,0,1465.4139458738734,1473.977148801848,2903520938.084022,1997726.8981899556,DrDoS_LDAP
6,44711,4,2,6.873730014673841,2.0164686652365638,-220617.98671703576,26456.644820422644,TFTP
17,-58082,3,0,391.2980665366358,391.1412582746623,771789679.1473026,1999013.3766526678,DrDoS_UDP
6,-88136,2,0,3.4016240712070047,3.09027782872394,1802830.3769585614,1997182.6547480684,DrDoS_UDP
17,90331,1,0,218.74349825248348,215.833287737125,102899111.59940211,995646.4415909495,DrDoS_DNS
17,208662,6,0,387.3830340997754,330.7625032076776,585591.3626086251,-6383.715602506076,DrDoS_UDP
17,-10526,2,0,1473.644470580364,1473.7788163190191,2934387606.922999,2002420.3963147434,DrDoS_MSSQL
0,70225887,33,0,-1.3270728643996987,4.746099449396445,-995988.5429695973,-790.8262889861835,BENIGN
17,-91100,1,0,390.5638780323533,386.45407529563545,791438962.5934484,2005880.1837771314,DrDoS_UDP
6,69963,2,0,4.812322862163506,3.353593565988851,-1886696.3396588264,2000571.7564001267,Syn
17,-36214,1,0,1470.9571161334848,1470.6075453986543,2942000173.3126793,1997628.6599164002,DrDoS_LDAP
17,-59049,4,0,1466.7694899934334,1468.8178555619909,1458805795.939491,1004263.6109091272,DrDoS_SSDP
17,70400,2,0,1472.6929907673004,1468.4227401649255,2932701627.422824,2000559.3925190724,DrDoS_LDAP
17,95818,3,0,376.8682884443092,322.7126903745195,7051625.001006235,9844.94149680637,UDP-lag
17,32165,3,2,31.748927284751844,0.5300103395260221,-2317814.151098284,-1376.72916046936,BENIGN
0,75472577,5,0,2.03977588688217,1.656721014351796,4150548.5273297653,10694.041592802321,BENIGN
17,3365,1,0,1468.9918159085203,1475.272335178226,1467280004.9493055,1001496.800847787,DrDoS_SSDP
6,3409368,6,5,606.7963337376052,3.7761228780641787,7460086.024840979,7531.681753629067,DrDoS_NTP
17,57731,4,0,1472.8623765862303,1472.2922928433914,931397748.4262213,656855.1920038585,DrDoS_DNS
17,-9973,3,0,1482.5094586678715,1481.8524823918247,2948134971.739474,1996099.3104307607,DrDoS_MSSQL
6,117887440,24,2,-1.9825476090494472,2.8383730155112623,-8511905.339092534,3829.015167123708,Syn
6,172113,3,0,-3.427722433372319,-0.7341250275063571,-3583683.745417049,1996169.6572769564,TFTP
6,137006,1,0,-1.209003175603505,2.1686492881557546,1894657.2779229619,2001178.313457251,BENIGN
6,43210,6,0,-1.846554418449321,1.534209280876999,-5636289.869023081,2000450.3518734118,TFTP
0,116321759,48,0,-3.876981596591386,-2.607483959415668,-6451061.847756178,-23335.340079388985,BENIGN
17,-35096,2,0,1469.6358761333731,1384.589179282586,2765803076.871234,999469.9646780344,DrDoS_SSDP
17,-36716,3,0,1475.3799573964193,1471.9745478380048,1458632023.3778412,997339.3161334203,DrDoS_SSDP
17,40869,2,0,1470.6656875798499,1470.0699137919396,2946927821.866385,1997185.5223511455,DrDoS_LDAP
0,120037726,49,42,4.646886309162226,1.2279381361071469,-6450079.419253408,-23695.314959559295,BENIGN
17,-43530,2,0,1477.0436952288728,1478.8424375690188,1469486062.0966055,996029.9284882183,DrDoS_SSDP
6,46225,2,0,-3.325919950384253,0.09105571785330255,-3690877.968838891,7426.541327695892,Syn
17,141225,4,4,22.811378589093962,46.79524334826486,-5509982.848029875,-5325.795022561055,BENIGN
0,126346020,232,41,681.8748729831749,-4.078063864129635,-3386051.8782766117,-27460.03068672292,BENIGN
17,-107118,1,0,386.1315446981788,387.0942693305327,764039570.8943923,2001555.8472263278,DrDoS_UDP
17,111232,3,0,382.5482102350286,385.73632281470134,769650312.4412006,2002336.2778105675,UDP-lag
6,126184,3,2,-4.730310532079919,-1.7443467514226472,640325.5145211117,25549.018327021156,DrDoS_NTP
6,-19361,2,2,-0.8316615025433012,3.640036797157448,4232107.808983442,20465.373434192963,TFTP
17,188234,6,0,391.0991355453085,328.50702282320213,4403748.268494602,-9426.010877174205,DrDoS_UDP
6,5802,2,0,0.9281790639883479,0.2886302075745678,-5707459.56662534,2001031.044041028,TFTP
17,-57837,2,0,225.9951588601541,227.4977080710154,448844440.6462324,1995954.3291190686,DrDoS_SNMP
17,18482,2,2,33.97544472816338,42.027296194503,65213143.10850486,13792.394594091496,BENIGN
0,88214414,213,3,0.7767660959838344,27.460298330826305,-4829182.97999629,-8592.506303487942,BENIGN
17,23130,6,0,389.14831074829635,330.9543126376742,-717227.0053281279,20650.690361703375,UDP-lag
0,74820461,29,0,2.0305136526741343,1.8769136926324692,5697179.8139316365,-7450.713868119732,BENIGN
6,54621,2,0,-7.375217461644869,0.2778061051977629,4566884.279302689,20387.0170322712,TFTP
6,135068,1,2,3.8786831544353126,2.7398373248135806,-4185063.1269636424,25893.910318851857,TFTP
17,113900,4,0,654.3964031085272,585.5509405776376,1866447.185705377,2523.9953399019087,DrDoS_DNS
17,58555,1,0,1472.7693483827725,1468.774851337131,926527104.117405,650958.0630995964,DrDoS_DNS
6,133337,30,0,549.5600026247679,1.920194000958014,-2576300.48498499,10180.669750343122,BENIGN
17,-32557,4,0,1474.2142436135475,398.2550791395009,2905711369.9729657,1994135.6194411702,DrDoS_MSSQL
6,14281,4,0,4.488795712045407,-0.6211545997717712,4877392.081372651,2004114.6359405196,TFTP
17,88298,1,0,1331.4711812551548,1381.6171497991593,2620534765.9087253,999116.0629611104,DrDoS_SSDP
0,83486533,217,2,-4.329594822863676,-2.2881035755752572,-1088198.3159164123,7757.624327685485,DrDoS_NTP
17,-52112,2,0,1475.5725866686705,1470.5760417615345,2926309036.885387,1995684.4948584824,DrDoS_MSSQL
17,32967,3,0,394.21023487684886,853.8244889041047,1042258612.4506279,1000647.694721273,DrDoS_SSDP
0,112088732,244,3,4.9008866181848845,-1.3332792674790754,6427178.412953089,-12264.516209075726,BENIGN
17,-125502,2,0,385.9533042929344,389.7833963210751,758181240.9049374,2001830.6904517824,DrDoS_UDP
17,24522,3,0,219.26042683121662,229.0573804677187,432377842.2622107,1992516.830835312,DrDoS_SNMP
17,-98159,-2,0,435.2490807304365,265.81829073143086,69000.72799547622,1997071.4814691688,DrDoS_UDP
6,3986621,26,23,587.5541342017484,-3.4589215286967296,2006139.2917555242,-4051.5346773796828,BENIGN
0,75656560,38,0,2.7997938423988327,0.6626089376802592,-1061117.1105490897,17573.366470724388,BENIGN
6,5369507,3,6,440.3570627600825,-2.125672420294858,1668032.110322935,3534.4160257444682,DrDoS_NTP
17,-63828,1,0,1472.663144231881,1479.5344472341426,2930361975.0386286,1999037.823812768,DrDoS_MSSQL
6,158227,6,2,505.64901460544615,1.0857647019168393,-162298.50761561724,11071.118782526846,DrDoS_NTP
6,-22419,1,0,-1.754842742078642,0.6095884103907173,1727532.9362119136,15538.642904713213,DrDoS_NTP
6,112300,3,0,4.3038464182533716,3.4800554560345827,4527993.2633243445,29334.10138226661,Syn
17,6325,4,0,1465.8057703770226,1471.675487321364,1454887358.8396068,1000554.352731135,DrDoS_MSSQL
17,71647,3,0,540.6411777243841,595.8207215002569,947007738.8978505,1996802.279787031,DrDoS_NetBIOS
6,30939,3,0,1.4324473471187469,3.4462040218301304,1383498.6552882362,23660.483155517744,TFTP
17,165249,4,2,50.84705772666411,61.237914438638924,2229260.5482445555,8455.582588833353,BENIGN
6,115285815,37,28,978.3776418465936,2.3419227910523315,-5466973.416609456,-5050.192142602653,BENIGN
6,2241644,28,31,988.5905576176913,5.389132175959617,5658804.4387057,9613.086089486764,BENIGN
6,68591,3,0,-0.788868763047619,3.185398740974011,-2808427.9400346885,2003811.9027048869,TFTP
17,46964,3,0,1472.3878191623457,1480.070720644352,1283176168.7813835,1996030.0074034228,DrDoS_MSSQL
17,4145,3,0,1465.3567619454539,1471.5382435975366,1460550437.1062353,1998556.141026683,DrDoS_SSDP
6,12843894,23,20,435.0180032735506,0.4221093771413902,-873236.5173563587,1930.0497243914142,BENIGN
6,186966,1,2,4.46233668969497,3.839379607109933,5294241.326713281,23708.366532460514,TFTP
0,52377,195,2,-5.806784821709748,40.374360336280034,-3562616.827763675,10622.568029261183,BENIGN
17,-20181,3,0,1463.0173709677329,1464.4742057483945,143457289.74105522,2001009.813754916,DrDoS_MSSQL
17,-40448,3,0,1363.7620398363872,227.8405392781215,120130814.01701397,1001942.751089392,DrDoS_SSDP
17,32271,2,0,1472.3009984891735,1473.1895726961304,1461489882.4894838,998427.5125044836,DrDoS_MSSQL
6,6363613,37,30,1080.874774694795,4.1708784817079385,2436058.6612119926,-12146.449697012475,BENIGN
17,-24701,3,0,1474.0766252528094,1477.75741221985,2923389157.463734,1995767.7983542539,DrDoS_MSSQL
6,17151,3,2,33.19779158945656,1.36571832691259,-4888361.144556823,24418.78119988924,BENIGN
6,7080107,8,6,383.9101007595243,5.4617700842171715,9796457.76351003,-4943.217756188451,DrDoS_NTP
17,-56996,2,0,1472.802289402472,1470.8265585285885,114834437.41263224,677486.5798335309,DrDoS_LDAP
17,-16775,0,0,1473.715138667197,1476.366867280762,2939756019.885699,1999757.8131366777,DrDoS_MSSQL
6,4996,2,0,-1.3859643183581558,-2.6390099624742884,1051231.6042661625,2000835.2017472167,TFTP
17,-78819,1,0,394.05003090822754,393.9649832681065,784602012.2424347,2003204.9744749498,DrDoS_UDP
6,115931477,21,2,-5.142990278790129,-2.9160403653729468,-7870213.10446946,11029.602433555438,Syn
6,2950107,4,5,-1.0130827245879217,2.8946921824843743,-1743835.935240134,7176.60927419665,DrDoS_NTP
6,79519,2,2,4.315971489577224,3.675671644721862,2763893.9117880045,8905.493435606435,BENIGN
17,-9301,5,0,1467.9627764283864,1471.1122744013278,1461603048.3168135,995315.9502872574,DrDoS_SSDP
6,58941,2,1,-1.3317617620910218,0.3195205044422618,-1229649.499122116,13155.530953625514,DrDoS_NTP
17,-98155,190,0,523.7878992950436,226.94205245702858,-4322541.916887246,10288.21115822454,DrDoS_SNMP
17,170117,6,0,39.786337067781744,333.40155950160016,-3829501.851656707,-5416.381292896038,DrDoS_SSDP
0,87596099,34,0,2.7538300824449693,1.4954130686521616,-483689.12116154353,-11449.834636490883,BENIGN
17,74481,2,0,395.81973701036765,1474.1207039983365,2931611775.7399426,2000035.1164610072,DrDoS_MSSQL
17,-38239,3,0,1467.3941749422597,1476.3185160561063,2919162845.782057,1998067.7814459319,DrDoS_LDAP
17,48867,4,0,392.0881557922246,332.63608752628835,1360760.2785985174,9105.250816630421,DrDoS_SNMP
0,26467,7,3,-1.7686528481164356,-1.041995722314157,576289.5631220901,13468.344086083423,BENIGN
6,30702,3,0,2.8060397238068355,4.044169817537566,-3592819.2568004513,1994040.593532388,TFTP
6,3992551,6,6,555.9611072208477,3.365288446275985,2653107.5163884824,-6657.855010299809,DrDoS_NTP
6,-43755,2,0,45.01039690177279,4.043890509066447,2345911.1828517285,22566.814351401892,BENIGN
0,11561394,228,0,-1.266561128788416,-1.2426031666596455,-7225150.012704919,-4561.358942607028,BENIGN
17,-7530,2,0,446.6826203977364,450.53990929730764,927942081.5109711,664211.9854713877,DrDoS_NetBIOS
6,5070588,28,7,450.48194364125646,-0.09373978338777801,3214041.175429943,8803.425059520116,Syn
17,-47877,2,0,1474.5149073091743,1478.1089969632735,177591277.94333592,675638.2470982368,DrDoS_MSSQL
6,8260058,5,2,-5.2465136895747,-2.814633905912289,412660.6604183165,7948.578424071713,DrDoS_NTP
6,46579,2,2,2.1786737494409687,0.571606995421365,-761352.9425838667,24323.753690033212,BENIGN
0,74793563,7,0,-0.10496734878094847,0.4238966636378372,-1584952.5514182143,16575.71045014765,DrDoS_DNS
17,49894,2,0,985.3837753572407,580.8050016763196,1288622627.9932408,1996026.7666950123,DrDoS_NetBIOS
6,12070618,15,2,0.9792862056654748,1.2525951869394372,1545522.0177943695,5566.858330883327,Syn
17,78899,6,0,1472.3475933128257,1477.1197172395787,1465348360.0489588,998058.9283255292,DrDoS_SSDP
17,-774,3,0,444.05299971809535,437.2460930687103,1348239495.5384526,22702.640046205346,DrDoS_DNS
17,-9026,1,0,231.4558833120127,233.76630657630304,1246952064.835459,1001428.7825805881,DrDoS_SNMP
17,61188,2,0,235.28382761732772,386.63053068017086,424420167.33528626,1994822.9423366932,DrDoS_SNMP
17,59934,194,0,440.84452020926136,429.73397273939145,4830334.829782352,4900.048665576576,DrDoS_DNS
17,59135,3,0,1474.1229964724173,1474.2760745638466,1473370273.0526423,999333.5587699774,DrDoS_LDAP
17,-72238,2,0,1465.5034807317836,1478.8437697441905,2935422186.9171743,1996667.110269532,DrDoS_MSSQL
6,105988,1,0,-0.3462305700123822,3.7048560601224536,1594170.5821101079,31253.61087860653,BENIGN
17,121284,5,0,229.72600529357678,230.21171312727768,8091640.993115529,25065.034105831608,DrDoS_SNMP
6,109409,4,0,2.3167651089857766,-0.7399991922916735,-2731438.024611241,1997663.940272311,TFTP
17,-20967,3,0,1466.3827864900848,1377.8401524332153,1271915153.9820735,1006019.1517278459,DrDoS_SSDP
17,-33308,3,0,1466.6502431366425,1463.494888352697,2925984436.7070413,2000667.2369666165,DrDoS_LDAP
17,77803,3,0,388.96484914470625,326.48849885807186,47508.493958867155,13726.960235559025,UDP-lag
6,105170,5,2,3.8989079363774968,3.747096265310106,-1456108.3953954529,17556.585053720097,TFTP
0,76467,7,3,-5.58854178358854,22.919980972840595,-2108087.1396040795,19984.676538797143,BENIGN
6,111004,4,0,-9.457683667746203,-6.981729941802249,-3392261.577998761,30547.464190379433,Syn
6,-63533,1,1,6.303384082296064,-1.677588153688882,2994351.3725945395,16195.711297327965,DrDoS_NTP
6,-47553,1,0,-0.7928429518584036,-2.8073143419211437,-3726096.1517015556,2001025.3007182865,TFTP
6,12899,19,21,582.5409735448552,-2.1456367789614412,-1452683.853636346,-1470.8164443253536,TFTP
6,42895,4,0,-4.559760669938065,-2.32646599651373,-10016607.865627032,1996530.4862081055,TFTP
6,78602,2,2,2.379353914229693,3.268356012761173,-1015736.4295676143,22119.70108125299,BENIGN
6,165988,3,2,7.406354742483862,-0.10978021215048502,-954710.9773141693,30322.955778616986,Syn
0,81876689,32,0,6.185614998066353,5.151160473278463,-166307.54064925434,-5213.3698664980075,BENIGN
17,-32525,3,0,1472.789834052884,1476.5515155431144,1461500549.0879405,997892.31145524,DrDoS_SSDP
17,69697,1,0,379.30767955237917,325.9210748336965,770644015.0130394,673998.425010747,UDP-lag
17,-19489,3,0,558.1865655172669,532.9760759244824,2705587742.9387655,1998919.121561983,DrDoS_NetBIOS
17,10551,3,0,1465.9796013695254,1465.1235641418825,140324363.11413723,13029.506017557058,DrDoS_DNS
17,44626,2,0,387.5365231792028,387.9486804963654,769391611.7462786,1997372.7934002301,DrDoS_UDP
17,9363,4,0,1469.118914519156,1472.185240417747,170319940.2697902,20430.29399485508,DrDoS_DNS
17,354,2,0,236.26461460999045,232.3308713332154,464455395.9944562,1004303.4802653763,DrDoS_SNMP
17,36328,2,0,449.171288527683,434.32798850101176,866594247.3998985,1996768.8675344817,DrDoS_NetBIOS
0,91960782,38,0,-4.079390449843117,-3.3720220679336887,-3813729.847840936,-17965.027902604437,BENIGN
17,-87945,1,0,563.6474445206818,660.9815949516013,457925452.4384015,2003831.4286365595,DrDoS_MSSQL
17,-44675,4,0,1469.5831212629198,1479.727428764568,2929624979.930478,2000160.7817932984,DrDoS_MSSQL
17,17075,1,0,1474.4778376724637,1480.0320225659395,933933547.7198414,673289.1397015327,DrDoS_SSDP
17,46849,4,0,1471.4532267785128,1477.0981611813738,1475480147.696109,997492.4708013283,DrDoS_SSDP
17,-26234,1,0,529.3622384269149,539.7254171096487,971092095.0487921,1997012.1994636005,DrDoS_NetBIOS
6,5153731,7,6,394.2864761320362,332.99149485234153,902379.0570382974,-9320.992022231821,DrDoS_NTP
0,117669918,51,0,395.2770349691029,323.42433265061106,-1930089.616095355,-19944.76037583598,BENIGN
17,-53367,1,0,1468.0226145396864,1471.224618343868,155780449.78598282,999276.6443357063,DrDoS_SSDP
6,116952069,18,0,-0.7497682819000048,-0.8580696554891873,-3396766.2542647384,8809.473721654547,Syn
17,-7917,2,0,398.43534759692216,392.46750207989606,812019895.4553047,1995861.7013396637,DrDoS_UDP
17,120651,3,0,1468.5439676567503,1466.37063879235,2940917618.5596213,2001810.6526597885,DrDoS_LDAP
17,47143,4,0,387.41329251337316,398.1585239246883,780926476.4880066,1999526.5584313732,UDP-lag
0,107097622,227,0,1.1844375450720563,2.157813358880039,-2636023.548414545,-826.1644637343943,BENIGN
0,102504600,38,0,-1.5057179505245628,-2.076689195147172,1149285.7195592164,612.6348539185492,BENIGN
6,109505498,14,0,1.7031757727834194,2.7921629560871213,117230.31742343865,16347.357969431747,BENIGN
17,-86241,1,0,385.16373305922804,388.6282818801338,200272580.80648357,2001623.9510601424,UDP-lag
17,-27143,2,0,225.39856084319462,231.82894182630125,435385735.78778964,2002824.908974897,DrDoS_SNMP
6,11389665,5,0,2.006142613393598,1.9105658262994876,-313675.70819943794,8174.966710299829,TFTP
17,12279,161,0,437.5108356302342,516.2897820051043,1065802778.4534634,664875.2187739493,DrDoS_DNS
17,-79693,1,0,223.29488508012471,224.80276871905133,432078108.3234325,2001713.478303306,DrDoS_SNMP
0,103972076,37,0,-3.610711188789644,0.6052542046719946,6421042.261157103,7627.508571092005,BENIGN
17,51532,3,0,229.90922961089058,228.6454041450529,450343356.68649894,2000708.2283721727,DrDoS_SNMP
6,43423,2,0,4.696697662054583,-0.1825816220982452,2914397.126796684,2004502.142418348,BENIGN
17,-9007,2,0,1470.0658122479338,1471.6685902406007,930415984.3735107,672992.4886592795,DrDoS_LDAP
6,12590416,16,2,4.594533337990927,5.279601646729275,1929905.1886426432,25009.101054448744,TFTP
17,125020,169,0,434.5685026737908,432.4681610606848,-1403026.924436942,11385.339943847215,DrDoS_DNS
6,-69513,13,2,-5.5436768855069944,-0.6599399672144496,-1967213.3344610685,18428.695491778766,BENIGN
17,138673,3,0,1471.4042758027883,1475.3559864098568,2914691153.772678,1994711.511130695,DrDoS_LDAP
0,111913887,39,0,1.4615465724647656,3.062999217796248,-2750802.3346162373,-6774.209710407224,DrDoS_NTP
6,-7766,2,0,388.5357719657024,-1.7467619286738982,-5187332.390719538,2095.9233788568918,TFTP
17,-65238,2,0,236.67407941931035,231.36214056672722,3589388.4534134176,18738.07547100744,DrDoS_SNMP
17,10675,0,2,25.199671450756853,48.60675208772872,-4180558.450697665,9858.87949539364,BENIGN
0,-62630,9,0,1.7918666097187452,2.756299704131111,871755.6399405831,18968.47357856125,DrDoS_NTP
17,70713,2,0,383.86449100975625,561.0902394800423,-3142062.8069598703,4775.935368365685,UDP-lag
6,4275,1,2,-2.636511570200277,1.2781806839177985,2832533.8559956327,24154.303942574974,BENIGN
0,112987996,222,0,-0.7223391156067879,37.5947733738438,-4078399.307564061,2157.204398765749,BENIGN
17,63786,3,0,401.77995262243866,406.436882352426,6282530.042343974,393225.33478156466,UDP-lag
17,-84332,2,0,1465.8576833509112,1477.0529761418402,1463181553.980896,1003086.3111942812,DrDoS_MSSQL
6,116061444,28,6,1.3460672486339709,-1.6018827213348925,-3273643.2679436235,11906.377616947202,DrDoS_NTP
6,-50189,2,0,1.5229540587547956,-0.4489052094924546,-363305.3924553909,2000826.2295044411,TFTP
17,1967,206,25,435.54874679688857,437.00882959374303,-1748759.619946773,4433.2195261468605,DrDoS_DNS
17,84125,3,0,387.75543054208765,402.2753958973085,779925195.7533809,2000572.90708738,DrDoS_UDP
6,3310799,28,24,587.6022760882634,-4.017777941429222,6224642.455991451,-4542.8039174663045,DrDoS_NTP
17,57782,2,0,1082.9806276263112,574.2333877498954,946093974.3791978,2000628.042483242,DrDoS_NetBIOS
6,77380,1,2,41.08959081521831,36.65597265623764,-1116932.202237711,7634.145596394456,BENIGN
17,-28503,2,0,388.3433860912639,392.090859288687,779362313.3533205,1998366.450719328,DrDoS_UDP
17,140968,155,0,439.85475300367847,437.4474817272983,-1633978.4179372874,13705.737579033685,DrDoS_DNS
17,-10990,0,0,1475.129372948853,1475.5433748540618,2942207214.0157504,996549.4675531579,DrDoS_LDAP
6,60135,3,0,0.4231020042111948,0.8638903077742067,-732261.2482860133,1996033.1504551198,TFTP
17,15770,1,0,1460.1812002954964,1466.117440016312,68156319.37445666,996825.7086930993,DrDoS_MSSQL
6,22807,2,1,-0.36317737981117426,38.47927808184109,-99650.57200561767,-714.8851359170894,BENIGN
6,13255408,22,2,-1.964416266895796,-4.4348656074036095,-3662035.3711668765,15225.403840636736,Syn
17,163004,4,0,389.0928382202679,336.1455869302932,3466406.255002058,7407.146278773198,DrDoS_UDP
17,99792,1,2,14.942943899130661,34.656511163936706,-2079944.8577691477,8585.55670511571,BENIGN
6,3508,3,0,0.6151951430925376,-0.553952029935737,1450440.5162444606,2002210.7134363793,TFTP
17,10843,2,0,436.4024759063981,442.04680999454246,915688394.1281408,1998596.507519456,DrDoS_NetBIOS
17,86298,3,0,1406.703879762633,1389.2678076767904,1471933228.5165925,1004435.5787181278,DrDoS_SSDP
17,122467,165,0,386.2144876069381,328.1298538871038,4473172.679177461,490.66074411805494,DrDoS_DNS
6,96938,2,2,5.117670651003982,3.2108569777535663,2224642.5974353626,11998.252222140647,BENIGN
6,3121083,5,0,3.950399958608887,3.10256983599608,-6146803.740448506,11172.87391839402,TFTP
17,-84721,1,0,1474.4198030702291,1468.782634607169,2938345389.0634074,1997839.3688344313,DrDoS_MSSQL
17,-4868,3,0,1472.7880472349825,1467.335849184945,930792458.9979762,673129.9049898033,DrDoS_DNS
6,4121653,28,30,981.9831465434057,5.993279497497745,4257308.173771829,1111.8521223912085,BENIGN
17,-22948,1,0,1465.15789593338,1476.430936415728,2911955225.9657855,1992107.569327579,DrDoS_MSSQL
6,5820926,6,7,432.40751801080967,1.177749369563121,3498547.6382163633,11174.61431830256,DrDoS_NTP
17,-44490,2,0,401.73559333351164,397.7628265185529,779662643.5998439,1992698.0018183305,DrDoS_UDP
17,68919,0,2,45.23202758472159,47.119949928105164,2492489.1128302854,9873.392140706974,BENIGN
17,22419,3,0,1468.769543416496,1478.5194837587114,1468144033.8767688,1002199.8193726373,DrDoS_SSDP
6,108897,3,2,38.91988413543426,4.034284687938493,1484653.8614706027,11081.852403698304,BENIGN
17,174794,6,0,386.53499613490794,325.99282730023845,-3721586.6438199915,436.1235933752905,DrDoS_UDP
17,63377,2,0,227.04659102395914,230.19547200520242,459515430.96400696,2002296.4954543903,DrDoS_SNMP
17,-11513,2,0,1473.9200958030754,1470.803284549984,888394165.0297241,1996257.727914837,DrDoS_NetBIOS
6,51287,1,2,3.9727402497349655,1.7245107516790166,2127920.7665876457,32427.793753155278,TFTP
17,151192,2,2,38.97144266341146,43.44825014253332,-4032701.350492347,6505.013292566016,BENIGN
6,-6044,3,0,-0.2003977940577218,-2.454598868300305,2857301.9254004927,2001876.3109530509,TFTP
6,30541,2,0,-1.4145063521015153,-0.5936756923572633,-2929999.7093291627,1995983.8500478987,TFTP
6,16644,4,7,39.12453474834153,6.758257594320506,-1403306.0844486577,1596.171891066031,DrDoS_NTP
0,113258023,235,0,-3.1078022955311955,44.871423717426595,-2097512.8804679876,1397.3926367369513,BENIGN
6,-40608,2,1,0.17063421840606516,-0.5370906068991683,4465045.90175947,8110.375985139316,DrDoS_NTP
17,-55964,1,0,450.08522079018076,391.63304231855915,456556067.7054088,2000520.9483690755,DrDoS_NetBIOS
17,-34347,2,0,1474.754458609451,1471.1907834367962,2934884986.3052254,1999148.641056934,DrDoS_MSSQL
17,144405,3,0,224.88610658815873,227.01337284216825,437744335.85668945,994681.1822739049,DrDoS_SNMP
17,51152,1,0,1472.2403093443354,1475.7645774175505,1472189918.63389,998946.9280815969,DrDoS_SSDP
6,182067,4,2,-2.646869634770278,6.692623644761058,2987342.711550398,12816.587854861986,DrDoS_NTP
6,108309,2,2,-0.5334885711430317,2.6764289901396836,-2939998.2009410905,21798.27893229047,TFTP
6,20632,3,0,9.332495418055604,1.8411951853199706,-1308616.8874362472,2001189.4933472786,TFTP
0,68203148,13,0,-1.9541343538658316,-0.6544838798474711,-4331497.047955386,20386.44411814833,BENIGN
6,4276596,5,8,1046.8382261207546,5.844163742809969,3743808.0954903094,9660.702104099133,BENIGN
6,179961,4,10,2.3942660349105696,0.8982259947003763,-4482478.592907217,23059.348391820255,DrDoS_NTP
6,114811095,16,0,-3.5177071189257894,-2.6628317437582423,1951657.5246517067,12266.709702142709,Syn
17,40777,2,0,1469.0678182611966,1474.7320953994345,2921293021.7717094,1998301.0906784297,DrDoS_MSSQL
6,25303,0,1,0.9409198956948575,0.022175248232194376,7122647.602756168,26356.55810923965,BENIGN
17,-9948,2,0,236.88529568853625,237.26384862859146,14071645.710240306,36405.18998760918,DrDoS_SNMP
17,12679,3,0,1471.6022436935355,1473.9322492284225,935007247.651431,660635.607695143,DrDoS_NetBIOS
17,29297,3,0,1478.8006601198604,1477.234262638188,2946634726.8277225,1998469.849467376,DrDoS_MSSQL
0,104147537,36,0,1.706999356159927,0.7629584735245736,4314913.110612491,-16302.558175600625,BENIGN
6,94828,2,0,1.247651326490098,-1.591241334171786,-4268668.329395492,5682.227179773262,Syn
17,108429,1,0,222.79244424342707,1391.7560971189534,120744382.76578298,1000749.5888634493,DrDoS_LDAP
0,113511875,235,0,0.6310946266949928,2.759610682520913,-1763124.8183573487,-7192.1470978351645,BENIGN
6,113477594,21,5,-0.31548086917043405,0.4328183782014274,971431.399768041,3838.0310566117505,BENIGN
17,87898,206,0,942.5943770341746,320.19842689241176,2876871.042221776,5384.64680583126,DrDoS_SNMP
6,87313,3,2,4.417640101068156,4.168844974392062,2729740.6975277276,9321.505106775861,BENIGN
17,-23704,4,0,1464.2037167561812,1470.2447098137372,2929755002.901363,656051.5098996313,DrDoS_LDAP
17,78624,4,0,749.3396951140126,320.22640678708166,5894285.034973049,5413.6182413753095,DrDoS_UDP
6,101952,2,0,-1.570787501319557,1.5026706624595405,-5163240.881708456,1997332.4238154239,TFTP
17,48940,172,0,441.54189617906815,432.4299083877119,1474752.8577690162,6691.402701453615,DrDoS_DNS
17,-100009,2,0,389.36493308285634,394.9590031563603,777272298.2908614,1997685.8393394265,UDP-lag
17,-15028,3,0,1476.6238123032097,1472.5645906196035,2944106024.3059654,1997233.0242257512,DrDoS_LDAP
17,53337,4,0,1473.69194053902,1473.7859968895866,1480288868.4983509,1000721.7429974877,DrDoS_SSDP
17,-70846,2,0,1077.8733926318014,622.9378104386998,1192557722.0386221,1994427.4110021628,DrDoS_NetBIOS
6,-155764,0,0,-4.403717918694088,-2.8753217495188435,447689.4707922641,1994777.2884672335,TFTP
17,-10034,2,0,387.22414692282376,390.29117494176404,445150033.5472716,1999635.6608532795,UDP-lag
17,19958,1,2,49.33888563147762,49.15979096788088,3516234.4381317263,20171.62442344766,BENIGN
6,-41469,1,0,-1.3631262532323132,-2.3427070537463806,-3533315.226610858,1993934.7810659623,BENIGN
6,14607339,6,0,-0.29419469482388055,-1.4688830875628531,528814.3096777089,-984.6757096934634,TFTP
6,-20488,1,1,-0.3797179975379298,-1.1723473480016517,-271613.94449186744,11641.13613724071,DrDoS_NTP
17,-41710,3,0,1471.351998896771,1467.4055687921384,2920091221.314469,2002141.2947154678,DrDoS_LDAP
0,109373050,28,0,4.072445897642904,-3.1873199352180883,3522650.5552086923,-8860.637043404306,BENIGN
6,48082,1,0,-3.5623760601781953,0.05883321765172301,474534.73226506927,997161.0893029836,Syn
6,91040,3,0,3.255457010605852,-2.3480867296635544,-1474733.7366386664,1996553.9397948869,TFTP
17,53029,2,0,389.94201841931346,1381.9813543691605,778542526.2228575,2001005.2403158003,UDP-lag
0,77021990,33,0,950.7665859478698,1.284619828655292,8056652.043570178,-20370.816741831783,BENIGN
17,54123,3,0,1378.1124997333663,1371.1216419332777,1321553704.328975,1001472.0539775967,DrDoS_SSDP
6,14205,2,0,1472.5645666480073,0.8753493140493804,4843986.828047611,1999809.6257725202,TFTP
17,-14993,6,0,230.00178153943003,229.54778083820892,433791515.8472253,1992745.2717904497,DrDoS_SNMP
6,119068950,24,25,-4.349786621973233,-5.461495984701326,-7778463.945541977,4294.674221862963,Syn
0,97317529,8,3,5.1484450889704005,4.237495101324253,3159626.983838577,8947.88677056129,DrDoS_NTP
6,-34628,3,0,0.8699104035165629,-3.361790347949695,-2644475.9230385087,2002499.1009265434,Syn
17,30012,0,0,445.82679492408244,446.8955152344874,1214525842.7584472,2000234.0685993675,DrDoS_NetBIOS
6,31312,3,0,0.8083129627878897,3.440692880594538,-1765889.3077426006,19823.23834850873,Syn
6,58010,3,0,-2.446914122216046,1.635071398669895,504736.0205037213,1996759.4816678548,TFTP
0,117971163,51,39,1.7538358273138641,-4.820301116730995,-6621320.4652093435,-18703.04062877864,BENIGN
6,9697,1,0,1.4828850100497841,1.490186104973555,-1274608.7558551359,1996856.2875570536,Syn
17,-32092,1,0,1406.030640992072,651.0521402138502,2696523676.0984874,1998751.3985397245,DrDoS_NetBIOS
6,-73579,3,0,4.508745960410133,-1.381172813341855,-1329702.3262827063,18036.539239880018,TFTP
17,17481,2,0,1471.3072927826636,1471.307840662671,1476724376.7086253,664695.7637876058,DrDoS_LDAP
0,81560677,25,0,-2.1949553535246977,-2.556468333562531,4016472.5368951242,-2812.8331250865795,BENIGN
0,-186111,6,0,0.3607391071186941,3.8258621394538133,2876648.1168470355,2007919.868696127,Syn
6,49411,16,1,0.902917245706041,-3.714048348821087,-3884155.476642737,6708.219636823389,Syn
17,-21933,2,0,393.0991516514005,387.3268992512839,791748526.5476289,2002106.3124830865,DrDoS_UDP
17,-4836,1,0,451.13047770314574,451.2371082882149,891541820.3935738,679439.98031272,DrDoS_NetBIOS
17,28809,1,0,1398.2372084875472,1389.908923164656,156892539.52482945,1003013.2009896183,DrDoS_SSDP
6,201477,6,3,0.9763741368215438,4.970670985126465,-5712833.933697047,19723.226716797486,BENIGN
17,-10128,3,0,406.7048338991105,393.33466605687136,767634085.0192301,2005495.8141669338,UDP-lag
17,-57511,2,0,1470.8292441176131,1479.7715919818272,2938460412.6384487,1999358.304996595,DrDoS_MSSQL
6,25759,2,0,2.577315178014102,1.7625795888718965,36753.854507512646,18056.939487422525,DrDoS_LDAP
6,20331,2,0,0.22271982173250005,-0.06370817471152677,-240691.202097937,1994066.6810160745,TFTP
17,-26153,4,0,932.6767252172662,592.4843034419521,1315212432.8522952,1000343.7922330897,DrDoS_NetBIOS
6,46914,2,0,2.0069691243759102,1.301502498612009,-2983769.685508877,1994974.1664633153,TFTP
0,120682756,9,3,-2.459796343565363,-0.13895667378865156,-653509.5379232415,-9422.700450004551,DrDoS_NTP
17,11855,2,0,1469.8344846554621,1477.170000264626,2939100602.309927,1997094.5593739224,DrDoS_MSSQL
6,120660,1,0,4.059412585817654,1.931939342680501,-6703345.729344116,2003316.0915819139,TFTP
17,40519,4,0,1477.6976527385164,1476.6988593872336,2941095433.068184,999412.8790669377,DrDoS_MSSQL
17,79956,1,0,227.03944562996787,236.96278279604275,449285255.50030005,1999770.0689254066,DrDoS_SNMP
6,10991272,4,0,-1.7354180363485028,-0.7766060864528798,2296523.079375145,-1684.6554856181247,TFTP
17,-31041,4,0,1477.7585000896909,1470.862097165101,2936246298.821214,1997788.382496135,DrDoS_MSSQL
0,113191959,44,0,0.04748435108805475,-7.330836758829122,-4836983.891785219,-11119.043724523108,BENIGN
17,116988,177,0,393.87586804177596,329.61546885920575,2272092.082263278,168.86146519360227,DrDoS_UDP
17,-127160,1,0,392.35439338301813,385.8401180908906,764611267.0311983,1998602.580530232,DrDoS_UDP
17,-36182,0,0,438.77905062049473,567.1743416234511,923114470.1976315,2000157.4470838592,DrDoS_NetBIOS
17,-42283,3,0,225.4187831101015,223.76920961046144,438685440.44986254,2001214.6278405814,DrDoS_SNMP
6,14390424,3,0,-5.597059115072934,1.588819398710669,-3254363.5112114074,19459.87738416262,TFTP
17,38525,204,0,452.0038612578158,439.2249416721665,7986505.574780093,10770.70322003299,DrDoS_NetBIOS
17,-34351,1,0,446.49716867511614,448.8195457105925,913435066.4466969,2001246.3969351808,DrDoS_NetBIOS
17,-20732,2,0,231.85140724108234,235.6629354445266,449208112.7487917,2002052.1159702071,DrDoS_SNMP
17,-35056,1,0,216.03209237795267,230.4312118578174,190081569.80211323,1004335.6063411551,DrDoS_SNMP
0,-41710,6,0,0.9088433634021371,0.821402443173574,1143318525.0745373,1001074.8339262645,TFTP
17,61925,2,0,1476.400086816567,1471.0149233583793,2957507238.8644137,1998726.230549396,DrDoS_LDAP
17,78931,209,0,949.8145806567122,437.04677106510485,2470354.7436609576,5998.549988768155,DrDoS_DNS
17,-37279,2,0,396.46376201412426,390.1372842022316,777970159.3300341,2003188.5970060318,DrDoS_UDP
17,45102,3,0,1470.1688270914663,1471.7225114945986,2930412423.8404837,662979.775704095,DrDoS_MSSQL
17,-30949,2,0,219.9348980806781,221.9118551288737,424564763.6899963,1999599.4461880184,DrDoS_SNMP
17,114844,3,0,230.26059906989053,230.90666562365882,433980881.645047,1998868.202153321,DrDoS_SNMP
17,-15457,2,0,393.6189528086155,394.0275728030332,752028921.2568007,1999282.1897693062,DrDoS_UDP
17,86224,2,0,395.112403379487,332.3069842894082,2465661.5672813007,8693.92136120963,UDP-lag
17,9771,4,0,234.13382395007292,234.640931789746,3666915.886070963,2005602.1208433246,DrDoS_SNMP
6,90788,0,2,44.238314879621385,52.39037036827958,-2099282.0570422364,7169.652872372074,BENIGN
17,-30397,0,0,389.4788351804918,396.59360852836176,741966524.7284852,1998755.530397856,DrDoS_UDP
6,12307445,4,5,0.8467901047769685,1.7022433153971734,496393.4980285994,2028.0047561111842,BENIGN
17,134889,150,0,443.71280538242837,434.54522038372323,-1218872.5805544418,7073.974481249437,DrDoS_DNS
17,79321,3,0,1370.2523581999926,1471.5304425041656,1276735478.2485569,1003312.7284912657,DrDoS_SSDP
0,96111092,35,0,-1.337721832703058,39.064349372134956,-1523402.332027361,5821.79385364012,BENIGN
17,74775,4,0,226.91210759660197,225.13720301000296,403773134.075795,1993009.339151542,DrDoS_SNMP
17,31918,1,0,396.36657996869206,386.001811788277,438399359.6670447,2002119.006309845,DrDoS_UDP
17,37361,4,0,1462.4044259506652,1467.0234219007789,1468813297.157031,671898.0262448353,DrDoS_DNS
17,-6629,2,0,1474.8667357540892,1473.0494868644103,2937387380.1920013,2001066.9000304434,DrDoS_MSSQL
6,77248,2,0,-4.368004301541703,1.8039964759037956,-2194950.7299034465,2001502.463402828,TFTP
17,75755,2,0,443.678969540108,445.1604474255807,922875444.0439153,2002410.840128624,DrDoS_NetBIOS
6,74722,1,0,-5.553713367458878,1.7964280352282032,-2638828.032839937,2000937.2944977633,Syn
17,49072,204,0,446.2630903048342,439.24190177176484,967091464.3077253,656787.4731707582,DrDoS_DNS
6,48471,4,2,4.747036255227323,4.628714642017888,3490119.958516514,28334.11096765293,TFTP
17,80503,3,0,1482.4549038855864,1466.7766199078505,923416013.4043005,660618.6013249281,DrDoS_DNS
17,130893,6,0,392.37879620472677,396.3045227393131,2531030.843265126,676939.4659780475,UDP-lag
17,-52977,2,0,1465.8610434549241,1465.4476885096262,2935023932.557014,1998948.585867956,DrDoS_MSSQL
17,69386,3,0,389.9571155806352,397.1995778534218,742569091.1457961,1999378.1753034599,UDP-lag
17,-88016,2,0,1470.9742325805958,1475.4390705154856,2649006073.3587227,994849.5057264115,DrDoS_MSSQL
6,124578,1,2,-0.23395755342026314,2.236826671114642,4676494.847364403,23153.17116492194,TFTP
17,22722,3,0,432.4651721500073,435.59373395657826,2539983.9611601043,5309.624509989472,DrDoS_NetBIOS
0,-163672,5,0,-7.813776605926253,0.6517447345082,-4432854.679747661,1998826.978394357,Syn
0,105799386,7,0,2.4858062490557513,1.086002623158085,-2729348.082446607,3269.765508110787,BENIGN
17,41381,1,2,27.235672263139463,29.83614998506353,-3725360.135593743,17091.117740400994,BENIGN
17,98117,4,0,1473.871202203228,1474.4642871999436,1461949973.865124,1000444.6533766754,DrDoS_LDAP
17,-104545,2,0,1467.9662326504827,1471.0011202668873,1470617030.7866406,1000001.751247544,DrDoS_LDAP
6,-34964,4,0,4.28531152144169,1.9430054469244917,-643005.4714247109,1994414.1997751906,Syn
17,271792,7,0,401.93535267115084,339.15240048422874,3976015.8090433767,-14819.186485708964,DrDoS_UDP
6,88188,1,0,0.946459132039858,2.465986213664221,-1384710.2697451452,1996065.6441161544,TFTP
17,87441,2,2,807.2875399994643,768.878621836775,515492.7402340092,18443.35446987021,BENIGN
17,-64986,3,0,384.50485605859393,391.2343424881262,768157883.5169176,1998142.142266495,DrDoS_UDP
6,-85652,3,0,0.7067876811063911,2.918708284558853,-577645.2547201121,1996921.0744123065,TFTP
17,16788,5,0,395.318875010102,392.739792506285,-5008530.940061689,17019.692328790294,UDP-lag
17,23784,2,0,1001.6907421503602,394.38645171510956,2931203049.6879454,1999455.5513072656,DrDoS_LDAP
17,20973,4,0,1468.9710129624004,1471.2583976765443,1464632111.7151053,660178.5122550643,DrDoS_DNS
17,-29560,2,0,396.34618082082426,390.1167365061416,771296553.2893354,1996464.4599628982,DrDoS_UDP
0,104534989,37,0,1.624995182237755,6.271905411306301,1330445.5816051057,-4816.164808891457,BENIGN
17,27235,1,0,551.8980933129324,599.7442592994894,966770647.129866,1996897.995476875,DrDoS_NetBIOS
6,89567,0,2,2.348059754128563,6.348544380214314,3462891.3888737755,33455.14659248003,DrDoS_NTP
0,116936703,234,0,0.16384171399836667,-1.4165480501007053,-5926596.417899075,-1586.854655582636,BENIGN
6,91397,5,8,403.5513349651981,7.647693952354583,-5677914.237308448,8748.063189656927,DrDoS_NTP
6,48505,2,0,2.581061154725604,1.064288381427399,-550228.3862810098,2003301.916413607,TFTP
17,68727,3,0,1468.8182216139921,1468.4699231744307,2921127018.6595216,1997254.0624193037,DrDoS_LDAP
6,101598,0,2,57.14017340355475,8.261078372427257,-5782097.290526993,2752.514150524451,BENIGN
17,22323,4,0,231.081475943156,228.79891869017735,476680450.7075607,2006758.4531184766,DrDoS_SNMP
17,-18125,3,0,391.1085536066699,395.45023127319564,2641816186.8995743,1997184.0863594168,DrDoS_UDP
17,-108824,1,0,393.7294930582643,394.4316283971426,761147903.7008666,2002524.580310377,UDP-lag
17,99034,3,0,1477.5311267203429,1482.5326354051358,198645669.45823,2001923.5426612599,DrDoS_LDAP
17,-48184,3,0,1469.892593720433,1472.62489409062,2920313517.50244,1997182.4491278639,DrDoS_LDAP
17,19232,2,0,220.11279216226683,225.01519651435808,445050439.9805206,1995991.0787060645,DrDoS_SNMP
17,35030,3,0,617.0947984647114,467.42178166427504,323724.1728204142,-446.141054469992,DrDoS_MSSQL
17,9318,2,0,1468.3269741770603,1472.6357519038397,2942590766.389774,669371.3382462157,DrDoS_MSSQL
17,26753,1,0,557.0535347824888,595.450620997033,928631293.6645728,1996980.9127261722,DrDoS_NetBIOS
17,160043,7,0,390.7050027500571,329.86249617209984,-2676939.279747096,-1947.8552368438923,DrDoS_UDP
6,168052,5,0,-2.9031590978897817,-2.043370925845195,-3678360.3265443156,2006610.0329505827,Syn
6,13650397,4,2,-1.8796039443045525,1.008601310328704,-3209668.9196433416,25348.064078149,TFTP
17,30548,167,0,434.39902044569004,315.0035265090877,-2848731.3983030813,1010.1667959943989,DrDoS_DNS
6,-25763,1,0,0.36191486325108474,-5.620894806096787,-117310.66382370563,20982.006829973383,TFTP
17,42329,4,0,391.29452142619084,335.0142702791171,-283059.10233758646,1003266.69331194,UDP-lag
17,-6145,4,0,1471.7036973376614,1468.9754433940009,2932951648.529602,1991669.1849902843,DrDoS_MSSQL
17,146788,5,0,382.9356710550451,325.1770779020189,3535706.5200066296,-3795.7932053704044,DrDoS_UDP
6,119074906,20,0,-4.039412831490314,-3.157100839070683,-5741011.378956531,54.23936828035221,Syn
17,-39551,3,0,719.3461448563743,1470.045211458044,1146198080.7533846,1994683.4885495955,DrDoS_SSDP
17,118487,5,0,444.2959743227664,451.55373493963793,-2133368.2997420104,25212.35389022516,DrDoS_UDP
6,112293,2,2,-4.6028270335581,-0.5825344492654558,-316362.7575237474,31351.528370590426,BENIGN
0,115538653,222,2,0.4029285760543699,6.500683394581547,-2086898.6262917554,-454.23346645554375,BENIGN
6,-20036,2,0,2.693478289319847,4.919203419576003,2699693347.614839,1999750.3364716864,TFTP
0,83034902,39,0,0.5941471241992209,-3.3274537757351856,1455983.3062216737,-9086.722124073443,BENIGN
6,-14970,3,0,1.4493454708612892,0.12799763659141683,1854528.764402296,10878.850651001441,TFTP
17,-28753,3,0,1472.859049576767,1475.2282249551881,2913553940.212647,1993930.5372504639,DrDoS_LDAP
17,-84429,1,0,398.36571845123336,397.0672881210105,774119457.1195854,2000202.245780692,DrDoS_UDP
6,12622541,5,0,-0.7297446709847654,-2.7016835078263846,-5199510.746230643,3756.960243019128,TFTP
17,97085,4,2,36.59718647929981,50.69789428481674,1925129.8747980003,12985.508292044406,BENIGN
17,-75944,192,0,222.25059621505508,227.66444685399975,451962478.1527709,1998337.2675951193,DrDoS_SNMP
6,185441,6,2,-0.8782970451911215,0.15141981739296273,-4486049.156826299,18163.956033847786,TFTP
17,185148,4,0,822.3446721513898,325.15683518572644,-561550.7405638825,-1675.9705233401692,DrDoS_NetBIOS
6,14392987,30,31,1100.1976732777223,4.542042257713934,-1873301.2222889632,6043.184445954664,TFTP
6,4847,4,2,3.4175014247838917,0.6112119185443532,7688856.043903617,27540.343070690466,DrDoS_NTP
6,-104763,2,0,1.5136931584113147,-3.2428744343879403,1569620.0360653389,1998130.1625705594,TFTP
17,91391,1,0,1467.088699011338,1466.9124918206353,125747214.15480371,1000821.5495715725,DrDoS_LDAP
6,-42186,1,2,-2.6389765518975254,2.066873884779602,-5530985.344142085,25396.871510128658,BENIGN
6,-72082,1,0,-4.187215695077294,2.3601185649386403,-313186.90975584695,1997772.7272746272,TFTP
17,115552,4,1,21.214759819445142,31.292096564394214,1611538.663161133,9157.891055642775,BENIGN
6,108532,4,2,-0.3417499673973308,-4.110842992832845,-6748901.42217909,10274.281064639345,Syn
6,-23500,2,0,-4.631003103371791,0.9585224301998209,1989352.8499837173,6721.528050724978,BENIGN
0,110816066,41,0,2.240582526282771,-0.032005100152372276,3120814.078978894,-1790.3119385359641,BENIGN
17,96269,207,0,436.1369471986836,437.36685314443247,5417698.49977919,5346.993584448444,BENIGN
6,85588,1,0,2.907982626354397,0.6534956135216843,-2274829.146178889,18964.816630752764,TFTP
6,20052,3,2,-1.166941818295296,1.8221802983975213,1500772.684692756,42062.86248962773,TFTP
0,107511804,37,0,0.587179894903009,-0.5673090944108399,-1078143.1870328768,-6483.3264253450725,DrDoS_NetBIOS
6,12800767,3,0,2.9999778095731755,4.394022932634654,-4687236.556192879,22830.151555814395,TFTP
6,-13248,5,5,498.0326715818901,-1.3422899535207873,4879623.214081673,13908.26589790774,DrDoS_NTP
6,95188,1,0,3.625984212176471,1.9007893658440915,2838337.9684315296,2003425.6799361545,TFTP
17,75432,1,0,1469.0250275840801,1470.8924077826273,2924997772.831066,2000204.960827363,DrDoS_MSSQL
6,90565,1,1,36.06657102028073,40.956370251948826,966917.0267180033,10377.24917615001,BENIGN
6,10675,0,0,-6.620962649827791,-2.3371934779678547,-3668935.455071846,1998147.4488395539,BENIGN
6,103767,0,1,0.8881394209337488,-3.4424719860601223,4554825.10364274,2002703.273801834,DrDoS_NTP
17,-23897,2,0,394.1909972057173,393.5288688262556,757434049.8351434,1997786.6391047772,DrDoS_UDP
17,132522,208,0,386.16512611830325,327.8004863391705,1900532.0527368241,-91.38130991412072,UDP-lag
17,-7231,1,0,226.04078267603055,231.05762142375124,475157797.135192,36143.01016213038,DrDoS_SNMP
17,-44804,0,0,391.3914693029262,624.5405877991102,479852884.1251198,358254.6718999154,DrDoS_NetBIOS
6,123486570,43,33,1001.6977080427346,-0.04783891091621369,-6195250.349943268,-1107.1199324939753,Syn
17,30160,2,0,1468.3805743974226,1472.9018461355386,2938572693.215151,2001209.9310422265,DrDoS_MSSQL
17,-578,2,0,1477.827719498586,1476.5741935563208,1469748276.4787567,999544.1517747085,DrDoS_SSDP
17,87391,5,0,383.8725136293095,330.2229907517293,-1515643.0258171002,-3601.901047117668,DrDoS_UDP
17,5876,3,0,1472.688970498967,1468.024720479593,158292938.23167646,12204.663882307228,DrDoS_LDAP
0,112498614,45,27,8.362852523306222,9.405349848077819,-5662221.686726781,-20028.57909809455,BENIGN
6,-12991,2,0,-6.052338130288175,-0.993089849235137,-611073.9950653687,25064.939390190324,TFTP
17,2486,1,0,1472.769197298959,1476.5971825079957,1456065914.611665,386096.9488007313,DrDoS_MSSQL
17,28243,2,0,1468.1634698351572,1475.9484723421629,1474483369.4173384,1004344.6378634647,DrDoS_SSDP
17,104787,209,0,435.96769485809995,437.12650626256146,3996946.3677679515,10779.106417716495,DrDoS_DNS
17,25823,1,0,225.97122494269104,221.75246657042447,452961826.24043375,2007652.484098804,DrDoS_SNMP
17,93805,1,0,1471.9902813888154,1480.6301885418343,2922666324.204126,991213.3915750674,BENIGN
17,97661,3,0,1476.0916156850142,1479.3850503763304,2957559177.1890907,1996056.5128269235,DrDoS_LDAP
6,118186782,33,33,1.2223771396455556,-0.8757142267231033,-4273569.198139634,16070.807355526134,Syn
17,-8296,2,0,1471.4305703577518,1477.5970036899055,1459668252.2967958,1003254.0983052612,DrDoS_MSSQL
6,4034878,5,6,3.861317935577766,4.810637411991568,5267578.0560942665,17533.21743444038,DrDoS_NTP
6,94414,3,0,7.6198885111641825,4.979731025993105,-414229.68126567616,1997827.5974642292,TFTP
6,4497548,34,36,458.0369932545,5.234219110580499,2453444.424633952,-1647.7729838895139,BENIGN
6,112974,3,2,3.8122123182953063,2.5473794022775365,-8691917.37787811,20679.87895018109,DrDoS_NetBIOS
17,-84872,2,0,227.09459514575653,230.93602499179158,422771348.6722756,1996198.1444360365,DrDoS_SNMP
6,92033,29,7,-1.7928885607748681,0.37015365806746575,-4813084.036859105,4505.759579145807,Syn
17,43828,2,0,438.8005679795887,450.0887497857635,134827913.71818358,14809.316007118567,DrDoS_DNS
17,52883,4,0,-2.8628773584184883,1312.2659028518128,2623229733.763455,1994523.2171339765,DrDoS_DNS
17,60316,3,0,217.49568727874248,226.63258447193311,432468983.7807047,2001349.4279889534,DrDoS_SNMP
6,5621571,25,0,673.9255258116655,0.5372796357386389,-3149661.8645864828,-7908.263184841493,BENIGN
6,183619,3,0,0.14778104120111885,2.3985487104350867,-2299375.6323244497,2001740.7506798625,Syn
17,71996,4,0,1471.5404320679074,1474.0487027117777,1472540409.016237,1002794.1544803061,DrDoS_SSDP
0,114117140,48,9,-6.473055017243054,-0.7032708476363895,-6253727.393397453,-21571.344425482224,BENIGN
17,121093,4,0,391.9246099308621,334.0394169610551,774806845.2139184,9189.934685417278,DrDoS_UDP
0,50957,8,3,0.039466529143101836,-2.3708109747285895,669734.8204380642,-1901.9689738495981,BENIGN
6,-53748,1,0,3.1084095993985392,2.024432497816794,1273926.6887733655,18172.129300649067,BENIGN
6,6133,1,1,30.378931730059353,-2.9586523916631973,1967195.4635345775,17151.32743400146,BENIGN
17,26589,195,0,439.8882952050105,473.9353494684826,4731805.840493406,7603.846986803676,DrDoS_DNS
17,17276,4,0,387.297041372818,330.5716988938804,-1156588.7608635698,8561.491279899543,UDP-lag
17,17020,2,0,1476.5070282564686,1476.3212717556041,2933024999.858272,442625.08241683204,DrDoS_MSSQL
17,-15771,2,0,1476.5670732806486,1467.1144364012864,2939188404.546115,1993104.3325939758,DrDoS_LDAP
17,82224,3,0,389.89642109066756,327.04425588970355,1115021.1097173411,110.03612154527582,DrDoS_UDP
17,-8257,2,0,224.8579657778401,225.33623611385275,451293873.05170345,2005459.7600297271,DrDoS_SNMP
0,83470599,42,0,3.7063970856847805,3.078516330489257,253451.54517888022,-4187.635278556612,BENIGN
0,85644202,42,2,2.6954485285276837,1.0292523207636273,-3170335.8108387496,623.9603034644151,DrDoS_NTP
17,-20363,2,0,447.288183494909,802.7993244268623,944350827.5105374,1994839.3842229682,DrDoS_NetBIOS
17,-22913,3,0,1462.067212634425,1470.294382453688,2895038373.8273764,1994493.1620564198,DrDoS_LDAP
6,102225,1,0,0.7349577485295858,0.4262074321955461,1246114784.414781,1995092.7500573283,TFTP
17,65899,3,0,1472.6583432199548,229.75414434955752,1458962597.3854926,1000057.1181099035,DrDoS_MSSQL
0,111517434,40,0,2.80117742372339,-0.1887611006996533,1359116.72402954,-16954.78856256287,BENIGN
6,-10395,2,0,-2.1592756892882523,-2.649181482851195,-4405845.411767972,2000166.0184252118,Syn
17,-37891,3,0,1466.9883261200914,1474.1390830383464,1483916818.3201637,997827.5827894895,DrDoS_SSDP
17,257397,8,0,390.3654860362786,334.36869567110665,-3762482.5118440157,-12405.018777434634,DrDoS_UDP
6,23676,2,0,2.1606229242022614,0.10116636946963077,-557528.4205873802,1999867.054949693,TFTP
6,-20699,3,0,2.3626495646288372,-0.6943915715825749,902600.2041100785,2003665.0947746113,Syn
6,73215,0,0,2.153160073278635,2.191269511840896,-2636216.276191864,1998404.1127137726,TFTP
17,-64023,3,0,224.79507267250582,635.0295132365688,2615480249.4240317,668175.3644401781,DrDoS_DNS
17,-10949,6,0,1351.2802331566254,1377.5550000601127,1215397480.545798,1001961.6282667768,DrDoS_SSDP
17,42734,163,0,441.71830794072355,432.44355190158905,-857643.0148942329,10288.048293524287,DrDoS_DNS
17,126913,165,0,436.4523164951574,547.177970064398,3366015.4831734383,4741.546082633478,DrDoS_DNS
6,7774176,7,7,433.3894677267749,3.3298242380390133,1520316.7794492876,-1882.2646552567458,DrDoS_NTP
17,75157,2,2,40.243538060520336,57.05626535291258,1159134.5317465933,8327.159585560574,BENIGN
17,-61179,1,0,1470.3357537695244,1472.156183627755,1463764596.2546725,1000192.7235549139,DrDoS_SSDP
17,-50015,3,0,228.32813035545203,223.1692010315864,436309394.13003737,1002166.95432406,DrDoS_SNMP
17,-15753,2,0,217.49235010755578,222.7895141996656,428970229.01316774,1995030.0168274257,DrDoS_SNMP
6,17677,18,0,-0.07746003015086246,1.526747185463191,-953901.9501263693,1997200.2703185934,Syn
17,-21555,4,0,1472.4379700673005,1472.7408417865886,2925904831.856811,1995441.3154696655,DrDoS_LDAP
17,-71597,3,0,378.0368220069619,384.2952748441873,784388013.153638,2004480.7795613147,UDP-lag
17,-96096,2,0,229.57334218808103,223.79619978193458,434344899.6068707,1999914.4902811684,DrDoS_SNMP
0,92365164,9,3,-0.5194604388807376,2.026689097794229,5454370.73051057,9139.012105896541,DrDoS_NTP
0,103686679,32,0,-5.1774204757199795,-0.27795157702432743,2524636.871092935,702.892507181039,BENIGN
6,152326,5,3,-6.910188624096611,6.635494217635201,-3341950.501733443,31149.520698976215,TFTP
17,-10938,1,0,1473.9493839039421,1479.1728767398617,1469794730.7222958,994091.7663860953,DrDoS_MSSQL
17,105548,4,0,396.3834580338595,335.89718813671203,2333481.1135896742,6308.530026236405,UDP-lag
17,81619,3,0,392.9406813456355,391.5777569636339,744359720.687518,1999732.0364828445,DrDoS_UDP
17,-87561,195,0,226.82847088660182,229.45616392573694,-2637978.742188909,10963.622232825002,DrDoS_SNMP
17,68421,1,0,226.79371744871938,228.51615858535558,463867214.06385577,2002465.7912264268,DrDoS_SNMP
6,18310,3,0,5.251989356546192,0.6350758063549555,-2369890.6460146178,1995331.0339846602,Syn
17,-100342,2,0,392.8299187375371,388.6598063987426,775448922.6458311,2003524.5013156284,DrDoS_UDP
6,119441406,29,25,-1.2290306668519946,-1.9782449104705455,-6672436.273893051,-7562.890684391616,Syn
17,-28291,1,0,1466.8300392058825,1471.766356380549,2939349374.425839,1998000.8120017792,DrDoS_MSSQL
6,-6937,2,0,-2.245935656808706,0.007941641098082514,-1251890.4993632266,1996315.0727616367,Syn
17,46171,1,2,3.955343745690589,2.3554741209874375,-3698591.9115472483,8019.852954820921,BENIGN
6,5168765,7,6,443.7355766222946,0.7872488489927394,3456811.3375032214,-4728.132395664676,DrDoS_NTP
6,13047979,7,0,8.099919687141387,-1.4456416127854539,1989953.983489715,14415.80485952198,TFTP
17,72236,5,0,1477.5134640153149,1479.99221600067,2950654976.6356115,1999045.3071771646,DrDoS_LDAP
17,106114,3,0,1471.7916203471152,1476.0760033744448,130737342.65453354,996027.3348680671,DrDoS_LDAP
17,-31250,1,0,548.4107229883574,395.211641224267,784779140.7370094,1999708.6082281887,DrDoS_NetBIOS
17,-66317,192,0,233.76881056572455,230.26557682507172,464109766.5995583,2003058.905540597,DrDoS_SNMP
17,12041,1,0,581.1730666058929,691.6033785137829,772659949.5031327,1998606.1111167506,DrDoS_NetBIOS
6,50599,3,2,-3.176882898302852,-1.962402896956933,-1538050.7167959756,22621.30356678962,BENIGN
6,100905,3,2,5.221725667443843,4.979478718816342,80603.5844055058,18121.32533225533,TFTP
6,117311,3,0,3.7181726844952796,5.5951586915533875,2369492.7551010232,1999743.425439405,TFTP
17,33853,3,0,1359.4409544568027,1472.4282457114366,1468832200.4582841,990998.0239958342,DrDoS_SSDP
17,-35198,3,0,383.9140690026232,390.17316054744055,701716525.3349369,2001310.2412356618,UDP-lag
6,5910957,33,35,615.5597521454599,5.291078524762803,-1064963.8818259172,6430.929201353869,BENIGN
6,14985,3,7,36.511554867207415,4.214312055577262,4277604.985585192,19945.1604802134,DrDoS_NTP
6,3978896,7,7,560.1447734292527,6.97556666715728,848046.2311955383,-437.51962097582145,DrDoS_NTP
17,-52732,1,0,1465.6686058432822,1474.4761262846112,1459229455.394632,997628.530184356,DrDoS_SSDP
17,-13736,1,0,218.0127408109173,645.7272807142117,1262692883.5327206,1003934.5473441738,DrDoS_LDAP
17,525,152,0,432.08386188812824,1460.9218332915996,889597454.4703101,996050.9525349088,DrDoS_DNS
17,201985,7,0,389.5382653631215,330.23823782851093,2640706.503925725,-336.10804588368956,DrDoS_UDP
17,115105,163,0,439.5264272204897,544.7367509694321,2729691.978737221,7016.331061746732,DrDoS_DNS
17,-132483,1,0,381.77959730331304,390.0919259669188,761500295.2030185,2003886.0524941874,UDP-lag
17,108594,2,0,1475.8815700462958,662.1068044020822,161174208.0986248,7813.01680687177,DrDoS_DNS
17,-4617,3,0,1475.1662117870521,1477.8835853118142,2938607224.2882805,1998547.7920218392,DrDoS_MSSQL
17,-28186,1,0,1470.9242698559267,1477.3694043433072,2954073277.11575,660313.5575693884,DrDoS_LDAP
17,459,3,0,1469.7729418151325,1474.3357905602516,2908338500.261754,1994998.921280714,DrDoS_LDAP
6,126017,3,2,1.9884315598351192,4.342422131189094,1676382.6687142598,15585.033932771406,DrDoS_NTP
17,-26262,3,0,232.06844451210426,229.47762374469943,424160264.86546767,1993420.9078313436,DrDoS_SNMP
17,71536,1,0,870.6525037811185,596.3742520020655,1246535672.9698172,2002208.9447934176,DrDoS_NetBIOS
6,-153465,2,0,3.6349094636938015,1.1423168103842871,1324215.56980458,1996213.3361102412,Syn
6,93784,2,0,2.8790365529113506,0.8257371468669877,2579876.4636804806,1995131.77203102,Syn
6,-25333,4,4,514.2352242582956,328.3336892864708,1813805.962164381,14463.679284681579,DrDoS_NTP
17,-10483,1,0,654.0403842139929,1471.9094887212152,109755457.2450763,994489.2880543761,DrDoS_MSSQL
17,-12792,2,0,1470.2258730300027,1482.112921173938,1475065518.2047565,996441.2573431303,DrDoS_SSDP
6,-16598,4,6,-2.9762374139925525,5.373415652068131,-4203064.652949906,7815.139101401024,DrDoS_NTP
0,101855526,43,0,6.066187071372143,-1.1062509459458467,-3309454.665831184,-8439.197487386555,BENIGN
17,33175,1,0,238.21127951637038,236.71076498604128,453077558.8304868,1006293.0520857661,BENIGN
6,22635,3,0,-1.7498873139971896,0.7591594799376116,-2683755.347225462,11960.886468504463,TFTP
0,108731947,39,0,-1.5664047861737649,-0.43022059045116723,-534763.9953243025,-5108.779542078979,BENIGN
17,40767,0,0,1472.7038260667393,1473.6744759677954,1465889931.7997515,999603.6611068505,DrDoS_MSSQL
17,-42453,2,0,1463.933746960334,1471.4472397105126,2931377771.2097917,2000750.2290044657,DrDoS_LDAP
6,73055,3,0,-3.4656665145811387,-3.794666688815239,3871700.4232423548,30147.05497193247,TFTP
17,44340,1,0,451.7444588836727,449.72591166078865,936780305.5550569,670083.1863247638,DrDoS_NetBIOS
17,-54861,3,0,1391.8575039302546,1383.9247325390807,1197917186.1957269,1993085.5273636966,DrDoS_SSDP
6,-43814,3,0,0.0672977570755009,0.0015675996351196125,2425008.622152087,1998416.3986498246,TFTP
17,72879,3,0,436.3085220407246,224.10156451198145,2280916.15575861,8493.604565929327,UDP-lag
17,5767,2,0,1468.148669952562,1476.0996153741999,1459377490.5378926,997332.4846936733,DrDoS_MSSQL
17,-19300,201,0,1464.872149534055,1464.823314695499,144464793.55147678,678867.9690180181,DrDoS_DNS
17,-57234,2,0,1471.3894041553817,1483.5385043695385,2929015767.0758247,1997520.3490871892,DrDoS_MSSQL
6,111119544,28,0,1.0532774307955846,-1.1492454167987693,-1541851.0508785464,-54.4676213280145,BENIGN
6,46944,3,0,-0.36252684800478335,3.424914386519286,-4513397.174743281,1995318.990000202,TFTP
6,4911201,4,5,435.96242582120726,0.9902125435843796,-37290.92279233225,445.83194660660047,DrDoS_NTP
6,72743,2,0,1.3462658731922201,2.065260225458743,-6163567.299152045,1995283.5671530971,TFTP
17,11976,2,0,230.33249225162731,228.67816238318974,437178041.67276794,1998142.9146306089,DrDoS_SNMP
17,13268,1,0,1464.381140953438,1469.2559666931293,1463883904.3024364,997140.9494381484,DrDoS_SSDP
17,35126,4,0,392.10363047421066,391.75432594964576,776089816.249779,2001804.928791089,UDP-lag
6,112304,3,0,2.0182051143437905,1.7960418281900878,2905211.2860842464,2006063.4269376993,TFTP
17,-89671,0,2,30.285367405949096,43.014080419884095,999383.9735853953,14074.98275259438,BENIGN
0,109462571,221,2,4.901722344958666,44.53047724500983,3895788.442753289,-8957.253927923783,BENIGN
6,117471317,32,28,523.5056539763461,0.2015959201639444,330926.501122684,5054.7112223070035,BENIGN
17,57229,4,0,1471.6129656801143,1480.040163180988,1480236252.4591107,997148.5595351565,DrDoS_SSDP
17,-62353,3,0,1471.3222107264673,1465.2147147877645,135734922.56125805,993420.9131705267,DrDoS_DNS
17,60303,5,0,392.61386370209834,328.12771131562897,3608734.1080137845,-4828.775850007394,DrDoS_UDP
6,112845152,28,25,42.690086202784656,0.05568164649355567,1550418.9776272906,-5646.088669309778,BENIGN
6,129812,2,0,-0.3318599377105426,1.845452647605761,1167344312.9241636,1994454.0612358826,TFTP
17,84347,1,0,1466.9684227701641,1471.3938731391218,2936289928.7261515,327277.4452491483,DrDoS_LDAP
17,76830,1,2,32.57478994108165,47.96480452100666,1169198.3508276092,27203.449930272836,BENIGN
6,180991,4,0,5.039761320004596,2.4806870905081926,-3709108.7281424673,2000352.4727266233,TFTP
17,89125,3,2,29.71844517477799,36.437961333368676,422819.33350812085,14704.24142010677,BENIGN
6,119965,24,0,4.20446235296355,-1.9645406469747873,-3781109.463625758,19244.454166015985,Syn
17,185770,7,0,389.81468318347834,329.0331347087542,-2502738.3323977077,-3976.8075016153016,DrDoS_UDP
17,41769,26,0,233.01315196038902,327.8750205877725,8923361.742483014,20733.50648424692,DrDoS_SNMP
17,50270,4,0,1478.1128391159189,1472.134142789541,1278152973.105309,996818.6637990453,DrDoS_SSDP
17,111280,5,0,373.2332311557478,324.62528773877705,-4591864.222421029,-8003.215615225774,BENIGN
17,144137,4,0,1470.1153118377629,1474.726475376925,135830722.88320458,17392.061674677272,DrDoS_MSSQL
0,77842246,36,0,-2.468698313083192,-1.6385204899269394,2237574.9534011893,2217.541149933786,BENIGN
17,8240,3,0,1474.1663454401973,1474.811998387868,2945660247.8422585,1998110.7256636745,DrDoS_MSSQL
6,55854,3,0,1.2212126758892254,0.8940871057215601,-2229749.904325449,2001663.150439236,TFTP
6,12866614,2,0,3.0368729882002756,0.3568779294585562,1484378.4593821215,11486.614354519808,BENIGN
6,119668,6,2,0.9945050545637457,2.693496906681445,-261715.03784565744,18110.275944151734,BENIGN
6,11340061,18,0,-2.448065853628899,-4.977001579267602,-6906697.692493847,4385.540596381003,BENIGN
17,93180,5,0,396.43503297664796,398.15368622091455,4489953.148535555,9467.342504753204,UDP-lag
17,22333,1,0,376.45515703362196,326.22799507712847,1385725456.5404627,998211.4257946833,UDP-lag
6,-7647,2,5,2.5639037762177765,1.7219379931033312,1952870.3943756856,26377.140280117546,BENIGN
17,-140303,2,0,1468.6817476052242,1476.1459364224513,1464163986.9347122,1000021.7066310651,DrDoS_SSDP
17,79772,4,0,1474.3388958175187,1476.6833112926597,1456239805.6214745,995603.7988319075,DrDoS_SSDP
17,-37002,3,0,390.2875825905937,388.09876860651724,752438745.5575556,2004031.1299165767,DrDoS_UDP
17,-54740,3,0,445.09337836544466,445.1111846275369,1080874645.5743759,1004127.8762171582,DrDoS_NetBIOS
17,7480,3,2,226.25489382697424,232.70045120577126,470325036.6853437,25628.295318773424,DrDoS_SNMP
17,203012,5,0,384.6929780265007,335.58986486481126,2887929.5366089595,-5711.516386196672,UDP-lag
17,39693,2,0,443.7588869540138,1463.9117766158165,929329296.6764345,407782.7217776952,DrDoS_DNS
17,10290,2,0,390.0902024069142,395.560547367058,-738574.4251086593,16635.402672927456,DrDoS_UDP
17,-19833,0,0,531.1835967359502,446.2634043376437,928041984.2858416,2001014.1528436858,DrDoS_NetBIOS
17,33946,2,0,450.17443964803886,595.0032103810034,938426153.32143,1999909.8135890812,DrDoS_NetBIOS
17,243840,4,0,393.63950793319793,330.7581740128857,-558440.253817956,4977.429034365625,UDP-lag
6,-96138,3,0,8.826670696880388,5.524128024276229,1926212.45866555,14471.427774933089,UDP-lag
6,-20356,3,0,2.2503738196774012,6.688183923738369,-601242.0599796618,20856.165549843507,TFTP
0,78610615,28,0,-1.2159752856313832,0.5956762701267359,-78754.90828250721,-5836.802078235616,BENIGN
17,5188,200,0,442.01229638553605,482.83939502419156,708241.7229772123,7091.884400467532,DrDoS_DNS
6,105952796,0,0,-1.2494195141344178,2.3971694312021157,-491883.8096208456,19768.692534749993,Syn
0,106713395,30,0,-5.523332783317364,-1.261109455431041,-2660652.9772943556,20418.09993357454,DrDoS_NTP
6,42181,4,0,-1.860580489284576,-1.0247557278514015,-1059412.6239390934,1993210.2599809673,Syn
17,59945,2,0,383.2089467387404,324.6009965434684,3902933.328514687,7268.878191000367,DrDoS_NetBIOS
6,-8503,1,0,-3.7380077037529644,0.14649509668652017,893654.5685086835,1997717.5226301062,Syn
17,-22269,3,0,1475.8979400494372,1473.1929195300615,2935939088.20324,1997328.4608596032,DrDoS_MSSQL
17,70841,2,0,1472.7749343110825,1472.3677157706409,186374224.40214616,999280.5712185173,BENIGN
0,109174149,218,8,4.320604122436419,28.2215523686165,2333225.977444351,-9193.601794846363,BENIGN
17,-59654,2,0,386.1714884308898,388.6671823637261,789346108.0242302,2002189.3508370155,UDP-lag
6,-61684,2,0,-2.4200064363335443,-2.046173970050198,-2330907.5609170226,1997018.123799116,TFTP
0,108225211,38,0,-0.4967752831370393,0.05311812984399278,-2379610.782884094,-16309.659538559114,BENIGN
17,3493,3,0,230.4684366437677,231.14514934582948,1001130933.7899102,15868.396564902083,DrDoS_SNMP
17,7018,2,0,1468.3407285596659,1471.1231949347455,2936862584.1875515,1994310.831045631,DrDoS_LDAP
17,60549,3,0,390.231353595862,635.494239035197,3460944.7846382335,22548.567729629733,DrDoS_NetBIOS
6,85083,4,2,-0.9483838668787447,2.9770290884676176,3773050.911986813,17829.652557671034,DrDoS_NTP
17,37828,159,0,440.06057246029707,1462.8334338086513,942341689.4796916,673822.4115557934,DrDoS_DNS
17,-32584,2,0,1473.3906398452575,1476.8282367264676,1460688496.4088163,998099.9946794175,DrDoS_SSDP
17,33594,3,0,1466.431320676377,1476.674760191987,1482574689.056359,1002985.3259615895,DrDoS_SSDP
6,-106252,-1,0,-5.279535810576351,0.8542221844793594,1930175.0209520445,2001604.0476427558,TFTP
6,136355,4,2,-3.4555606716724068,1.0684767912227071,-459989.64407076174,17372.41915226501,TFTP
17,3030,2,0,1466.5546407527809,1467.8145831680297,2917391530.975081,1997153.389427312,DrDoS_LDAP
6,114391,3,0,-0.6805552627561818,-0.21746275730260112,-5320778.929012376,2000719.7137293085,TFTP
17,52938,1,0,738.3160861668188,233.94270365914468,447656653.18943954,2002232.8907864783,DrDoS_NetBIOS
17,11416,2,0,1463.3796808881843,1467.2421539380923,2902645969.615069,1993430.575072987,DrDoS_LDAP
6,115248365,25,2,-3.0005566750762807,-2.145494026216694,-9643696.258745778,2533.675971482112,Syn
0,86066902,35,0,2.688645334256607,5.3725524959371,3299236.650447764,8361.62568336772,DrDoS_NTP
17,13159,2,0,1472.0279222662307,1471.3671397504643,203895347.93805614,995918.2816638463,DrDoS_DNS
6,155704,3,2,-3.847269399852235,-0.8025341346881137,161201.7771919251,17244.882808676844,BENIGN
6,50630,3,0,4.265129908206915,-0.34904601272719143,305763.98398973164,1997492.3422239248,TFTP
17,81845,0,0,444.27148661444056,447.21117331443287,46443.79377956805,995985.5877151951,DrDoS_DNS
17,155430,5,0,389.6002341380498,330.335882040628,7588952.728403147,10935.2018372885,DrDoS_UDP
17,-49291,1,0,1462.9450786579596,1478.3553662188606,2937487882.898963,1999987.0567904657,DrDoS_MSSQL
17,89244,5,0,396.318319225651,391.6229986935471,-2518579.85779332,8674.373410055052,DrDoS_UDP
17,58465,4,0,1477.1032429714721,1471.6844125290313,1183411141.3568437,1000131.4407106038,DrDoS_MSSQL
17,26208,3,0,397.2358948067905,441.3040558055243,-885283.6139773403,6288.224783102376,DrDoS_UDP
6,51884,1,2,3.7998815893091873,-1.0732674262972504,-2868651.344100627,27507.46865768436,BENIGN
6,102042,4,0,4.724394510711862,0.6267605696344573,-4381423.205512243,1996693.1217407368,TFTP
0,115018477,38,0,-6.165122926457883,-1.6417517923661846,4960112.292882743,7163.504441170377,BENIGN
6,112281596,3,0,2.4368686987071944,1.82696151939718,-2295537.182163356,6290.245575961171,Syn
17,-48950,191,0,952.2700764441782,597.1758995248865,617005.8561001165,4348.3918512948885,DrDoS_DNS
17,83801,3,0,397.6429044368679,392.820486260146,761167663.7458385,2001028.0657045136,DrDoS_UDP
6,115758019,2,0,-5.616478242824026,-2.1491150768474125,348507.87787016085,12861.968775257981,BENIGN
6,3595097,34,4,442.9518191976581,1.5471672463025423,-4609510.356238531,-3797.170047375368,DrDoS_NTP
17,-8055,2,0,1474.1637767275886,1474.02248696833,1459286704.5791953,998491.8565015214,DrDoS_SSDP
17,85809,3,0,396.68002311801627,45.73019329019558,107843.42781794793,5356.499511873237,DrDoS_NetBIOS
0,118588258,52,0,1.553688602044985,-2.032723562985797,-4846074.308089807,-17564.972135209086,BENIGN
6,64178,4,0,-0.8753341076034875,0.460376048612892,2697357.867745597,1999411.6640194124,TFTP
17,171367,4,2,39.57733464354029,44.73973376231256,-1406216.3275707962,-2031.5214900213741,BENIGN
17,-14086,1,0,1468.1455009336007,1474.1325565511486,1461706542.3963354,1001431.6634621344,DrDoS_SSDP
17,39865,3,0,708.3267444691567,608.4172701673086,3760282.294104781,8499.170264923387,DrDoS_DNS
17,-5476,1,2,44.83815792907082,52.354899458955146,2607773.0041781757,10863.601288371588,BENIGN
17,126,2,0,1372.0725231830243,1335.5707858349276,1475183798.9425201,999312.6763246653,DrDoS_SSDP
6,261204,1,2,-0.4374371664433491,5.102814877057316,1964424.5319952092,21509.569486702596,DrDoS_NTP
17,75317,204,0,437.48045972630325,442.9264831541947,6917666.311461134,5890.216086380932,DrDoS_DNS
17,52105,2,0,437.580463796403,307.11493499642467,1690138.1440800158,-1381.3124734523262,DrDoS_NetBIOS
6,11699277,4,0,2.0779487864923434,1.4302879385658518,7653687.787735356,6933.788979275063,TFTP
17,14771,3,0,385.8835701785819,332.30869643767494,5427129.008136511,14521.156374277645,DrDoS_UDP
17,61360,5,2,2.6585737216501477,2.766384023606575,-3922300.0080128303,99.25817460876715,BENIGN
17,149266,5,0,386.1954373725765,331.1629289467649,3100261.459962488,16403.195150104533,UDP-lag
6,-96660,1,0,0.12187230997790335,1.6505758960040657,-2887250.9167273743,1993883.7290219616,TFTP
17,121328,5,0,398.7370896419034,333.6061458013273,1782805.242863332,9334.78341669695,UDP-lag
6,112450234,6,0,-2.8186289482820825,-2.2274031166098647,-3814083.629471168,2364.1089845410697,Syn
0,113601310,216,2,-1.2328323020935552,3.52014972228724,1522410.3285491697,486.5920142837549,BENIGN
17,-12868,2,0,1469.2540228741389,1476.075909683004,2921888684.4224076,2002282.3323965466,DrDoS_MSSQL
17,-34566,1,0,1471.2367217312083,228.69919444307237,2918654731.443494,1999966.0514558046,DrDoS_MSSQL
17,-4536,3,0,1473.2234430149517,1473.9605059813473,1461482470.9375691,996652.922241735,DrDoS_SSDP
6,138335,4,2,0.7618532477404732,-1.3687651652803654,-119029.37685737573,17777.264989957832,BENIGN
6,-2676,1,0,2.3677541430195976,3.2303691754007406,1198365.2539194843,2000171.7325346814,TFTP
17,-71345,2,0,1472.326184592558,1474.1278848616898,2939068177.785788,1999118.0242600217,DrDoS_MSSQL
6,-24430,4,0,-4.602009738367257,-0.4719893242675042,45077.38604914537,2000186.685800247,DrDoS_NetBIOS
6,59277,2,2,37.8591776336142,1.1193934861039025,-1664888.947080705,15242.55661225898,BENIGN
6,38956,2,2,2.3567259934014366,1.9547476901377903,2373528.5633377074,8816.937631831415,BENIGN
17,-39986,1,0,225.78111228118712,228.8200284834006,427004186.4703544,1997893.765169953,DrDoS_SNMP
17,-16746,1,0,444.95409878184114,453.03072202188963,855039258.6568666,2003135.4714961348,DrDoS_NetBIOS
17,18384,1,0,386.0613315052164,335.5065217161647,5466445.7431327235,9152.008434647782,DrDoS_LDAP
17,-4046,2,0,393.67962408533845,398.66824468922806,2647125564.0261507,1993093.39349603,DrDoS_MSSQL
6,116806077,33,2,4.425388641527335,3.3876514936984963,-1476635.2457953927,5640.111350096672,TFTP
6,82417,2,0,-2.9817841078530187,-2.430615079250219,-2101256.845702038,1997247.891751814,TFTP
6,5465185,35,30,2.699049720304784,5.334030501775429,1204946.6692894455,2265.7063636628063,BENIGN
6,114948803,33,7,492.9943435696378,-1.0829332257102064,-6388740.448832959,4992.269358258055,Syn
17,4028,3,0,385.0781389026645,326.1400625066097,5951594.437993614,2000029.5204929707,DrDoS_UDP
17,30795,3,0,1467.9673883697114,1472.7411708777738,2612820686.199985,1997786.2415208481,DrDoS_MSSQL
6,-15641,2,0,2.226551241249711,2.910680268574007,3151097.8402113914,18203.645930285344,TFTP
17,-34,1,0,1468.3601254190944,1471.634079218031,1477130447.1815162,1005942.3875462132,DrDoS_SSDP
6,13319919,5,0,0.8725107118359157,-1.8203424476909567,-1101817.5665649131,12070.955139839845,TFTP
17,56115,2,0,1466.4276299146463,1472.6623782793047,2945228337.6891985,1002968.1314655524,DrDoS_LDAP
0,80604422,5,0,-2.9629033763404045,2.468760707320274,4353102.7370614,1728.630560328822,BENIGN
6,-24882,1,0,-2.9002233832651068,-0.8104908849616279,4249289.302435291,9998.85811371786,BENIGN
17,-7334,1,0,443.60486588025407,440.7963273407412,922730345.7340006,1996594.502631765,DrDoS_NetBIOS
6,12955548,7,0,402.10893235573485,2.493013624025574,1987774.4551193977,2402.6594056112644,DrDoS_UDP
17,122745,5,0,391.5017578721322,327.9777559080021,3722039.788307499,11469.823841348745,UDP-lag
6,55643,4,0,1.2590459250795838,1.6570726951446701,2559147.7591182236,2004034.9413627728,Syn
17,74274,2,0,1474.2173435656227,1473.9508302906013,2955839699.7557435,1997670.871322286,DrDoS_LDAP
17,-2571,2,0,1465.634196145026,1461.8742723696926,85982546.8713561,997492.42089511,DrDoS_DNS
17,26383,3,0,234.3154879684269,232.82051481931435,425337262.23310506,998627.9945018749,DrDoS_SNMP
6,7759,2,0,2.0566908658222682,2.792448682898701,4065657.846728582,2002734.6326867025,TFTP
6,13136556,3,0,1.6750545126768885,1.0381323161142175,-1542682.3571826655,1995525.6517045093,TFTP
6,4148009,178,10,445.6934440382892,2.4863644446295297,1425051.4143751357,4531.906293948967,DrDoS_DNS
0,116484529,44,39,4.040578418304044,4.198026291283466,-2463085.8001181716,-7481.219235025015,BENIGN
17,35476,2,0,1469.326922828621,1471.0393552268617,2932061966.9402056,2000157.2734790812,DrDoS_LDAP
17,102872,4,0,392.8916134332777,338.26798633239383,2005162.634349151,15888.324389306983,UDP-lag
17,162760,4,0,387.2914933818747,335.0612302770961,8822918.896575287,8180.045403412729,DrDoS_UDP
17,240540,6,0,392.064364659877,334.7431664318704,2815845.4557567867,653.928563379508,UDP-lag
6,30904,3,0,1.1383777468702483,-0.3228436081024883,1899514.6621268182,1997060.4751195018,TFTP
17,-39452,2,0,438.155936567694,445.1281269125005,947043727.0159323,1997719.585531556,DrDoS_NetBIOS
6,112963796,24,0,-4.409366713823203,-6.8622496569240505,-1382771.1813560727,5993.948772218848,Syn
17,-87444,2,0,1478.4655970860103,1482.274181710421,2941778163.5238223,2001354.700549648,DrDoS_MSSQL
6,155681,1,0,5.971698531519223,6.587956004379696,-1520105.5596582314,1994746.6428113452,TFTP
17,157095,5,22,37.02078535439255,28.70959933810054,-933878.9298629595,-11253.888765918662,BENIGN
0,78578892,215,2,1.0286626580827638,-0.09102127038656892,-1429963.9866059076,1817.6095524340162,BENIGN
6,48783,1,0,-4.7368348273986305,-1.347189913818984,-7441527.474632078,1999018.4403722896,TFTP
6,77246,5,0,4.247048040302205,-1.1941979241366236,-3671215.9776290944,11488.66936629169,TFTP
17,-52793,1,0,1463.644055690693,1471.6135034797203,2942568877.0848784,1998178.114593658,DrDoS_LDAP
17,-8817,2,2,43.57527660078754,47.55683588184669,-291413.77095744875,-5783.348959558001,BENIGN
6,9230,2,0,-0.7127978005557662,0.7254052614589425,-5588321.58947147,15597.560653865228,TFTP
17,-18667,1,0,233.61508735599136,227.8428394537139,457221072.2210103,2005954.076154672,DrDoS_SNMP
6,45807,4,0,3.2666127261796167,-0.6927337585057827,-365349.7026950333,1999577.9004501079,TFTP
17,118544,4,0,387.4186812950557,396.54717270521974,773789144.9165101,11762.297800526741,UDP-lag
6,38655,2,0,6.35639962036985,-1.9996029343056174,-4428878.796965415,1996911.3932565139,TFTP
17,-31237,1,0,1470.522593294207,1476.3163839902604,2931832586.363957,1995676.8338310143,DrDoS_MSSQL
17,-50426,1,0,1467.8283455044457,1474.7432244786535,120825182.77015236,21584.636252693035,DrDoS_DNS
17,152258,2,2,9.819876915292175,46.864855618687564,-1021529.5366568954,14006.107732885492,BENIGN
6,3571275,36,6,549.1721993757483,0.7853663939997941,5909639.372463598,-2939.9184143098646,DrDoS_NTP
6,97862,3,2,5.581418493537987,-0.30750264012378337,2602255.0307542877,25107.97263325823,BENIGN
17,208623,208,0,435.14247255075105,614.3699156647662,3651801.5188212525,-2375.8763748618803,DrDoS_DNS
6,83841,4,0,6.22160023854626,2.6058690749370648,-4838256.217223233,1996862.794225479,TFTP
6,3503307,27,6,908.8444037743726,0.5687384398792377,-643315.6343031125,-2315.2548992356005,BENIGN
6,32008,2,0,7.149138607280023,4.505083682759854,1336662.2393569942,2002066.179567651,TFTP
6,3269,2,2,38.463593542607434,4.100496288139478,3442231.4006220945,22943.180812857812,BENIGN
17,27927,2,0,1471.789217898646,1474.1164524564317,83713053.36300518,663737.1795506625,DrDoS_DNS
0,84082048,34,0,-2.9324822912205906,2.7573653699698073,-1767284.5709550038,-12089.04970825855,BENIGN
6,-5739,9,0,-2.844083691883178,-3.752976690330598,1811490.5781585542,1992365.747396198,Syn
17,-53815,1,0,227.1874797437867,228.19955795685257,447769802.85062397,2001189.4742797408,DrDoS_SNMP
17,80117,2,1,28.290666235881837,49.11246408175272,-1285991.505332851,2751.2920877381657,BENIGN
0,112709618,46,36,-1.7056541826729572,-1.5866767874932248,-5920367.928560752,-16990.701961571544,BENIGN
17,70709,2,0,1465.2521210084196,1474.186827610924,2940488613.96578,2000428.3713183396,DrDoS_LDAP
17,61132,2,0,388.20498892981567,667.7104028160493,2959704.796698172,1999659.6822146482,DrDoS_NetBIOS
6,26919,1,0,1.3187572206975793,1360.270008311854,1706238.2615682113,1997339.3739329367,BENIGN
17,10233,2,0,443.7391640676267,557.3436052025353,960619015.184103,1998455.67623159,DrDoS_NetBIOS
17,-95978,1,0,224.91159594739753,243.47692196492707,452670184.15483445,2002621.7737343973,DrDoS_SNMP
17,36347,4,0,233.53339180532706,225.9793445347734,8572440.965524679,28715.689099516898,DrDoS_SNMP
17,-26332,2,0,382.96869169204683,387.8303701922656,757679293.8144015,1997412.693769006,UDP-lag
17,-84016,1,0,237.32812154296607,231.4185691939131,463617493.3730348,1002782.0645486076,DrDoS_SNMP
6,113272810,21,23,553.1974405400854,-2.3701182366029157,-862083.8064652209,1873.490048186659,Syn
17,21946,2,0,1468.6433911660904,1471.4759112310535,1282955211.3647332,1002211.9706348692,DrDoS_SSDP
17,107176,3,0,382.77857073796895,332.7052437791555,-1167316.021159929,9820.782799784916,DrDoS_UDP
17,-142810,3,0,388.9660574551819,386.12037874111115,778567934.5969225,2000741.6497075695,UDP-lag
0,113032215,218,0,-1.7106179777229806,-0.2856578736935395,-2891412.8167097345,-4996.853375735851,BENIGN
17,16499,4,0,1463.8726498172543,1477.3502421014107,2931007140.322532,995471.3197690815,DrDoS_MSSQL
17,-3160,2,0,1470.9284776480506,1469.6244838221621,2941598008.8313975,1996730.8198089015,DrDoS_MSSQL
6,-81231,1,0,-4.068622525073553,-2.5797100296620155,409540.37622967106,2001096.3756094542,Syn
17,75486,199,0,438.5925094635561,682.7151118533832,962523.3098461062,10055.433500663037,DrDoS_DNS
17,-13362,3,0,228.75439990266705,230.6156390385059,452316758.3114048,2007285.7169179902,DrDoS_SNMP
17,26663,1,0,613.572315452727,396.81685564086933,780406980.6478459,2001463.2367107747,UDP-lag
6,114264839,26,2,-0.5815444976510804,-2.381856938662856,-4681659.261266501,7135.844008709913,Syn
17,84467,196,0,434.6097350438431,438.4890836757581,132679923.39160486,4092.6087968089487,DrDoS_DNS
6,111323017,18,5,-3.8660327512840276,-5.145586152473915,-4401737.464826337,5399.504166988433,Syn
17,72441,2,0,382.52605217481016,746.7859284975739,955220154.2030375,13090.884352011988,DrDoS_UDP
6,115186,2,0,-4.657969479294703,-0.5834026958044393,-8040026.139596234,2003621.0809710682,TFTP
6,11295930,3,0,2.9004904304105654,5.151888622937718,-803716.279631017,3940.206132178111,TFTP
17,3720,2,0,396.72435878644865,399.9079048873654,778377520.7467903,2000962.8376547806,UDP-lag
6,18813,1,0,0.8793060848102845,-0.28877464195385955,-2321402.162518097,1998100.610721398,TFTP
17,2021,1,0,435.37017182369897,475.4047180292066,439145248.9539043,2000253.8213445554,DrDoS_DNS
6,20158,1,0,-2.7579965585587987,-2.168341547683007,-4385443.109680952,1998573.3365960384,Syn
17,-44301,5,0,1474.5955247687414,1474.12280590725,2932073826.708958,1997993.2186125366,DrDoS_MSSQL
6,-31130,4,0,3.5675776786138864,-0.434495979825833,2000918.9995364372,2003887.3086326546,Syn
6,144865,6,2,1.5447846923605308,5.185063475528692,-5179062.812218631,3699.991094926152,DrDoS_NTP
17,-631,198,0,447.76621002287084,1476.0542944820775,946320217.3124467,658957.9991340945,DrDoS_DNS
17,-50754,0,0,1468.0803564709904,1476.5432302919044,2919683480.030051,668432.0287374868,DrDoS_LDAP
17,91635,2,0,393.4629667272864,804.5550525608166,1950351.14303438,14950.817132451712,DrDoS_UDP
0,114413239,44,0,8.45330891187043,2.5630899504727305,-4156517.9420733405,-17684.67422468763,BENIGN
6,-114078,-1,0,3.4065232344563277,3.05296823694324,1603195.3521931896,11136.914461017102,BENIGN
6,57002,2,0,2.5257307553471895,1.0088538388275516,-1914961.559268148,1999045.3556190173,TFTP
0,-8194,5,3,-5.703489380503631,-3.753357364316591,-2451671.1082929624,23126.30772993079,DrDoS_LDAP
17,-4436,2,0,217.4478339201297,222.46310278395075,417270131.6925206,1995544.328615413,DrDoS_SNMP
6,3401636,32,33,0.9716852997604278,1.038453675781463,1359249.8618812815,605.479780261041,BENIGN
17,113040,4,0,399.0275581949446,333.0386171079393,6395003.611064304,11121.424916269458,DrDoS_UDP
17,49750,197,0,438.65748606395283,431.7391526211226,2686105.169254109,2256.531652215299,DrDoS_DNS
17,64240,6,0,393.22885585994766,333.3962578623918,-5351559.004534935,1581.0191210642533,DrDoS_UDP
17,205440,7,0,382.53381476529745,328.410860955575,-2189626.0211030543,-6434.89670086174,UDP-lag
6,173500,4,2,41.55774991524287,5.845415540522049,188630.72466999595,13727.719982059665,BENIGN
6,2281912,4,25,995.8357223545702,4.513647076868024,6303675.876385275,10028.742522857534,BENIGN
17,43594,1,0,441.9206276130331,439.34940844006945,913988098.3568538,1999914.3395445524,DrDoS_NetBIOS
17,160231,3,2,1477.314174968563,1481.7484157952792,6586681.317262547,7141.951146202149,DrDoS_SSDP
17,-31524,2,0,389.93090579108684,392.3282148217756,790135814.0468771,2005541.0310290414,UDP-lag
0,106995688,43,0,0.2145787309978674,1.8745860482657883,1341289.1697573087,-5472.293553040572,BENIGN
17,-20582,2,0,384.70286401800587,393.7218338274057,746068446.2747185,2004415.726275872,UDP-lag
17,64960,4,0,230.67833480656597,230.42369691263195,11455492.291983126,27400.563575397926,DrDoS_SNMP
17,-11737,2,0,548.4517239051089,537.1287151839646,4799673.128841684,16054.754786932186,DrDoS_NetBIOS
17,6522,5,0,1472.0940196360361,1473.5160510613205,1472146562.9059415,996703.5361662682,DrDoS_SSDP
17,2475,1,0,1468.1526789975264,46.537367767693084,159527819.64697242,998973.4461715764,DrDoS_LDAP
6,24340,2,0,864.5019391483823,-1.5204646339870276,-9735403.543671504,1997278.5652360008,Syn
6,94119,0,0,1.5227742295607274,3.549910681718944,-2028696.179656787,2000760.2205230857,TFTP
17,-22654,2,0,1468.3815916951005,1467.549018878542,2936666775.0308995,435348.0433889144,DrDoS_MSSQL
6,121610276,3,2,1.0201590896553676,0.8980889963298357,-4740967.342601717,2832.7510044462815,Syn
6,31195,1,0,-3.7426929636318653,-0.2574213807824879,442276770.5655084,1995196.3151309928,TFTP
6,46691,0,2,3.408639956244363,4.808888967521018,1453005.2611051034,23849.402742603223,BENIGN
6,5747744,46,6,573.8623970749072,0.557278161002076,-4751287.673496383,-15935.699085405497,DrDoS_NTP
17,104260,6,0,437.00335987379776,453.2806470499133,2196848.3932400397,4478.256813576013,DrDoS_DNS
17,44780,2,0,394.9489055736136,398.8514854969206,783635810.2261425,2001656.3988560184,DrDoS_UDP
0,106855247,31,0,-2.7653102591731167,-0.43781669638736975,1215924.7374088308,-1015.0366929992324,BENIGN
17,-19600,2,0,391.310299509358,399.25811745171245,764943126.0759243,1999773.9843412174,UDP-lag
17,9760,0,1,5.638647588479936,1.4030220536580404,299741.5764773658,13534.964411502304,BENIGN
6,102086,2,1,-4.300146488785544,0.24023395626124422,-802603.5317189319,17000.622720500905,BENIGN
17,-81395,3,0,393.12737366274195,389.0437906563273,764147777.2072035,2006037.3440920624,UDP-lag
17,90934,5,0,1480.338075193033,1479.5545393635875,1475409629.47035,667144.3967613801,DrDoS_LDAP
6,110427431,20,1,-3.050295756761851,-5.647981973421058,-305946.19695196627,8967.776333312318,BENIGN
17,69506,2,2,1470.7315217040964,40.87878356686806,3219064.5793138435,8551.499934813184,DrDoS_DNS
17,-30125,4,0,1413.3453349271342,1422.3550532322192,1481633694.7356377,1004974.0890607312,DrDoS_SSDP
6,6716,3,0,-1.8415510925043104,-4.702190372914034,1417089.3858216316,1992736.827447917,Syn
17,-87930,4,0,1478.7707668204034,1476.811478255595,2945670735.3695545,2002636.0640809387,DrDoS_MSSQL
17,18782,1,0,380.9698040754486,390.34093506005354,989518023.485113,6300.945555753943,UDP-lag
6,117880752,34,31,827.1071750568185,-1.0583917050062235,-4782816.6494349865,-3401.774982572322,BENIGN
6,-22056,0,2,-0.19514430787848114,1.5662276149134344,3307203.5819167383,23360.054381924532,BENIGN
17,188147,2,0,381.2434674610559,326.05944189947286,1418845.5103232178,8033.306329856421,UDP-lag
17,-56068,3,0,1468.1467588142652,1472.917706486117,2928427455.0470514,2000262.7883373164,DrDoS_MSSQL
17,34601,4,0,1411.0383472157173,1371.7464219135318,2613691056.3716288,1997511.2299084216,DrDoS_MSSQL
0,79045661,40,0,3.869898079956649,-0.2642174073818499,-2346966.5090140672,-11291.264482023213,BENIGN
0,117858810,224,3,-1.495162959042109,1.0502405153948648,-908683.1282670714,-4465.043531043337,BENIGN
17,-26465,2,0,1471.9992614509688,1469.4942833157863,163752685.14431193,2002709.2501865742,DrDoS_LDAP
0,104218183,30,0,0.8374641482213381,-1.5787293327472756,4553476.277624593,-3914.0041010331697,BENIGN
17,20131,2,0,383.42954912664663,525.6794691064728,1069592041.80419,5290.755883670606,DrDoS_NetBIOS
6,139942,4,2,-2.282049433327528,2.8366458179608602,1163104.45889157,23552.925459361504,DrDoS_NTP
17,100821,3,0,1464.2920682681079,1468.1627191880802,1470016921.6207743,1000737.8621047128,DrDoS_DNS
6,41677,1,1,-4.52524607576002,0.430321228782989,-2145101.878195988,15999.298778962115,BENIGN
17,-141175,3,0,228.9522565346722,222.04682982085245,415595345.2233517,1999562.1941456357,DrDoS_SNMP
6,115387489,32,0,-4.907276040209476,-2.2284579376664015,-5822209.363133507,-9898.159108410011,Syn
17,35419,4,0,1370.2967224063539,1358.3080889694286,1462312770.3279073,1003649.6249273703,DrDoS_SSDP
17,-11035,2,0,1478.4406386155715,1480.2462252076696,2955173300.1116138,1998661.2827795846,DrDoS_LDAP
17,29092,3,0,393.03467380979197,401.33476359207594,789912795.5805415,2005405.1073131233,UDP-lag
17,19508,4,0,1472.451918412745,1474.5417378149184,2934161732.911107,2000890.03412383,DrDoS_MSSQL
17,27008,3,0,558.9914100711753,448.92430484026585,32904208.017964214,18398.63713649758,DrDoS_NetBIOS
17,68021,5,0,384.23447632899104,327.9239010625219,-2480921.4406359354,2114.989521939893,DrDoS_UDP
6,3636665,33,7,541.1013152183648,2.8084985178500155,-4999028.225893646,399.8567433150056,DrDoS_NTP
17,-123723,1,0,233.24164494770724,231.39849250477403,2920393092.6611857,1995292.4588097588,DrDoS_MSSQL
6,39256,3,2,-5.814293751590721,-0.18781215459547046,-1000866.0589050676,20603.792258443686,DrDoS_NTP
6,97546,5,2,0.8281573508111311,-0.5774236243508899,-866608.3460397238,10919.166017192094,TFTP
17,56883,1,0,1463.0836377672435,1464.8283869158665,2941196360.4870934,1998815.946406582,DrDoS_LDAP
17,-80705,2,0,387.23416618686116,1473.3910595062584,773681533.0386095,1994523.1284956927,DrDoS_MSSQL
6,-89796,7,0,-2.6601418296112493,-4.199127044558893,-4359090.404574973,1999194.8082038965,Syn
17,38377,2,0,389.12597655249294,330.7605535465617,1031693.2554413625,16996.868746913548,DrDoS_UDP
17,-54782,2,0,1469.1199188667927,1474.4930100677857,2926644743.6584864,1997694.281878273,DrDoS_MSSQL
17,-26286,2,0,1479.076776293021,1474.736416624348,1452895066.488385,1001994.5581032459,DrDoS_SSDP
6,157935,3,2,-3.2881512117341805,-0.7355220678366398,-10060961.023026923,28791.37498238205,Syn
6,27623,2,0,1.9670044808874145,3.3829612360757233,402166.726891365,1995487.2012416115,Syn
17,-55321,1,0,442.1338114393826,435.8930792776329,953252568.6739738,2001301.640358951,DrDoS_NetBIOS
6,63482,3,0,-3.0261959770275926,-2.4591552260617253,400909.9028866951,2002070.3645056847,TFTP
17,-86963,1,0,585.9217039689786,440.7514817352739,950719630.6131593,2000442.9135689568,DrDoS_NetBIOS
17,42472,2,0,1384.7218737621022,230.94029120697928,590789581.2039008,1995915.3988756936,DrDoS_SNMP
17,66811,3,0,1463.6502578970726,1468.4990738022564,152073936.68959042,13991.319675856086,DrDoS_LDAP
17,38881,3,0,1466.9401764281638,1468.8170429351362,934809715.4665917,661834.3877458866,DrDoS_DNS
17,87109,5,0,30.332646995163742,334.79448682802956,5388159.344193326,11737.52590635815,DrDoS_UDP
17,17108,3,0,1472.6330750996428,1471.3093061285563,157783540.64021122,1999809.5551710967,DrDoS_MSSQL
17,-1824,2,0,1474.7209246217556,1476.0067636430988,2949110341.4694824,1998264.1104772948,DrDoS_LDAP
17,-43713,2,0,223.51150291901462,227.83771966144297,418079482.83419764,1997598.7187287312,DrDoS_SNMP
6,105724,2,2,-1.8165839370281973,6.649051523266599,-2640065.463276486,28036.095132774793,Syn
6,12378434,5,0,-4.408650307296867,1.3395978944550744,1685432.0833921256,8353.643580452197,TFTP
6,112697,3,2,0.38572887766203134,2.719344227686219,-778168.4411549701,584786.3447366143,TFTP
17,198621,5,0,385.2075891908943,330.0485450895319,382249.39821892907,-2343.169446831209,DrDoS_UDP
6,122434096,36,3,-8.045939854541231,-0.7585502987852571,-7211418.02435938,17854.2231811019,Syn
6,79265,4,0,1.280412980122323,2.62975304772687,1643294.4398328129,1997730.5058196336,TFTP
17,75062,3,2,63.55045329678035,56.704662371794484,859639.5921388234,5257.22192638192,BENIGN
17,76999,1,0,1465.4925779482412,1469.8887046642267,2942756249.653548,1999988.3182091431,DrDoS_LDAP
6,6286270,45,9,557.6360055812216,8.173520699783783,2771723.947482003,-9405.302803797535,DrDoS_NTP
17,-4110,1,0,1470.3920714840797,1479.3944136646792,2921572236.5360775,1997168.572856095,DrDoS_MSSQL
6,83099,4,2,-5.308492312415007,-0.8918995107903641,-3301090.065557059,16639.593262519746,Syn
6,114611,4,0,5.377400757112354,0.9639559427141415,-6879104.335874261,1997939.5120580767,Syn
0,87382050,35,0,5.8834335611581166,5.918839584825098,1023568.6925138496,9279.25269021413,BENIGN
17,-36070,2,0,731.4818575848528,583.8530269134046,2606821828.340168,1998670.7485237345,DrDoS_NetBIOS
17,-49231,0,0,733.4831706355822,445.2586539468095,425166567.0019396,1993881.9263666351,DrDoS_NetBIOS
17,-5701,1,0,1474.7463585025944,1472.112973354922,2942676245.700276,1997357.4703146166,DrDoS_LDAP
6,-41706,3,0,-6.991751288851148,-1.7387262770771243,-8262954.735413718,2000688.7708517334,Syn
6,-22389,2,1,2.093365593016586,2.17428392711471,4141329.5363659365,17582.693073718587,BENIGN
6,131997,4,2,7.063661171317597,2.6307925975595503,-6547213.682176127,21227.144770434366,TFTP
6,115103488,4,0,-0.8789446970626782,1.1861542970585168,2378148.6615316053,2002714.9091225776,Syn
17,74949,4,0,1473.143938683367,1476.6991802804177,1469207373.7571952,995120.8277968137,DrDoS_SSDP
17,-17045,1,0,231.4044337323951,225.68856044875267,2554280869.9538927,2002092.340744794,DrDoS_SNMP
17,-47315,4,0,1468.670178182341,1468.9826309914265,116900998.53200191,16037.993006097426,DrDoS_DNS
17,41929,2,0,1470.8686038431997,1473.415370239211,165680905.4311007,1001871.3903081277,DrDoS_SSDP
6,3853712,30,27,522.8832927180339,0.756597732135649,-1580144.2886394963,-8837.12330792188,BENIGN
6,-12118,11,2,1.6910628275009731,-3.8087848246097225,-2119561.4213548666,2126.429323296574,BENIGN
6,117668190,18,2,-2.3105980151332473,2.8130247758078926,-102162.07263025199,5918.224772083422,Syn
17,-21515,2,0,1369.6087918013861,1383.9707155568412,1482132350.0986512,1005996.7793113423,DrDoS_SSDP
17,-56090,3,0,385.49071675891497,390.9017668479655,781425987.9835933,2003660.7174863487,UDP-lag
17,-12229,3,0,1484.0880629297374,1482.913937316815,2940607640.262261,1997097.1381295696,DrDoS_MSSQL
17,61582,3,0,1473.9094479914547,1474.0679208757529,2915593341.41548,1998183.0090244648,DrDoS_MSSQL
6,153670,3,2,-3.105716616409163,2.474194828470328,-152610.71572826756,23233.282116344995,BENIGN
6,123043648,36,36,-1.9468650345630638,0.08980347749705256,-3923078.9718147535,-13399.937284964592,BENIGN
17,-28019,3,0,235.467587653475,235.52367052218176,155325534.228537,2005065.5345638639,DrDoS_SNMP
17,54647,2,0,1057.7537981968364,693.8326327892381,4707008.647183478,997958.4483181376,DrDoS_SSDP
17,79772,3,0,1418.0298462260832,1390.971235617812,2626250001.6147437,1996371.8275454435,DrDoS_MSSQL
6,79499,2,2,2.0519144181119855,4.581351715853608,4595815.725016895,17780.85956405133,BENIGN
0,112258932,48,0,-3.358799711659784,4.452060222952687,6309957.51349506,-1174.2571511991137,BENIGN
17,146050,6,0,390.04591173959665,333.1121455061445,1753431.4023469065,-5534.971051123928,DrDoS_UDP
17,-29224,2,0,1472.394327853033,1476.7501853151296,2948096846.8832507,2002101.4461382474,DrDoS_MSSQL
17,8150729,213,0,388.60152480495896,325.53181627962533,1460936.7691146585,-12295.465122398717,UDP-lag
17,11901,1,1,1466.1173103805518,1472.820098889653,182876920.01210436,14486.3925574883,DrDoS_SSDP
17,43656,4,0,379.41972866293537,1471.6966334063195,975654.4331087363,10262.783383507209,DrDoS_UDP
17,-16624,2,0,1473.181098682587,388.4329586973127,2932710113.744043,1998324.9052600816,DrDoS_LDAP
17,-45724,0,0,220.77677646556077,222.15482589753415,1658970.1133128104,18079.023825269767,DrDoS_SNMP
17,66642,3,0,439.28939622069066,433.487600241925,4058570.403508057,7033.109302311837,DrDoS_DNS
0,109700402,44,32,-4.39258621268231,-2.545432329122084,1148152.7224804165,-9851.991008629466,BENIGN
17,30661,2,0,1472.0622475014407,1475.0739766374654,2958541521.943741,2001201.4024417903,DrDoS_MSSQL
6,116533327,13,2,2.233360013499835,1.5360722595264749,1473110.251069069,17136.44263996038,Syn
17,-15337,1,0,449.1613227350577,450.24307618015547,914605929.3581524,1997525.568181477,DrDoS_NetBIOS
17,-1549,2,0,1477.7566692416494,1474.293449348727,2599714370.26621,997965.4502206903,DrDoS_MSSQL
17,32603,3,0,383.47005623869836,398.1957889259819,429684202.6826543,2000155.866136972,DrDoS_SNMP
6,-85293,4,0,4.351752527519834,-1.481500106316639,2097890.195433081,1998651.0625793464,TFTP
6,103431,2,2,-1.1332256026834986,-3.277387842948268,-139363.09684536373,29132.516465831777,DrDoS_NTP
0,118340586,48,0,1.922446492913884,2.6110353963644144,-1698995.8583582698,-9195.329777765342,BENIGN
17,-28355,3,0,1467.6377269419186,1469.4695552167445,2925255263.3257084,1996866.4214380332,DrDoS_MSSQL
6,55568,1,1,21.357968794329285,3.0630501218757704,-803683.8004373459,30344.20211405265,DrDoS_NTP
17,-59592,189,0,434.5783514600452,436.07105405968656,182153.94397509913,-1625.8128159378575,DrDoS_DNS
17,134392,5,0,390.3310060192332,330.4480963995516,-521284.99573938036,5681.584961522624,DrDoS_UDP
6,80605,6,7,442.27085768263356,5.776106316421087,-4446563.046861439,13553.328850291668,DrDoS_NTP
6,93906,1,1,-0.6160168325748215,0.8090904062527524,-1634862.8720128683,10516.496329111143,BENIGN
6,12519058,3,0,1.993638118234114,2.38040339798413,-6501080.342855372,13319.94431236551,TFTP
17,-70172,1,0,535.6436377823004,436.182712559102,773036783.4226197,2002126.0440349637,DrDoS_NetBIOS
17,42181,3,0,1473.163007043418,1475.9054717771248,1467918253.0345252,998740.7427204076,DrDoS_SSDP
17,121039,182,0,15.442249852186222,36.7322047293115,380309.3703490478,5820.431738762306,BENIGN
17,21405,2,0,495.5867934491972,519.3117947666011,2552313837.9264717,1993767.5510297392,DrDoS_NetBIOS
6,5221333,6,7,514.8063217396212,4.898384536339699,3218081.882387986,18116.346985744094,DrDoS_NTP
17,52308,4,0,1463.590042507907,1470.6331788644377,2919512205.689592,1995575.3602601062,DrDoS_LDAP
6,111543707,13,0,-6.971433378910957,-1.76908690869781,-32760.209486800944,-3454.332922932952,Syn
17,26322,1,0,445.1941793539357,603.8081490741297,1264541396.9947636,2001984.468726621,DrDoS_NetBIOS
6,-15940,0,0,1471.4915172443814,1469.4350357765845,2945359193.5062323,2000771.7925859843,DrDoS_LDAP
6,104669,2,0,2.9346734986165384,-3.53912754564675,5460050.8314797245,998772.6394831262,Syn
6,-3323,23,22,5.68861075941071,3.786699860500585,6526708.620360976,16992.04517962099,TFTP
17,-43808,141,0,435.9789113438239,419.30465265981593,5515156.480946263,7563.546925274573,DrDoS_DNS
17,-67399,4,0,231.9554580291415,225.268518366603,418461658.0040135,2000181.7871178945,DrDoS_SNMP
0,-76238,8,0,4.093129528991936,-1.79551232298829,959065.9869173544,1335.5456331179994,BENIGN
6,14166260,5,0,-3.1315237427735503,3.241813519087791,-4823834.918387225,20488.07053603654,TFTP
17,5642676,209,0,802.3008973353056,331.89338741660276,3972905.859143626,-8585.331016126504,DrDoS_NetBIOS
17,36992,1,0,1472.6463193945162,1352.7915135192604,1473492298.574531,1000945.5100788656,DrDoS_SSDP
6,4045158,21,2,2.038655561916562,-0.9746775116887729,1370955.2475227776,13845.407920324993,TFTP
17,100572,0,2,24.496811946699026,46.32016989476925,-1439125.5350288644,12845.609247131466,BENIGN
6,2673355,5,5,592.306434965428,5.648085212287376,2049679.5969386082,-1725.2526885950283,DrDoS_NTP
17,27208,3,0,1468.2946508743241,1476.0865846515217,2920786342.5215797,1998816.4267023979,DrDoS_MSSQL
0,112510513,45,0,1047.8078895745707,1.1348364558984767,1501386.1656608107,-2874.3081965531837,DrDoS_DNS
17,13622,2,0,739.6342361759016,556.1659860436177,885159091.580476,2002328.3395307937,DrDoS_NetBIOS
0,93345706,35,0,4.809269524937181,3.4149648521935143,-1158714.9401451095,2248.609035342776,BENIGN
0,111838631,36,0,-4.77157739115513,1.0282173080336867,-2019509.667886629,54.1377222262945,BENIGN
17,39778,4,0,1177.9816738080208,1477.299156843403,955440872.4933693,1999294.1097503514,DrDoS_MSSQL
6,68674,0,0,-7.677313531221599,-1.613055945467965,1409705.6056088018,25138.019437851457,BENIGN
6,60239,1,2,-2.483340750603173,1.9288427147299052,3135291.8808749644,25724.301171899755,DrDoS_NTP
17,-14929,0,0,1045.8740679689763,613.2531604510422,937967849.124879,1003318.343542102,DrDoS_NetBIOS
17,47389,1,0,387.02685718680345,325.40825143298747,5549375.593074691,12506.946974468994,UDP-lag
17,-42835,2,0,1466.5407980221166,1469.2828278827674,2937619632.924548,2002167.2623828698,DrDoS_MSSQL
6,109979426,19,0,-3.2010675603269605,-1.7417126866294501,-5222515.678580738,-1470.2874228167348,Syn
17,34053,1,0,1470.9991609354443,1476.4226892266656,2926272489.636724,1999458.8490250374,DrDoS_LDAP
17,-21702,2,0,920.834567739538,452.27536620089745,780498546.6275721,1998588.3714783955,DrDoS_NetBIOS
6,18047,1,0,1.4221223866417871,0.7218089435712092,-172432.95552171255,1997497.8426932292,TFTP
17,42904,207,0,441.1005180996946,637.015284722451,3600911.4539547116,-21.995172262955748,BENIGN
6,39162,13,0,-3.3798594928132655,-2.3654760058725612,-1273339.9199172694,1996999.0207029763,Syn
6,16509,1,2,5.309416833525562,3.2990803872283583,1512154.4611367767,21544.011328065026,BENIGN
17,-34210,0,0,378.5489241046752,393.1959254332581,774684187.4271066,2001410.4645944997,UDP-lag
17,70445,5,0,395.9909163639967,332.93996814672147,3847237.9535233974,21112.490331594825,UDP-lag
6,-86968,3,0,-3.8570929485170082,-1.986679937769485,-1785997.9549711428,1995643.042031396,TFTP
6,109757338,18,1,3.3220168518897872,0.2642673214583433,4318181.966980449,920.9729610931281,Syn
0,102759182,39,0,3.012674502488963,0.627065662128464,1653041.3519053361,11288.059616687973,BENIGN
6,-116682,0,0,-3.1551135012062232,-0.41932495954305515,2277008.855075396,2002798.0634277498,Syn
6,354,1,0,2.244095197957599,-1.3305950732336531,-2030928.3860581613,2000987.9371694583,Syn
6,-16138,2,0,-1.9406395249046247,0.12309780078689292,831014.0145336089,1999942.7112445782,TFTP
17,-123625,1,0,1368.3486868930313,1363.463697087279,1178079136.8781552,995784.879937262,DrDoS_NetBIOS
17,-56071,1,0,442.04290311453514,444.88023524915315,946242358.4193511,1998570.5015881439,DrDoS_NetBIOS
17,78204,4,0,1473.0213053908126,1479.3266911491,2917204211.356226,1996462.0291095034,DrDoS_LDAP
0,115714153,50,12,-0.9252575657486538,-1.8249187244400165,-1689776.867394441,-9321.53028429081,DrDoS_NetBIOS
17,12337,160,0,437.0032874948568,432.28506564910487,933351974.9131459,653183.7675752342,DrDoS_DNS
17,43521,1,0,395.29490265154556,398.76954003599405,788175872.9052848,2000585.4584873614,UDP-lag
6,-13500,3,0,0.7287031970019766,1.0573697423930135,-2634643.048471993,1994679.7518275336,TFTP
17,188891,5,0,388.76471859877637,335.57269051993353,4590284.867284774,-3851.334688431387,UDP-lag
17,-65930,1,0,1471.6498440878838,1469.4320325267333,439538628.64821875,1997700.2394531448,DrDoS_MSSQL
17,10231,4,0,1475.8327078143259,1465.2950013255331,2924489841.589993,1997383.181858606,DrDoS_LDAP
0,102847165,39,0,5.7656043317630274,5.7670883267505735,-1591062.9345977341,-7930.834384186292,BENIGN
0,115242313,8,3,0.5212246277285318,1.1642138641570836,-3734869.8287620796,9216.93579017056,DrDoS_NTP
17,-127579,3,0,403.9869946262698,388.5464945596061,787862144.3774292,2002358.5994555466,DrDoS_UDP
0,-173585,6,2,1.2936616504429646,4.623308628772614,7414301.098688692,27652.802878817398,BENIGN
6,49349,-1,2,4.174157435320417,-1.005947334434145,-5236549.911323577,21340.688033092047,BENIGN
17,-606,198,0,446.04946779834904,455.13787786539353,-926157.202885045,16138.386388045787,DrDoS_DNS
6,178035,2,2,30.554957371240086,48.379614224796256,978690.4324476907,8452.20343507033,BENIGN
17,52009,4,0,741.2716375266239,1356.640598026263,2611327114.4663243,1999888.3463115117,DrDoS_MSSQL
6,2633802,3,0,0.5445986638845712,0.06741099596633121,2278410.8959707757,-918.1922599269237,BENIGN
17,47190,2,0,1472.0570043894984,1474.903322948487,1465319746.8459234,2001974.1591150907,DrDoS_MSSQL
17,8610,2,0,1469.6437817018336,1474.415560331168,2937061347.646942,1994070.666131466,DrDoS_MSSQL
17,-1616,-1,0,225.244367153277,225.38788427601582,432510362.2763542,2002583.2513817286,DrDoS_SNMP
17,7823,2,0,1472.7024771041183,1476.9602959831898,2925985154.251258,1996664.6662749965,DrDoS_MSSQL
17,49171,4,0,379.7793344037771,388.3056599522624,2624054.3408037843,18286.757172906295,UDP-lag
17,42415,3,0,377.561009948508,323.03613662066425,-1595993.3298815775,3080.8389906125312,DrDoS_UDP
17,-78635,2,0,225.2090045673663,225.2263571027326,996690592.4598233,8710.50511706619,DrDoS_SNMP
17,43387,1,2,47.69292452232658,35.898588951300646,-2499025.7726649744,994953.1471123473,BENIGN
17,-23674,2,0,228.71657680182116,231.16046398760136,450356217.58705485,999018.6739073736,DrDoS_SNMP
6,114654222,27,2,-4.891658183918703,-1.3671124426115253,-1965715.5336289776,-55.521044070068456,Syn
17,48165,2,0,447.02855085822836,558.8673174105684,941241351.4743693,1996300.0764008593,DrDoS_NetBIOS
17,-101114,201,0,439.61991634210847,433.04098893806537,-2339474.0153534664,5547.420255647978,DrDoS_DNS
17,129496,202,0,432.67777572601284,459.9804546364405,4782236.365032969,-3322.4587184809934,DrDoS_DNS
6,105761,3,2,-0.7864337326726459,1.4700558654043538,-3768698.653720281,29759.38385216902,DrDoS_NTP
17,-4827,18,25,51.30665336959312,37.97644842260332,232256.32128935168,-571.7374600150888,BENIGN
17,90083,4,0,388.16799740259063,337.7977123594182,-4947069.568713026,371.9733825768926,DrDoS_UDP
17,17885,2,0,1411.8668658891863,1383.5277767770829,2644886767.1278563,1995936.5326646045,DrDoS_MSSQL
17,27983,5,0,1471.2202085401814,504.9860651270308,440995829.4873919,672538.0583027388,DrDoS_MSSQL
6,21505,2,0,0.7662607606409431,-0.6200401877438801,-1413173.0487473735,2001109.2871668802,TFTP
6,96328,4,5,5.288666751469619,-0.9404937623738734,2066267.4056251557,10152.484916649226,BENIGN
6,117076,2,0,-0.6153410482872002,1.650432589954106,-1214730.2754575193,21289.55429255702,TFTP
6,28914,3,0,-0.25414547219656963,1.3596496753451857,-4288291.130834413,1997503.4890034306,TFTP
17,-60859,4,0,230.44301871370672,235.787163615021,261747968.24730107,38779.9513688354,DrDoS_SNMP
6,86676,4,0,-0.20078276555729585,1.9821104034577366,2076931.720707335,15107.422803664398,DrDoS_NTP
17,-60920,1,0,225.88984710900957,231.4736666940679,9263292.204518566,25395.034950742844,DrDoS_SNMP
17,36759,-1,0,565.6005183150933,601.8552426657418,924374629.4176115,1998882.4468279562,DrDoS_NetBIOS
17,-54525,2,2,441.75557475110594,1472.2868978267322,934990100.5629616,1003529.9098308296,DrDoS_NetBIOS
17,-21105,3,0,1476.971915165172,1472.692348707236,1470099423.3977556,996847.2738915543,DrDoS_SSDP
17,47462,3,0,384.5681449340975,327.8297964159254,793103285.556629,675647.4386682499,DrDoS_UDP
6,70322,2,2,-0.2176346587669733,4.7950536813510105,1455425.5901501903,33270.157704507714,TFTP
17,12956,2,0,1468.8392218324057,1476.7125102301345,2919326899.1534076,1998173.3144698618,DrDoS_MSSQL
17,-16729,3,0,1475.6397740722182,1475.4483925210434,2941247294.621011,1995325.680129261,DrDoS_MSSQL
17,125376,6,0,389.3736205378836,334.48408947174084,3674133.5144892596,24930.596803721077,DrDoS_SNMP
17,97134,1,2,39.8471318983274,44.49240976393345,3121192.5555332396,18572.264190256952,BENIGN
17,7818,0,0,1470.9875860605036,1478.8788530897089,1253363470.3197348,992226.5551495044,DrDoS_SSDP
17,37562,2,0,1464.1587012619932,1472.7741360647694,1466072119.0211685,996990.2317570199,DrDoS_SSDP
17,182342,7,0,382.6581172110712,327.727560166358,-394751.023025112,-827.735357297106,DrDoS_UDP
6,122457216,25,10,1.9012398653989615,1.643305576176806,-7344537.6233308045,-230.73342975210107,Syn
17,45628,3,0,230.30670327079739,228.49709388545162,431734146.102997,1997232.1236710963,DrDoS_SNMP
17,-6086,1,0,1472.6233887566336,1471.9025756836284,932830137.9253604,681803.6007974739,DrDoS_MSSQL
6,12857754,5,0,-3.968705884045128,-1.0581562183079112,-2495306.770778125,9081.652039207882,TFTP
17,27014,214,0,389.68570673051596,643.193981561099,10130614.44491865,17569.960750379058,DrDoS_DNS
6,38503,3,2,2.651228978369827,-0.44678970234413085,2031355.0908714822,19554.715462736087,Syn
17,-88729,3,0,1470.142220008843,1475.7303876541473,1469365719.5493796,995084.1202700685,DrDoS_MSSQL
6,80263,2,0,3.671877156048516,-1.0400292755899998,7535074.846141982,1999035.5543892707,TFTP
6,81148,2,2,3.577914158830183,2.2261341585499284,3143648.965302621,5590.3454997834415,Syn
17,176208,5,0,396.3360761361188,334.3950526224903,2662457.766242435,1713.4616193638976,UDP-lag
17,97220,3,0,395.1677698189145,396.03049135287415,441083737.9385544,2001425.6439005719,UDP-lag
17,168832,2,2,50.816527669784676,53.1650930889381,1290722.0136717472,5432.0404336044785,BENIGN
0,118007262,47,41,3.654598517126617,2.75504060279023,-1684323.8523578944,-18341.82289458371,BENIGN
6,78964,1,0,4.191942942773135,2.254737603477711,-3884797.544669683,2001265.3879451186,TFTP
6,153458,1,2,0.420730847759334,0.922912038725786,2474254.7969207903,20173.063639167616,BENIGN
17,63135,3,0,444.22071259985734,449.45350615231473,960016054.0515777,2006351.3818008916,DrDoS_NetBIOS
17,47334,2,0,383.12336765042346,725.4564359343899,433732130.08006006,1998155.9670043779,DrDoS_MSSQL
6,25557,1,2,37.7746716998601,44.211181567112625,-1144131.2453407485,9828.439895217934,BENIGN
0,111461890,40,0,3.0827331917605214,0.48149822610126386,211440.64764652145,-10646.179350633713,BENIGN
17,57547,3,0,385.4371080100883,387.5571330869063,776484242.2158357,2003724.865836756,UDP-lag
17,-19105,2,0,1472.6211295500086,1465.988633023723,1454795379.2879155,656076.46473702,DrDoS_DNS
17,84462,2,0,581.4516204338554,757.3660909406833,1049894715.2906194,1995634.2737983908,DrDoS_MSSQL
17,-65168,1,0,220.08156142095555,221.72118255728026,436101900.91292745,2001625.5966659517,DrDoS_SNMP
17,78615,2,0,1476.9434567302756,1482.6613908674324,1459414542.0333807,995541.6132788103,DrDoS_LDAP
0,105131622,35,0,-1.500976910855189,2.9112160893415013,-1271671.4020010906,9458.560661079973,BENIGN
17,-71555,1,0,439.77035718967926,557.2292894579901,907902835.3671861,446097.17428637604,DrDoS_NetBIOS
6,14000119,5,0,-2.520366162914986,1.911492944513049,1156138.0577073747,9374.105784681946,TFTP
17,-10532,3,0,220.9869923453419,232.0229191031203,429272324.2032095,1998887.3554305818,DrDoS_SNMP
0,102583206,43,35,-4.13082329699244,0.9231678870559071,-911011.6985571056,-15891.106499462847,DrDoS_UDP
6,2483281,34,28,618.9393989869795,4.869109821528475,5291211.635316898,-1936.0908611555042,TFTP
17,-21511,2,0,1474.2652990069328,1469.1314523788433,2917741007.6691236,2001359.8267541064,DrDoS_MSSQL
17,78598,3,5,458.8629472266871,448.0678275831779,2872549.1620788556,17177.58965568423,DrDoS_NetBIOS
6,10811,3,0,0.7387185796418114,-0.12426236744407447,1003225.3428475726,2002693.3141053887,TFTP
6,-133006,1,0,2.9440423207285433,3.173546500684527,-1367370.4066712658,1998952.158905513,Syn
0,114816630,40,0,-0.8592895965458026,1.0743479128293563,649566.6503897163,-10874.425565020374,BENIGN
17,163910,5,0,389.7253089332732,334.18625643504396,-2318280.402002467,-493.6386384348589,DrDoS_UDP
6,71509,2,2,-4.583510249596484,3.2701695259246777,2980310.6976975836,20236.591267884905,BENIGN
6,81871,3,0,-1.4022864551338576,-1.630766470683175,1654570.9440969345,1998117.039080028,Syn
17,21168,2,0,245.0533315039765,238.25030548577993,8728503.759535916,27837.131067438335,DrDoS_SNMP
0,114337880,46,3,4.76993846711221,37.408746175159,1373990.8442270998,-4992.285078647234,BENIGN
6,129786,4,2,44.31337667180776,-1.1872063594752702,-325238.56956932764,12051.053882017255,BENIGN
17,41870,2,0,1476.0541221502895,1472.1970145039777,2920315973.9779506,1995525.8294964153,DrDoS_MSSQL
17,-8644,3,0,1466.4493511625737,1473.1333052767052,2919882066.577678,1994945.4924938988,DrDoS_MSSQL
17,46714,5,0,226.1531796301792,232.81022115547975,439351514.8764129,1998774.413444303,DrDoS_SNMP
0,78795456,5,2,-1.330015854649218,3.9072568773217236,-360928.37179793883,19527.069468635575,DrDoS_NTP
17,152007,4,0,438.7194943777299,39.627818468286975,4391125.941195633,12350.196197738798,DrDoS_NetBIOS
17,71692,3,0,1363.0649286599146,1375.6786706906587,1254710044.0517132,995840.3606199971,DrDoS_SSDP
17,13852,2,0,1411.4413033299559,1397.063978053033,1180560822.0204043,991379.069998005,DrDoS_SSDP
6,33757,3,1,2.5086153329426306,1.1713619035324472,2161886.353109279,26117.998285572517,DrDoS_NTP
17,-60810,1,0,224.37622949785782,226.78188159962897,462029702.82773185,2012485.9498035312,DrDoS_SNMP
17,53268,2,0,1470.7606097987718,1470.1179289717484,963391821.6829572,679920.7340205594,DrDoS_MSSQL
17,20047,4,0,1470.6047032819902,1471.0911305671627,2924567966.8145638,2000015.6862656057,DrDoS_LDAP
6,7665583,6,7,679.7181802726365,2.8428961749599515,818099.0389627425,10607.272969222086,DrDoS_NTP
17,-32090,1,0,388.6826995873385,654.5817447001492,458261416.88831466,2002165.6457648713,DrDoS_UDP
17,82545,4,0,402.23197395579496,398.9884075676554,5586108.219000914,17394.758182781792,DrDoS_UDP
0,87453343,7,0,0.33393499278736144,3.9068182169494916,151522002.9199256,10694.24990224052,BENIGN
17,35470,2,0,452.83743489488444,441.2205310679901,978672301.2110972,2001954.1728569826,DrDoS_NetBIOS
17,-4620,1,0,394.2622138115456,396.70198015523476,3034668.1178057976,663592.5393065806,DrDoS_NetBIOS
17,-30955,2,0,1472.650874211771,1473.0101112797677,2925648025.2560353,998552.5492273483,DrDoS_LDAP
6,-4970,16,0,1.6575049779899533,-1.4760743954058104,5813821.456365355,13677.53715191104,BENIGN
6,108104994,17,0,-4.1602861823202595,-6.508536684666658,3014863.0570899965,-3636.536940037844,Syn
17,63828,2,0,1465.1533196766127,1469.009279033037,2937324328.5919857,1997847.6503298846,DrDoS_LDAP
17,63470,2,0,220.25206115405865,222.889976732941,421305091.074156,1000284.1288042249,DrDoS_SNMP
6,69193,1,1,-3.7455408857167525,-2.0067921395887685,-2045706.9560245473,12272.725733583653,BENIGN
6,10933,3,0,6.3894644250372545,1.1176772439967022,-347257.18128187396,1999687.0505408582,TFTP
17,188357,6,0,394.5892542207822,335.7079715247274,448165.8546680263,-2018.3987534287608,UDP-lag
17,-52641,0,0,939.1616152329356,442.65333952980455,931172187.0687785,2000455.374688012,DrDoS_NetBIOS
17,24899,2,0,441.21289099951207,610.7827673967636,897852962.7612089,2002912.8188270535,DrDoS_NetBIOS
17,-62740,0,0,222.85780479827918,231.51167279038,446340583.53399366,2000967.8004324036,DrDoS_SNMP
17,-112943,2,0,393.6500785117976,387.2489479625137,758612103.8655359,2001780.531618858,UDP-lag
0,109910597,39,2,7.39362870454787,1.0052021350880773,-569053.8369364673,-8660.686549315968,BENIGN
17,105515,4,0,385.5323028795967,394.2918381795201,-290009.2471485033,1995308.0797612325,DrDoS_UDP
17,147400,4,2,38.33478442458747,59.111240963550266,-371588.1236876189,6155.651184494372,BENIGN
0,111874570,224,0,6.618468597344837,4.464335631068462,-1534046.1127432936,-4100.545401467456,BENIGN
17,-11567,0,0,230.91558120152607,228.65915777765838,474584763.7534884,2007757.746698668,DrDoS_SNMP
17,-55443,0,0,1469.8425385738383,1469.499832191358,2917408934.144049,1998550.7669442336,DrDoS_LDAP
6,100035,4,2,1.204847612926942,1.8451151314263194,5984838.100619565,14805.709016035513,Syn
17,79467,2,0,1470.4257921682017,1470.277062200154,1463866305.6393268,998934.0101876986,DrDoS_SSDP
17,3009,0,0,1457.6590617902657,1471.7267639148606,2923054142.5022306,2002381.5196666098,DrDoS_MSSQL
6,25712,1,2,31.388644614275545,2.0956762982616914,-676029.6981760678,11968.81399441937,BENIGN
17,7200,3,0,1381.6665199408376,1402.5375960613871,1472427071.4960222,999062.4418862859,DrDoS_SSDP
0,109808586,216,0,4.032262136586181,48.25495434576236,-781795.5081341153,-5933.495197295637,DrDoS_DNS
17,52280,2,0,518.9569978026659,523.0474608873881,944760999.3006841,1998955.1702881316,DrDoS_NetBIOS
17,-7568,4,0,226.2463145160484,238.73048988063485,475262985.0205379,2004549.5891516956,DrDoS_SNMP
6,54160,1,2,31.323151278177292,56.62503321316845,-3341593.4990261523,16978.506618261774,BENIGN
6,-15084,3,0,2.768230241657635,2.868206347264722,1022512.7496378026,2003668.0430282198,TFTP
17,19214,4,0,386.11493373804456,386.4185161749993,782028379.3224285,2002308.9254276531,DrDoS_UDP
17,-79741,3,0,1467.880728420939,1467.489785393056,183350714.3208539,17077.78709142508,DrDoS_LDAP
6,6161115,48,29,594.097433611872,333.2583506336057,3632303.6683298834,-24507.081138502752,DrDoS_NTP
6,118691579,40,25,532.2223772838664,-6.144280813573931,-6391222.288706348,-24101.769808085093,Syn
17,148750,6,0,385.4942643128594,336.33457594109314,-2947995.330007486,1484.7193029293085,UDP-lag
17,45038,3,0,44.17040440597302,1477.7030869947107,146348014.4090277,1001388.6140876692,DrDoS_SSDP
6,119730388,25,2,0.5616200488380174,-1.4839409569297362,-1498174.5880839785,9265.94218275035,Syn
17,-30883,2,0,1346.4479849719137,1474.4303015082094,1470723434.6761813,996814.8420650284,DrDoS_SSDP
17,-37350,3,0,1474.7651533289984,1478.643761355717,2931239844.3656483,2004313.5763227122,DrDoS_MSSQL
17,82251,2,0,976.1223218373037,235.35197824752274,434051.9002679946,13994.084044252377,DrDoS_SNMP
17,-109,1,0,1465.2378989854387,1476.0457568495492,2928249253.683184,1998603.0186970965,DrDoS_MSSQL
17,29022,1,0,1470.3542739111665,1468.6805971622778,134429920.83143792,2002380.3276878304,DrDoS_LDAP
0,105422454,30,0,2.88003064578591,1.6123660766431174,7402278.428568736,8712.668849688505,DrDoS_NetBIOS
17,-28958,-1,0,804.6947463796728,558.8870781754341,442544634.066448,2003925.6011441923,DrDoS_SNMP
17,17030,3,0,1470.084119721122,1474.571213142143,2930458891.0142245,2002101.8781210454,DrDoS_MSSQL
17,-26081,3,0,1385.2111026639761,1403.0477503005027,2653280119.66537,2000920.5539726198,DrDoS_SSDP
17,17080,0,0,1471.077174117003,1472.7350018819793,849532896.7437901,1998549.1639827148,DrDoS_LDAP
17,127909,4,2,48.68810888140246,48.899055061936075,-1725633.6287839056,17983.59435147269,BENIGN
0,112049070,247,0,-5.139404850866858,-0.6684060349357934,-5159152.798075348,-11804.84503097551,BENIGN
6,478265,30,5,0.11647743415585514,-0.942821074757427,1584940.7032347643,-3030.2875317111775,BENIGN
0,-73267,6,0,-3.4612254731761785,0.4726984323411818,1271471.9847965476,14915.824612040738,BENIGN
17,68269,2,0,388.7144130539496,333.6038969547831,5950541.682641739,2504.1553007255125,UDP-lag
6,-32633,1,0,-1.0825895577150402,-1.1804044678406589,721202.867319247,1998241.6205741784,Syn
17,-37637,2,0,1479.588128524965,1477.919616112026,920861288.9983686,2000278.7939892479,DrDoS_MSSQL
17,-71715,3,0,1470.4357266843608,1466.8087803732067,1461576047.8310292,999596.9012945523,DrDoS_SSDP
6,101246,1,0,-0.0049051346254316425,0.8579970539590694,-4389607.425471106,2000154.7094911134,TFTP
17,62081,5,0,396.90485520346203,337.7857500816697,5353993.916682537,8174.138959123817,DrDoS_UDP
17,58930,1,0,395.72165087014076,404.1264968764836,1183515304.6376781,1998762.8531053634,DrDoS_NetBIOS
0,74012365,21,0,2.8805253882753226,0.0785499151762474,4473424.996880358,-11196.881500555417,BENIGN
17,-81411,2,0,611.0254534412779,452.36763998544393,918362156.507541,1997132.8621922375,DrDoS_NetBIOS
17,-36872,4,0,1471.2206518452708,1470.8909001372947,175463790.7930677,1001419.8842417406,DrDoS_SSDP
6,5075318,4,7,-3.1522248356222082,-0.35365830964556555,4198681.350234436,9725.693999090896,Syn
6,49230,2,0,1.9773786730924874,-0.45057348003775743,940889.4155247059,2000671.4266715348,TFTP
17,-60972,2,0,229.28053013094245,229.05843262143685,444458869.08837163,1996587.531385359,DrDoS_SNMP
6,58133,2,0,677.0968793936961,-0.988857175022853,-592281.8288728464,19079.589464143908,TFTP
17,26806,2,0,390.6902228364133,823.0572956041729,1736360.1636785315,1999144.4107690807,DrDoS_UDP
17,-12042,3,0,394.95931976824875,396.9428487384802,2484896.4302520175,15630.624498153898,DrDoS_UDP
6,116888650,18,2,2.592718645892797,-4.930457102173207,-1959895.3158077898,-5103.083897845358,Syn
17,143809,6,0,379.6167431361979,321.05555753578216,1951666.651036705,6174.261941704506,UDP-lag
6,-31200,2,0,4.097434758733136,2.7654460606108544,125799.05345613114,27756.450667098798,TFTP
17,-743,0,0,1367.6511904650588,230.9966606087628,464591493.63193965,691181.1455999815,DrDoS_SNMP
17,-28372,4,0,1389.7995073717186,1360.9963502881665,1460651405.6204293,995608.6277094859,DrDoS_SSDP
6,95084,1,2,28.070104125213163,45.82016849004527,-1222275.3800434058,6569.355244784567,BENIGN
17,-45947,0,0,228.37856473597532,236.15060318564804,464596647.0777167,2003315.7888203345,DrDoS_SNMP
6,78325,3,5,378.68026464335077,2.950611641772193,2408625.2176471944,6751.0744217622905,BENIGN
17,-19168,2,0,396.09967082280104,398.14014511077414,760479474.500468,1994724.6203205732,DrDoS_UDP
6,74697,2,0,4.302883125523985,0.8182523659394797,-2120361.05373458,2004666.153132723,BENIGN
17,7852,1,0,1469.435070780691,1475.6406379880884,2945870817.3783007,2001079.0655060376,DrDoS_LDAP
6,127988,3,0,-3.5485737148069028,-3.6099884588848052,-8867796.77479794,1996594.0640783967,Syn
17,-67402,3,0,1466.512016699527,1469.0679310460193,2940635574.011178,1996826.580848565,DrDoS_MSSQL
6,91581,3,2,3.475538356604386,2.607746771505185,971079.7990754003,25277.463963193124,BENIGN
6,45028,4,0,-1.861263912978284,-0.6467207863982267,-542567.1887094819,12353.168622901989,TFTP
17,70742,4,0,1474.1524160881468,1470.8558520724596,1285677577.4830716,998937.1003897538,DrDoS_SSDP
6,118720145,33,2,1.2948554592195,-1.1231597319085798,-1036057.3994589134,3991.8405950362503,BENIGN
6,86157,3,3,-4.502301665251037,1.3349556637247202,2509549.6145751327,8122.0023301065685,DrDoS_NTP
17,187783,204,0,386.5847628372008,324.1571013642481,-433465.01397679746,1500.3115766080064,DrDoS_UDP
6,113377389,14,0,435.15153454416554,-4.772411444004701,2333827.9833253855,3767.6267258168127,Syn
17,-133801,1,0,389.64209535604414,383.73386982183126,787905439.809707,2003592.058890253,DrDoS_UDP
6,15071876,5,2,726.8994145708177,-2.8805962974456993,-9234063.299708005,24710.944301177482,TFTP
17,-131750,2,0,393.39541985037476,386.29958518635004,764092595.0934535,2002464.9151503677,DrDoS_UDP
17,-28785,1,0,1465.1620762066666,1472.7948076172174,951629301.8221805,1999462.8533368013,DrDoS_NetBIOS
6,59319,3,0,-0.1962779714896371,-0.20984374453061344,5265642.188782252,2001670.338385632,TFTP
6,12141088,20,0,440.80768385053915,-4.517850765773466,-262800.40660274704,497.5697881219912,BENIGN
17,2845,1,0,1476.7523734051604,1478.717324361477,937176076.3157796,664781.6841309057,DrDoS_NetBIOS
17,23088,3,0,1374.2349877738664,1376.2588656776868,1323504096.1856754,995501.1255063503,DrDoS_SSDP
17,26318,210,0,442.82226689369304,437.62694522277565,7687477.422922682,8554.496038886697,DrDoS_DNS
6,113999,3,0,5.702084731580697,0.39723645428056015,-375138.1532404539,2000068.2003299734,TFTP
6,22240,1,2,-1.8140813646025864,1.1036294886252105,-1100265.8126920962,22344.998405003178,BENIGN
17,137647,5,0,390.38387479497794,333.1027778819014,-782316.1147136565,1508.7100818245272,DrDoS_UDP
6,18543,3,2,-2.4037737897434273,3.096085762875356,-6697482.29540573,28740.165007306485,Syn
17,39812,3,0,1473.5912945457942,1469.8094100113894,2934241459.9912834,1997143.2939390773,DrDoS_LDAP
6,56167,1,2,-7.50413231809439,-1.603448575085417,-3435332.7467294643,21346.432190215106,BENIGN
6,-9208,1,0,-3.892327587033811,-3.7181822027224722,-665812.3075357224,1995336.1245019028,Syn
6,-154817,0,0,3.2887083137900985,-1.0722700383217396,427781907.96621597,1994778.5299185433,Syn
17,3613,4,0,1469.4936810841996,1467.1262025823019,2907362919.227345,1996441.5724758524,DrDoS_LDAP
6,50265,2,0,1.8469466063421018,3.188358923859279,-84977.08967825724,2001673.6161984405,TFTP
17,796,3,0,1473.642204323161,1471.1845662594462,1468750932.777303,1001769.7994364195,DrDoS_MSSQL
17,97795,162,0,463.50653556441256,445.0323695064041,1616962.1516579785,11310.70279125713,DrDoS_NetBIOS
6,-14851,1,0,-3.1449962598185683,-1.6962602127018522,423972.94883538235,11408.629162832396,DrDoS_NTP
0,114620728,226,3,1.574134562982436,-0.4986474587302354,-3753189.704530935,11048.861906278187,BENIGN
6,-64206,2,0,4.09016786463865,3.311354688733708,7999465.041477826,2006485.5786162955,TFTP
6,-32060,8,0,2.241108796479842,-2.7476919428312008,-5308294.571180736,1998792.3987704588,DrDoS_NetBIOS
6,-23192,3,0,5.6918348313000475,3.257703559493822,-2740522.8040309763,19027.577293789444,TFTP
17,77584,1,0,29.102874499775165,391.7911056472905,160129131.89006317,998679.2073010274,DrDoS_UDP
0,111102374,7,2,2.618680743066368,3.87118845979303,-849726.9496004705,-5849.384242631651,BENIGN
6,-129094,1,0,2.165947954025804,4.038663324065755,1436271.42187036,2002338.12736173,BENIGN
17,-6410,2,0,1376.1092098886463,389.05942630820914,2594273630.6599097,1998117.1412459565,DrDoS_MSSQL
6,3175440,15,0,438.1925533739345,-1.8050898148893793,-2917349.466029022,-6490.408152134027,BENIGN
6,112570377,16,2,-4.349221063402002,-1.5866845337661954,-6244448.544084958,12638.596084889312,Syn
17,59281,2,0,439.41923907172566,446.7966424232263,1144307644.5983522,2001897.0418758092,DrDoS_NetBIOS
17,14242,-1,0,443.8565578345742,450.06986709656195,938810215.1446544,2002549.6183064785,DrDoS_NetBIOS
17,103426,2,0,1472.3441635663692,1475.2471883955589,716261.936429192,996725.4979087105,DrDoS_UDP
17,-78423,3,0,1464.2045904522915,1466.7659689477646,1454296438.0548244,997768.4518877829,DrDoS_MSSQL
6,49638,2,2,-0.2371978742050861,2.1766434418616134,-3852070.8649115833,4078.2460938637096,BENIGN
17,110615,3,0,448.0729362237386,439.62607675234693,946619139.7408832,2003667.5372231302,DrDoS_NetBIOS
17,6992,2,0,458.19248722095693,452.77261270104384,938757660.8074099,2005644.7883241002,DrDoS_NetBIOS
6,13069838,7,0,-4.652329899957059,-3.1915582531435365,-9485931.12550925,-3715.9767964903585,TFTP
17,142224,1,0,433.19109467560406,719.685272620836,-1539645.4183629027,15668.435675194582,DrDoS_NetBIOS
6,40721,4,2,1.8507432699066855,-2.2491840869491417,2957844.7589085707,26982.824859802913,BENIGN
0,107224127,34,2,-2.201358630950166,3.4347922124895574,-4034745.660731989,-17378.902102843615,BENIGN
6,93487,5,0,0.11232644766135404,1.7371101753270546,-237143.85677598394,8706.838495556536,Syn
17,85466,3,0,1465.2218369054983,1465.8938799419484,1456740979.1468058,998426.2792797403,DrDoS_SSDP
17,126450,5,0,398.25707557890365,332.509432606394,-3549034.619501344,10277.02824236332,DrDoS_UDP
17,-90085,1,0,1470.8519645331608,1472.5070857411974,2940572758.829611,2004248.100459406,DrDoS_MSSQL
17,-7910,1,0,1464.9750459566558,1467.3364982909573,2917361307.0229683,997512.354520995,DrDoS_LDAP
6,5673231,8,8,580.3150368811159,2.471337339032445,-1798572.234537326,-1345.4660684338269,DrDoS_NTP
6,4904211,35,26,546.6200148559993,0.7644964960229246,5764328.265249746,2753.91005116455,DrDoS_NTP
17,42872,3,0,1470.568920267841,1477.7799643351832,1456327300.0880423,995023.9018036353,DrDoS_MSSQL
17,82119,2,2,34.52931448419505,24.59020976176889,-1528683.8247105547,11308.556168091358,BENIGN
17,54341,2,0,1470.5218253567662,1467.3657423174377,2956405365.0993295,2003770.5663443822,DrDoS_LDAP
6,41947,3,3,-4.392962605007588,6.837998170926024,-4627315.933370417,26430.10018441922,Syn
6,5567,3,0,1.8813888080529462,4.626582867696325,540957.1662354015,2002575.0871258655,TFTP
17,-11793,3,0,1470.7875153618577,1474.356070950935,2936826053.0217757,2002208.994265948,DrDoS_MSSQL
17,25242,1,2,35.63973844595642,-1.155765897402456,710553.6510357785,12136.996053873874,BENIGN
17,52987,1,0,225.5921504865959,230.05941374115181,4582914.2377062095,22154.321958278815,DrDoS_SNMP
17,13842,2,0,1473.5206215667235,1476.179436382623,2930266361.5295,1998753.9743321734,DrDoS_MSSQL
17,27422,2,0,1474.700140093472,1475.0496997212672,2930121619.4998746,1997470.8327529863,DrDoS_MSSQL
17,10,2,0,383.3076311290814,385.7505859563116,949012295.2648197,1997094.5171161362,DrDoS_MSSQL
17,50777,2,0,1338.0958605536016,1342.8468657393123,1187498663.4616287,999996.8508928366,DrDoS_SSDP
6,88026,3,2,-0.2984815232972454,-2.4102184785518648,3067482.437702191,14235.210430784467,Syn
17,19245,2,2,38.86544739449431,28.71401918760911,-353823.61528822547,-1516.331930236096,BENIGN
17,-28738,1,0,441.4329744515378,442.15143420956184,-3065324.4039700553,11807.088047617126,DrDoS_DNS
6,122992167,29,0,-6.268450380413315,-7.953887642281004,-8380471.437114931,379.347341771263,Syn
17,-31875,3,0,237.10723662023344,563.8420899655046,445229581.3022024,1996112.9213030178,DrDoS_NetBIOS
17,-44681,2,0,223.17564521074303,229.27396582307327,427916473.4713615,1996233.1983005193,DrDoS_SNMP
0,-111155,7,2,1.0751997979045649,0.4381921614180911,1705189.8009857475,1091.461692933466,BENIGN
17,-6702,2,0,400.62495197421293,393.3459230571624,466795641.2569612,2000705.574827974,DrDoS_UDP
17,1756,1,0,1470.3005654140711,1471.269689965521,2946686349.432944,2001595.30453252,DrDoS_MSSQL
6,40331,2,2,0.4328600722523695,0.6239763931371904,-3400683.620813759,24625.9416334029,BENIGN
17,-56063,196,0,432.7512317256025,434.62862646103923,1031229.7558738333,9109.240424252188,DrDoS_DNS
17,51816,5,0,225.88674593982628,614.7782244463095,1275539228.174815,2002198.348138143,DrDoS_SNMP
6,115383803,10,2,-4.091343331378988,-2.8497402363380098,-2340951.416030855,11745.18256864037,Syn
17,118802,3,0,582.1342017965965,328.6674878990811,5191826.913222808,10194.350960442662,BENIGN
17,-224,2,0,392.4078441188807,391.4200425703168,2559881176.1581903,1997887.7471716001,UDP-lag
17,62810,3,0,229.66040349858153,1338.9839955253656,2592434180.969878,1995530.9900997428,DrDoS_MSSQL
17,61304,3,0,1393.5462562356458,1381.8209701608625,450955833.07384515,1997243.215309344,DrDoS_SSDP
17,-126635,1,0,383.7077384841012,385.1395085141474,770944593.3701211,2002676.8348570464,DrDoS_UDP
6,133931,1,2,-0.6280187639481853,0.7704408199091479,-5061963.776842639,20016.155628697546,Syn
6,12987374,2,0,-2.0227701734386736,-0.6717030147037268,878645.4902153157,14589.869973122277,TFTP
17,-50071,1,0,442.0699400241619,448.7484641833703,928529266.8980771,1999424.9115455654,DrDoS_NetBIOS
17,51698,197,0,451.6052745552557,328.47142691566444,4079125.438332256,4568.159860718096,DrDoS_UDP
6,9245292,49,9,564.0807077148655,4.2646676989732875,1796099.0976231762,-15122.331981110627,DrDoS_NTP
6,16550,2,0,3.3339013425521227,-2.085298181604827,-2494226.0994250784,1997040.1699954753,TFTP
17,65197,2,0,813.7655273213797,725.6059720772544,3907178.171231298,5630.271896557004,DrDoS_DNS
17,44264,0,0,448.6170120980069,444.3524243863645,919832224.69296,1999512.3250619844,DrDoS_NetBIOS
6,176533,2,2,4.478864484132938,3.855942024009829,1256265.4897100388,8281.219756250859,BENIGN
17,127689,4,0,381.61975985960845,329.2807115683797,-215052.09977190616,6313.350705856974,UDP-lag
0,87778457,8,0,397.31883125045755,332.74537280480456,-2305305.3667656183,-10173.573712154648,BENIGN
17,-1105,4,0,386.73080642110017,397.2558219676379,781429858.7430662,2002879.1442670254,UDP-lag
17,62788,1,2,49.72208106162381,53.47294890269262,2460373.699549762,12904.973719140376,BENIGN
6,115426,3,2,3.3689844055513354,0.6931505554358554,243671.1473261055,28039.658520010795,DrDoS_NTP
0,113562446,37,0,3.26895960023356,2.710361649549287,2717677.2270983667,-16942.6025867639,BENIGN
17,43481,2,0,1473.253609128609,1470.604161600522,932221490.9713341,700170.4916374168,DrDoS_DNS
17,35908,1,0,1467.9764660607862,1468.7681241453001,2925639449.365504,1998227.6002651986,DrDoS_LDAP
17,137062,8,0,395.70962070787255,338.0864589694646,2956584.6467210706,-15434.101220144054,DrDoS_UDP
17,87999,3,2,38.237337776180816,48.68207782215031,3895021.557990335,11634.656778828929,BENIGN
17,40992,2,0,1458.4743710571927,1464.780789907308,2900596790.0165687,997588.3636455963,DrDoS_SSDP
6,-78321,1,0,-2.7708491923670824,-6.2053329533321975,-1423116.782049311,1998990.9105195561,TFTP
17,5984,2,0,1468.4818301936975,1468.7264292583232,2937321848.858145,2000273.0091495197,DrDoS_LDAP
17,35502,4,0,392.48346798320824,398.51428193239974,771678136.6378803,2008789.6498911367,UDP-lag
6,80371,3,2,4.0799914481689274,1.1898058901369488,-1285824.546171998,27289.158345081843,Syn
6,114911079,4,0,0.012214213585032635,3.7902899260394203,3103124.0579864727,13358.149079098468,BENIGN
6,17320,2,0,-1.892164340514923,-1.3641405296557592,-6477223.972469543,1995763.1327339,TFTP
17,94872,2,0,220.47288512389287,229.00641858893374,475243086.16632366,19606.537624273595,DrDoS_SNMP
6,116362478,11,1,-4.529591563958692,-3.9812593547798825,-3996692.9300580556,-1039.8371751205268,Syn
17,25480,3,0,381.54039784837977,396.2183905180422,757403223.9229782,1999838.4198964124,DrDoS_UDP
17,34889,4,0,1464.3844475306141,1473.7764099129233,2931312601.369764,2000389.7682829308,DrDoS_LDAP
17,-11440,2,0,1476.1886189755508,443.0577736080095,1238608931.3104062,995667.5594372792,DrDoS_SSDP
6,-1202,2,0,-2.775004786757318,-0.2887540866652263,-4611489.7080908315,14435.406954526377,BENIGN
17,-164671,2,0,226.94416329729737,231.8762260874758,487188598.7171194,40309.80995749533,DrDoS_SNMP
6,128483,1,0,6.07543148029931,7.3113007611715455,4835802.071242572,2003247.415464297,TFTP
17,-1014,4,0,1471.5219458841511,1479.3635850817088,1477365868.5935063,998437.2544388039,DrDoS_SSDP
17,-7939,2,0,588.4858775025001,441.7678841028231,931223870.2225252,1994718.5934326248,DrDoS_NetBIOS
17,69447,6,0,1477.3723454023404,1475.8417235353434,2499767437.3513665,1993606.0134265453,DrDoS_MSSQL
17,182212,3,2,42.47889269813526,36.80093293999815,1588798.9160457256,9071.27259100603,BENIGN
6,114521881,17,0,3.275391980158405,-1.7970443144598283,3060457.0002150377,7090.919051721183,Syn
17,-46429,2,0,1477.165227624039,1470.302406174025,2920237972.4679003,2004823.7710685602,DrDoS_MSSQL
17,33965,3,0,1470.7906765568357,1476.2470493963308,2951781311.2356052,674271.9438040879,DrDoS_MSSQL
17,-39680,2,0,235.16050618948773,232.8472330595193,179011122.14109042,996802.7091418286,DrDoS_SNMP
6,27589,3,0,1.3755079433060153,1.2772513524833882,-8149360.231877114,1996087.8464601878,TFTP
0,101232636,50,33,0.8185257573818331,-1.1845022462422088,-6691783.136397314,-21316.91742176292,BENIGN
6,-3511,2,0,3.021761272877837,2.834484165157839,-2812615.0717873387,2008096.771642721,TFTP
6,-73712,0,1,-0.8323042433680881,0.6740198064019715,1168918.939169248,20703.84547263159,DrDoS_NTP
6,115023038,13,0,-3.280602023395735,-6.186321828885191,-6234949.050993972,-1365.1888681274177,Syn
6,65280,1,0,-2.275606139965416,-0.5784511674604657,-552525.8194928139,26055.353129415453,TFTP
17,26387,3,0,43.35633493263987,1479.9598128159253,855948.8082291195,3701.191788939709,BENIGN
17,106396,4,0,444.77101868835314,330.55008926269085,-94476.31434615492,10466.752713872238,DrDoS_UDP
17,-36365,2,0,1469.4527192406736,1471.8498102013864,946786459.4940324,2000217.2665878567,DrDoS_NetBIOS
6,13515738,15,0,-1.084902236332215,1.326549850940985,-496814.0706931453,12140.40985970078,BENIGN
0,105559727,38,0,-3.345240857199947,-5.7516611893713465,2257214.5312831225,-14527.919717806504,BENIGN
17,42594,2,0,1390.110987448233,1388.6462323257017,2565150481.7491374,1994688.960932932,DrDoS_MSSQL
0,89930617,40,0,1.3306213396103508,0.12876617407300442,-3873897.419904531,-6684.758872698818,BENIGN
17,198090,6,0,396.1101819429142,336.4363657986596,-5091848.392943,-34.68013778184286,DrDoS_UDP
17,-58185,0,2,17.791166501637996,51.32508745960204,192426997.27640763,11247.52153879507,BENIGN
17,-51278,2,0,610.3004033815813,581.8193768290599,939078114.6709123,1994607.1390363781,DrDoS_NetBIOS
6,17010,2,0,-4.744537773942119,0.5811484118226187,-7332791.96583786,1008023.8304010213,Syn
17,53373,2,0,1469.9086655848491,1472.1176872787255,1463140209.3090816,668147.8272256904,DrDoS_SSDP
17,-109432,1,0,225.78827748487038,234.20399818948655,8115597.7537363395,36068.33034418664,DrDoS_SNMP
17,60862,1,2,33.343819430963215,53.69575387575725,-447441.8041787648,9003.823792493142,BENIGN
17,8830,6,2,228.65764146222764,228.6214381255465,4801094.69751673,28780.472288015564,DrDoS_SNMP
17,103519,2,0,1476.9681164864319,389.05636359846557,2564643719.7188888,1997840.889728237,DrDoS_MSSQL
6,148667,3,2,-0.4074141792629324,0.8464908507492952,-1737558.0560535847,21671.716889231822,TFTP
17,3596,3,0,1466.0992067985671,1470.5446399406599,1455395958.1534104,1000197.3047616101,DrDoS_MSSQL
6,76918,2,0,1.7450285621794253,1.714091461228087,2496141.344473948,1007662.0151287213,Syn
17,151107,4,0,394.6443258112767,336.6854899792422,4029891.2754967483,-3695.134735133337,DrDoS_UDP
17,-80897,2,0,441.3113737992805,441.0505066340253,1210320478.4486256,1996167.1323742198,DrDoS_NetBIOS
17,38102,3,0,1397.6150169536481,1354.709984839398,1221019946.003053,995590.5914218152,DrDoS_SSDP
17,-14054,3,0,1468.1706127900825,475.1094286962965,131307063.73519494,418202.96373197896,DrDoS_LDAP
17,72341,2,0,815.3556841923697,1472.5070233778322,459840523.03347,2001093.0297719163,DrDoS_MSSQL
6,89115,14,0,-1.4999070302218347,-2.443182632518034,-4300934.931980437,681511.4142320843,BENIGN
17,2797,3,0,1410.6860220027786,389.3006756538675,2582696199.88061,1994989.2509470375,DrDoS_MSSQL
6,59974,2,2,-3.562126748766864,-1.3970017688524594,-189903.54063953971,19957.801553118035,BENIGN
17,43477,3,0,224.54601417727167,228.80276974071145,439601857.1581889,2001767.9072340105,DrDoS_SNMP
6,115402503,32,26,54.90961533667003,-0.2077929740921171,956076.1899024544,-4313.380687976409,BENIGN
17,38606,158,0,433.8113821995037,366.14393167535195,5736112.972334827,3685.173872409644,DrDoS_DNS
17,26720,3,0,386.1921760135046,806.7783536631521,-2320732.1784899794,11060.138481975619,DrDoS_UDP
6,5344905,43,32,613.1582321006208,4.131967845965218,773810.5715271055,-11024.843243925094,BENIGN
6,118967759,5,2,-2.678374060429408,-1.0509205353869355,-5404252.067284836,6389.132170665005,Syn
17,74992,2,0,496.91935065568117,753.2047930645091,2952863.765872604,8265.558900362392,DrDoS_NetBIOS
17,114500,4,2,55.49648605390104,1.824790349744509,-3366134.8851330364,8913.32061491968,BENIGN
17,-20830,2,0,820.9770165563805,628.1079315718106,2703689445.1481986,1998576.9046734588,DrDoS_NetBIOS
17,29809,2,0,1467.6330680926667,1480.2117906753776,1473043152.2644155,1003485.5639469287,DrDoS_SSDP
6,152547,3,2,-0.8902262203160421,1.23659647738973,3165269.639786928,2005189.5910565522,TFTP
17,-21722,2,0,1473.3592467871447,382.08443306852354,767709515.2296854,1997366.098890791,DrDoS_MSSQL
17,55330,1,0,445.9234853137563,436.183406081697,1050712254.1546463,678519.1115878988,DrDoS_NetBIOS
17,-46953,2,0,235.63928587294262,230.85218023970523,452479929.66067934,2005465.158719607,DrDoS_SNMP
6,131325,3,0,4.425021464993526,-0.6794730797986449,969208.8901507275,2005153.7337787896,TFTP
6,14862127,5,2,-5.747156225694149,-1.8811548956312985,-1813849.8030246545,17643.055813934538,Syn
17,81543,2,0,226.75662075284953,233.6048447676407,442799312.09407854,2002813.0935432224,DrDoS_SNMP
6,13802265,6,2,1.1975484635623126,1.4271500340464258,-4127587.3016283996,17452.907811184392,TFTP
17,39775,4,0,229.87943554844207,233.84330104389323,427810278.72782326,1998076.920722915,DrDoS_SNMP
17,-57193,4,0,398.83888175628874,396.96755485262395,771006054.6122668,1999824.1695530496,UDP-lag
6,561343,16,19,754.2253978780535,1.7673050367061653,1510942.4721760557,6490.863988580859,BENIGN
17,112863,4,0,382.69895745354734,327.28595348033986,5195052.5534735685,10247.279716238736,DrDoS_UDP
17,-28632,3,0,391.0972862234785,387.1210874099573,765811745.2236689,2004719.7818710152,UDP-lag
17,4676,2,0,228.0155817736253,227.78653573254047,2172840.5651267017,10038.236583755242,DrDoS_SNMP
17,213561,6,2,56.707060769072086,56.09152072507287,-319382.1146312342,-13493.460895248085,BENIGN
6,85743,3,0,0.023216042114564517,-0.7043884135039901,-8904466.589721529,2001160.5981686572,TFTP
17,56420,3,0,1468.8127210120645,1364.7993345721943,1469071643.7689946,997742.4847203637,DrDoS_SSDP
17,82558,3,1,28.755846859753433,33.96866292106206,907959.6065946192,11690.978510861683,BENIGN
17,13677,200,0,447.3169700623025,565.4408691672188,1647901.3014131745,652143.3982186515,DrDoS_DNS
17,172590,5,0,27.654410571519712,34.87224725248649,1463695240.3014805,-11669.521791098363,DrDoS_LDAP
17,-23738,3,0,909.513728658856,1374.0533216981767,2576559184.405855,1999579.0348719785,DrDoS_SNMP
17,21111,2,0,445.0761679283574,440.6351003861336,942134344.4342701,1998629.0445977894,DrDoS_NetBIOS
17,-88752,1,0,447.8644466217339,439.0634087767382,950684050.8623421,678345.7761900423,DrDoS_NetBIOS
17,-34504,4,0,1468.3357379015813,1474.078174818359,139768227.78728387,1002680.7913029211,DrDoS_SSDP
17,-50872,1,0,396.0296832971936,396.4642231838,794537910.6016524,2006702.970190972,DrDoS_UDP
17,-30712,3,0,403.6092735950416,391.10545708298633,793803000.4865284,2002851.9150500982,UDP-lag
17,-84119,2,0,1469.284054595147,1467.676417278878,1248930908.8653939,1996355.640494234,DrDoS_LDAP
17,-11463,3,0,1469.8721458932198,1476.676370513623,136410232.40997943,998821.1877111184,DrDoS_SSDP
17,9436,3,0,1378.714139418446,1476.9091580237464,1206089813.04168,1000980.362356978,DrDoS_SSDP
6,23699,4,0,-0.25880751070617575,0.6662521205194658,-1939046.357702024,2002344.8898958985,TFTP
6,3627717,7,6,537.2384665906495,2.0173537322539983,1716297.651668272,-144.7824504959117,DrDoS_NTP
0,81358454,28,0,0.2278022776764685,-1.9250381959770984,2082404.9345812674,3029.634213346545,BENIGN
6,82089,2,0,-4.942851905531477,-1.0972623921126228,-1692339.7710404636,1994765.795380015,TFTP
17,15501,2,0,222.04235139962555,634.5734309873742,40208.86228712904,3623.2506342501492,DrDoS_SNMP
6,29096,2,0,7.152738586452983,3.715219245424866,-3039589.3403899968,18358.793615910137,BENIGN
17,-85377,2,0,394.16042576965935,397.3730995785616,777711735.811187,2002710.9768294191,DrDoS_UDP
17,15378,1,1,47.80108026855312,37.83192220714249,-69831.31692722952,992458.8764122396,BENIGN
17,89491,4,0,1389.4154945164478,1339.5509483013573,1132985368.6868246,996374.7386675989,DrDoS_SSDP
17,103194,4,0,438.6746321850382,295.77748512986204,2529191791.651728,1993057.0584991458,DrDoS_DNS
17,137952,3,2,51.074967962537585,66.62370301243318,1491211.5297854806,20557.666896208597,BENIGN
0,107420376,8,0,3.238561069550763,-0.7745558693195956,214722.92516888864,8063.925759805321,BENIGN
17,86590,4,0,400.2957221894735,338.07317440225285,1145071.158322242,16774.83102730598,DrDoS_UDP
17,5804,1,0,450.90746506037914,448.2661505360279,1006188051.4826461,1997723.0692222384,DrDoS_NetBIOS
17,-64648,1,0,1468.1431140971254,1477.2262871543037,2939144394.9613156,2000777.754283567,DrDoS_MSSQL
17,-2016,2,0,390.93172284607414,396.48552775843865,978755624.5159498,675483.7956984129,DrDoS_UDP
17,-25324,3,0,385.80900333138936,1473.4287774843663,2949002013.0768385,1998369.64337239,DrDoS_MSSQL
6,12577244,5,0,1.1553788207043374,-1.8598094871550648,-4440740.950078634,3310.8166531245615,TFTP
17,-59463,1,0,436.13789562532423,454.4013269137352,2715488979.5584965,1997633.389696442,DrDoS_NetBIOS
17,53418,3,0,1472.7960030208249,1476.34760549171,954440818.4056978,666944.4446328782,DrDoS_NetBIOS
6,12703493,3,0,-3.089325118676612,-4.966535257873636,-4170308.983498281,6411.491414885719,BENIGN
6,12568,3,0,-2.2925845381020737,-1.5796119652217762,42134.797944880556,2002287.1245325904,TFTP
17,222,2,0,1465.887482258957,1472.8529247106308,1458258443.5768285,1002819.2140159603,DrDoS_SSDP
6,71628,1,0,3.4267470463151994,0.855484384329429,212009.03353576036,13431.313158014513,Syn
6,12567418,21,6,3.797683380522896,-2.0574556420048618,1041281.4288101085,10288.688382116832,BENIGN
0,118483610,225,3,-1.58463095397122,2.0124231188470456,-1921759.642399606,-73.12891279797986,DrDoS_NTP
17,-31734,1,0,544.2167636522345,544.8697743372152,917499723.3926607,1997329.25680047,DrDoS_NetBIOS
17,16118,3,0,403.7759284021981,406.94065402369654,769662412.8973991,1998633.2402291044,DrDoS_UDP
17,238623,8,0,383.43813802719626,327.7163445673347,6251735.471974653,-3418.7695097694996,DrDoS_UDP
17,200736,6,24,49.39999443966951,56.89852775136134,-2338978.2379095824,-23722.415183653644,BENIGN
17,128963,168,0,436.5116781023246,1467.2698201421554,-1516788.1187113116,14720.72656196486,DrDoS_DNS
17,-34047,1,0,223.26552064037097,231.3066274053644,436167576.0684457,1999069.336204199,DrDoS_SNMP
17,131579,2,0,378.152707411647,328.82267519716623,2729925.9094585776,19185.651346209183,UDP-lag
0,18755,229,3,-6.92562167951634,1.1511746735263895,-6579693.4126930935,-4704.558596604853,BENIGN
6,1547,2,0,1472.7498528152526,1472.9303305293856,2925435333.273687,2004289.230684367,DrDoS_MSSQL
17,30428,1,0,392.04269407779793,333.3950691968499,2527547.919484338,9567.406186752074,DrDoS_MSSQL
17,-73980,3,0,401.48974959633716,331.59974297590145,6773219.795014336,7032.239535508365,UDP-lag
17,-44940,3,0,1474.2296596303236,1477.8709416519,2937075698.283842,1999084.963339739,DrDoS_MSSQL
17,35257,2,0,226.47740295397108,223.27243343581364,432912335.01879096,2000742.0396258333,DrDoS_SNMP
17,-81628,2,0,378.041599862877,385.7674735475729,760753701.0890638,2000363.5761532476,UDP-lag
17,50681,2,0,542.4417176488978,566.775130202876,909821690.2621822,1999846.6408798108,DrDoS_NetBIOS
6,116237393,29,7,3.477285234129502,-4.304152784073591,479376.950564443,5888.751747914663,Syn
0,79146893,35,0,-3.1443892301857255,0.4664025106578663,-3584649.531688351,9530.930774582292,BENIGN
0,108870261,39,0,1.388580907286667,3.7584538507398833,2204077.8322742167,2688.1837489938607,BENIGN
6,-3879,4,0,0.8343539398608141,-0.5895687844197122,2880881.5515823984,26065.373351221715,TFTP
6,6929,2,0,-6.339474060060056,3.7451521721165215,3629253.7109903432,2002288.396646562,TFTP
6,-77178,2,0,1.3448844745551158,-0.9258783158546651,2919573.5318408525,26379.65833009307,BENIGN
17,42969,6,0,1480.9071794285353,1476.3973029452534,2929081337.750898,1996726.9130250167,DrDoS_MSSQL
6,-9200,1,0,3.810939811510038,0.557601678559649,5533168.207009878,19259.820623745043,Syn
6,4355,2,0,3.129439065448503,2.0402466247477116,5214530.406444868,2002164.101551982,TFTP
6,-114417,2,0,-1.8258992832975964,-2.242187874524006,77174.88208853197,1998157.4306955703,Syn
6,16623,0,0,0.5035652917366548,2.0346097725679075,1445713.9295785455,1994775.060657349,TFTP
6,35858,2,0,3.978881604666039,0.7211336898902408,439276.5543622648,1997290.8715279377,Syn
17,-24492,2,0,1473.0043024184372,1476.5801734125196,2933536795.9409523,1999582.1498377076,DrDoS_MSSQL
17,-54329,1,0,389.2380816599114,396.6015796814488,761725529.0612098,2002249.91191363,UDP-lag
17,-26365,2,0,233.20120422344962,227.34550573871203,472363112.28604716,2005489.1023936428,DrDoS_SNMP
6,131901,4,2,-2.0348656572214936,-2.8367508431764135,-1318597.3947012664,22565.81406182446,DrDoS_NTP
17,30022,3,0,1469.655862363564,1475.2885224240965,995088321.6067563,996904.3010657764,DrDoS_MSSQL
17,2347,2,0,440.98819628468993,441.6752435769886,939920536.5852041,2000607.7224143886,DrDoS_NetBIOS
6,13244791,2,0,-3.2189847565893612,-2.4156218359321207,471112.27078489575,22970.110086770335,BENIGN
17,-17676,2,0,390.3213928851661,391.9063138063694,743299837.6956164,1999374.1769180929,DrDoS_UDP
17,-5087,195,0,437.43110441396664,390.26049481737437,10658359.468067238,5519.266031277177,DrDoS_DNS
0,110327583,9,3,4.884150255834713,-3.391787236723881,888106.8336748927,7161.833056622405,DrDoS_NTP
6,-35273,2,0,0.3227294391834133,0.6464791501257819,1308200.7940819855,36759.73604443777,TFTP
17,84888,3,0,386.3284080817256,330.125695283363,-898919.5068573083,13947.532461631523,DrDoS_UDP
17,101712,3,0,1471.9931551468383,1480.08509056906,3385226.523595079,6114.370758324569,BENIGN
17,-42423,3,0,397.58892427612557,399.76960566008194,770859362.7985165,2003292.8291858486,DrDoS_UDP
17,83084,3,0,1470.6809080150317,1477.2304681348423,1469987467.9180684,1002485.5030095895,DrDoS_SSDP
17,30733,2,0,535.3419659129861,529.3987944463921,920654788.2830437,2002087.6433022658,DrDoS_NetBIOS
6,119133443,23,0,-6.656369720653403,0.7353170050387213,-12888130.42044779,-4538.765796955102,Syn
17,-34604,0,0,1384.5503746768477,1475.9279199535158,1465710226.0103338,996839.0168175477,DrDoS_SSDP
6,66146,2,2,0.19795890748439543,-1.858520064688555,-494646.82267911243,22987.38991596015,BENIGN
17,117062,1,1,37.613081527574636,23.454212135653016,4801243.403907586,-1068.9749405712155,BENIGN
6,-10919,1,0,-4.5396178600357935,-1.5615255244453976,-1404957.4232871926,2000221.0102508885,Syn
6,53944,1,0,5.033468874597588,2.080743475872765,-532282.021239369,2000128.1718428298,TFTP
17,118999,3,0,382.62001409522355,43.11772265682396,-3542261.2312939996,925.8721853918323,DrDoS_LDAP
0,79672019,38,0,0.026912271741193386,0.4345651074258201,-94316.46839713864,-6150.033634364918,BENIGN
17,40605,1,2,43.15815501521466,34.03122032112689,1225400.7770324862,6886.132862117929,BENIGN
6,127729,3,2,-1.5368286436192022,2.9786188450033095,-7116818.212235336,11780.157763019404,DrDoS_NTP
17,229062,208,0,446.7815312833136,450.6342038609148,480361.86198077817,441.77534499465946,DrDoS_NetBIOS
17,-4341,2,0,220.63393791965714,227.32991618634534,159066173.67585847,2006480.3474115448,DrDoS_SNMP
6,-53299,2,0,-3.0068845285241963,0.16375931208493982,418725.4116728441,2003365.7728245512,TFTP
17,-18245,4,0,1470.540718819317,1472.2668478584358,2929794093.7205586,2001937.177367939,DrDoS_MSSQL
6,102955,4,0,-2.3243993904212275,-0.6655309503921623,-4577525.061050007,20376.76810684331,TFTP
17,105497,5,0,371.87168720092336,337.11943586635306,-1200073.3011500824,7376.834097124063,DrDoS_UDP
0,116132477,44,34,5.093872082138277,2.678236084962727,-7674951.413197727,-27461.28971171068,BENIGN
17,118008,4,0,385.47402613051753,330.29435106510107,6392104.1048656935,9340.752090317254,UDP-lag
17,-88442,0,0,390.40798806200235,394.51071639761886,793230918.1434954,2004128.6374396312,DrDoS_UDP
6,-76310,3,0,-2.532965604978688,-3.030250528765987,-2142101.7133393073,1997665.3574541714,TFTP
17,170037,3,2,40.65531086696634,49.383155069875215,4930940.340081522,8271.397195592333,BENIGN
17,101327,7,0,389.4511375034063,324.8487599810005,177164.09297722182,2067.7090909086937,DrDoS_UDP
17,25224,3,0,215.67503106111016,231.347139205666,136402133.51822236,1003055.8362326637,DrDoS_SNMP
17,115876,209,0,439.1250611478463,44.907239590615106,-1896321.7231781723,-5313.226718990574,BENIGN
6,39153,2,0,-0.16777613557354237,-3.474418058435844,439178.17730044376,1997472.2210758708,TFTP
17,47677,3,0,396.2326077811141,397.38276476429934,787366542.9677981,23188.589039417086,UDP-lag
6,-4200,3,2,515.0919360542313,1.621182773877432,5412147.241892367,15543.946403090555,DrDoS_NTP
6,12875943,2,0,-1.5812988390529448,0.5787193466105415,-2132434.1873951154,21579.723745103176,TFTP
6,4893601,6,24,47.9322238450338,6.90262510499927,3721111.3128454555,-7725.858185766079,BENIGN
6,153999,3,2,-0.1181883414120782,3.8784071009134697,-3586879.0538588436,10285.812089358993,DrDoS_NTP
17,106783,4,0,395.2544822837241,331.1819762291334,4589475.840096974,5490.6633514462865,UDP-lag
6,49692,2,0,5.297414477740749,-2.49386893110887,-1373193.5771464242,1998980.4721377285,TFTP
17,-43272,1,0,1472.2492873920378,1478.0633627903962,2922178243.7000866,996898.1211126258,DrDoS_MSSQL
17,-42183,1,0,1471.4514964371797,1474.454061950341,1463223625.856075,999720.1190334687,DrDoS_SSDP
6,12568688,18,21,-0.3421600094875141,1.6000813729997783,1214288.1953930324,454.2200562039561,BENIGN
17,-17049,2,0,1474.143260696825,1470.0564992271404,1466713319.910811,999219.5546283914,DrDoS_SSDP
6,-107139,3,0,-4.300132422577512,-1.6902395880268668,-7979994.926461439,1999885.0459687326,TFTP
0,110540090,39,0,441.1686153387563,-1.0060151696531605,-594376.200018436,11571.319303312195,BENIGN
17,12106,3,0,1469.456215464008,1469.6360185560404,2925841241.603775,1996321.362730072,DrDoS_MSSQL
17,317620,9,0,390.95922483957906,337.29128357115695,-2559723.480327742,-24283.07171646023,UDP-lag
0,107141606,43,8,3.011676771801981,-0.7385937417221654,-2080781.800958119,-17581.94702623673,BENIGN
17,-9138,1,0,591.8837216518715,639.8084686049015,1044848313.3502623,1999642.052021383,DrDoS_NetBIOS
6,90093,5,2,-2.3570778594093995,6.147322324439115,-2357636.058346466,1482.0256824967782,DrDoS_NTP
6,165785,5,3,-1.3257847150210154,4.037502711052646,-3656630.940709292,21268.912058101727,Syn
6,-19694,1,0,5.024111450964507,4.192320165291095,2392493.4597874787,2000317.5287903608,TFTP
6,14112758,2,0,-0.19643221473633626,-0.4812355523380494,-1852272.152291023,26662.618998282698,Syn
0,108927408,225,38,3.1082354694439327,-3.0598521362965774,-4437065.164308983,-18040.370730037146,BENIGN
6,-7730,1,2,-6.181601246646909,-2.0917373263423205,-3749847.8370829895,22003.287472636974,Syn
6,-29620,5,0,2.1281863697401624,1.3994683956021678,-820837.914734199,11732.793445116886,UDP-lag
17,-44246,2,0,1470.7944791205884,1470.0730958606887,2918099429.4178257,1996914.0833253544,DrDoS_MSSQL
6,110525990,24,0,-3.1980583618913583,-2.251402398205892,-6578581.067415642,-6822.9663193598535,Syn
17,-47046,0,1,35.40328893112601,43.186251884448374,1829104.501205474,8420.375081242702,BENIGN
6,4943796,7,8,559.2487989636589,6.294786131085346,6071660.62218644,41.79350200225963,DrDoS_NTP
17,12265,7,0,386.8710624556614,325.9856704819382,599759.0687320665,17106.023325680406,UDP-lag
17,83556,5,0,392.415500824392,329.06375257457427,38413.78288486949,1999264.028390513,DrDoS_UDP
17,-51625,2,0,1475.8822440239937,1472.8662429489175,2950513508.5870457,2002857.3753229717,DrDoS_MSSQL
17,3537,1,0,1472.89993285671,1476.1121952068202,2943481392.415817,1994102.7743190343,DrDoS_LDAP
17,-47416,2,0,1468.4233575922933,1468.3271915842627,1478453297.2989457,1000544.8800198174,DrDoS_SSDP
6,112711409,15,0,-2.0450915479401566,-5.766295890911939,-5161493.984250527,-2913.596706584094,Syn
17,162192,6,0,398.37077893858424,330.94283639858463,3472999.9339518608,8450.563670530653,UDP-lag
6,66823,5,0,-3.063325673295507,-3.0352291690653583,5589474.512949884,1994694.0983460108,Syn
0,109854272,40,0,1.8526654899905495,-0.32090477130841993,-5596568.620432968,-8563.300388978281,BENIGN
0,10604542,8,3,-1.5627875880220072,-0.527809133286606,2297932.770328538,27773.800955485178,DrDoS_NTP
6,130768,2,2,1.7512214527864791,0.7096825958796016,-4751077.766641419,11719.819568015371,Syn
17,20680,1,0,1471.7325403887805,1472.2264426926963,2952040078.464095,1997152.1443686301,DrDoS_MSSQL
17,40064,2,0,1471.3946106474855,1482.9088721233054,1484553611.5715566,999867.5389301074,DrDoS_SSDP
6,3642074,3,2,-3.3419132289169924,1.3043442741818658,-595863.2639269994,11355.935862847224,DrDoS_NTP
17,122287,3,0,388.14670362848847,327.9980874851199,6993626.824341378,-5099.268705611803,DrDoS_UDP
17,42268,3,0,1475.3791990995646,1473.007185471748,2938462085.011331,1995025.3499187247,DrDoS_LDAP
17,-35479,4,0,1476.8007386433285,1470.3418983605934,2946806338.661392,2000698.1053777265,DrDoS_LDAP
17,48583,211,0,969.5573802358809,334.85937886257204,7312698.66503999,7265.795889917946,DrDoS_SNMP
17,205531,6,0,395.93402925341445,338.9628556860197,-1015927.2783833162,-1264.5153819960015,DrDoS_UDP
6,44181,5,0,4.695596132453156,0.6643691675518295,-2342731.0611055437,1999090.498916503,TFTP
17,98036,2,2,48.00800117486093,38.80259905682732,1413302.473941998,-119.17342021734112,BENIGN
17,36356,2,0,1475.45130607986,1475.2452047720892,1467410070.709495,998692.857253007,DrDoS_LDAP
6,90804,3,0,1.666450722517262,1.237186854051147,-5579601.597028582,2000753.8393396724,TFTP
6,7843391,43,9,607.4178500594825,1.4233721767185696,3272946.219498244,-16756.497902334544,BENIGN
6,-101639,0,0,0.9677942955936965,0.2705092267203178,-918812.6103460353,1997474.5390700556,BENIGN
6,-15230,1,0,9.721372715566858,2.1210606134648966,2926827.5315875984,17194.62749796126,BENIGN
17,-33490,1,0,392.36657585675175,446.33469374009394,1221133086.4816587,2000260.4476038045,DrDoS_NetBIOS
17,-137633,2,0,222.6922479642797,224.01371048905972,2926255549.6549187,1995682.4219079246,DrDoS_MSSQL
6,1639810,4,0,445.5014849613514,2.107649823053689,2205217.959341297,8141.602114973373,DrDoS_NTP
0,105633412,37,0,3.8403020506941785,-0.7513780246415994,278459.8532476686,-2073.549823236659,BENIGN
17,76476,4,0,395.474896522173,241.85700609383665,7488114.22686343,14116.537796370458,DrDoS_SNMP
17,29811,4,0,382.9040542084745,392.3565524661436,6593501.947933413,2004138.3824974422,UDP-lag
17,22659,1,0,1468.9876454197095,1467.1980346386958,2922372776.37032,2002256.590705234,DrDoS_LDAP
17,58321,4,0,1478.1082225701346,1479.110184283502,1467391121.2817953,670257.6305687805,DrDoS_MSSQL
17,12567,1,0,1472.1468409114227,1470.8717741184855,966241829.1097155,2003518.2925130632,DrDoS_NetBIOS
17,1801,3,0,1471.560980401829,1481.7923313157921,2921223462.540509,1997289.6347146777,DrDoS_MSSQL
0,79007307,7,2,-3.3363471333902748,3.870521395029202,14256.10758255003,2749.9002298388523,BENIGN
17,100651,5,0,386.15084462764,331.7450193436897,3809213.4072737237,7802.444895331767,UDP-lag
17,-23741,3,0,1468.9242556876764,1469.7103158684663,928939328.3447387,998820.24167261,DrDoS_SSDP
6,21395,2,2,-0.6121421985639898,-2.0544764254202943,4516383.964760198,26377.336641812886,BENIGN
6,-77558,2,0,-0.3051296558138278,-0.220152871913794,3646195.368412895,1997455.5967596397,TFTP
6,113133448,27,6,576.6121878784395,0.4864253813506401,446287.76542574447,151.0664753207202,BENIGN
6,113583325,4,2,-0.6813606744264459,-3.3857774568310544,-6079823.59040669,9010.972368888672,Syn
6,91749,1,0,3.66827935956301,0.38859604008685217,-3969891.9583948012,1998647.401998601,TFTP
17,32798,1,0,1421.9988861474858,1482.8804976705082,2700185452.725917,1994003.639098196,DrDoS_MSSQL
17,-50411,3,0,382.666018673777,390.26430006160126,778376695.7099564,2005277.5186878997,DrDoS_UDP
17,-36967,2,0,231.0188883642249,233.14311991953605,426762754.98287576,1996787.329291412,DrDoS_SNMP
17,37663,3,0,1475.2342006542585,1469.7441213505701,2920146972.0257964,2000756.0052444767,DrDoS_MSSQL
17,138466,4,0,392.38591819110957,863.4596299125674,259357.92681137682,3965.148687761326,DrDoS_UDP
6,113111681,22,0,-2.1805554368328597,0.08309631344384856,-5158338.93927196,9276.39281206676,Syn
6,63747,1,0,-1.3761341003706085,0.9902274274945878,-4225842.499367393,1999197.8259638336,TFTP
6,33296,2,0,1.140505867137206,-0.4659048481710307,-893315.6380452004,2000580.78842221,TFTP
0,113464407,47,0,-2.741464398745925,-0.15297554662806634,1368315.979605221,-12466.329829132192,BENIGN
17,-6440,5,0,1472.3896376359035,1471.7887351667168,1472674026.7975614,998180.9673682586,DrDoS_SSDP
6,-19871,2,0,3.190993761881216,-2.0513515789038763,-2129666.745355894,1998333.2055654032,Syn
0,109663937,36,2,-6.999432408520104,-1.893046531251891,553243.8975683631,341.61817461510327,BENIGN
17,-39517,2,0,938.228560165119,604.3974064386612,2723440384.8118706,2000322.6405653313,DrDoS_NetBIOS
6,134267,3,2,35.17639265537342,49.876055249722086,-1559680.2492421928,16120.346523588129,BENIGN
17,93895,2,0,1470.7840382038614,1473.586230927716,958301692.1361161,409168.57609654474,DrDoS_MSSQL
17,100847,205,0,438.3632666065619,369.29744096550746,3483057.747066278,3562.7250293339475,DrDoS_DNS
17,88115,148,0,433.29451105649997,353.6151702353727,4148366.2476227935,6387.965839948132,DrDoS_DNS
6,-13316,3,0,2.088126051784964,-2.784659149346591,-1700355.421299944,2001005.5021079404,TFTP
0,75550027,7,0,-1.3960444540591048,7.475185338583351,2225417.400679419,13746.955342721298,BENIGN
17,57589,2,0,1475.552300860861,1476.3681930146472,2951314060.297882,995414.6828254097,DrDoS_LDAP
17,12682,3,0,382.1750939785048,39.07842183159976,553399.18032488,13971.84203951447,BENIGN
17,-113234,3,0,1478.303624877866,1472.5582730350397,2930001773.7802696,1997437.3630401543,DrDoS_MSSQL
17,161362,5,0,387.57743336685047,332.78007758028446,-826462.720547186,-1345.906149645145,DrDoS_UDP
17,-133277,2,0,237.86188835987872,229.14293765550514,472461067.47408295,2002673.2991171393,DrDoS_SNMP
17,168595,177,0,442.0190179702681,438.5616934036198,2268155.2550403634,6801.790316160323,DrDoS_DNS
0,112743976,45,0,3.975680329734547,-1.6516835102641239,475678.34883229574,-9511.543721526203,BENIGN
6,-6794,2,18,776.1400727585368,-2.686661935281422,2327698.0723662004,3757.6041938729604,BENIGN
6,12789,1,0,875.1819535816609,0.37922650794976825,3219123.632393245,24859.03105125165,Syn
17,-5716,3,0,1467.0450665815458,1467.608404319833,2938486395.038241,397722.2681879464,DrDoS_MSSQL
17,96131,4,0,389.95032652105186,738.3753591819146,-1548982.5154855342,6729.954566359805,DrDoS_NetBIOS
6,22650,3,0,-1.7962494144112784,-1.6183830573899798,-4128142.4005747736,2003944.0353304937,TFTP
17,-76140,1,0,227.13508767997777,227.50069570366009,454926488.5732991,1004921.4785868269,DrDoS_SNMP
17,34169,3,0,1472.9363479407846,1469.5122326927053,1473037843.167335,1000932.5977468049,DrDoS_LDAP
17,2856,4,0,1478.82529052259,1475.620520386283,2934126549.9861717,1999414.7909023527,DrDoS_MSSQL
17,51051,3,0,392.33210744632873,393.8078475686091,2727238229.461483,2001405.4317952092,UDP-lag
17,-31674,4,0,1370.811154668588,1408.9585665058123,1286794953.6988082,998663.0663974119,DrDoS_SSDP
17,-113449,0,0,379.65657299165343,388.8397800169379,764671073.5359588,1996914.750689176,DrDoS_UDP
17,58653,2,0,1468.3249243294338,1478.4907966107312,2926611479.2983284,1002964.7432542269,DrDoS_LDAP
17,48137,3,0,381.9755863213084,326.5491833910366,3961946.144452896,17343.973850557588,UDP-lag
17,139823,5,0,385.9575518076574,326.57168415428396,1110044.445003671,12247.16175098813,DrDoS_UDP
17,-102716,1,0,378.8498646818385,382.3195667518766,768652805.284259,1999403.1475294395,UDP-lag
17,2625,2,0,1471.0674054040878,1467.1626286432788,184959590.5523618,685263.64427664,DrDoS_DNS
17,-29379,1,0,1468.5243187031872,1474.716873760974,1465427950.9481795,999596.5383094903,DrDoS_SSDP
6,32847,0,0,439.6966828344504,431.53959603318555,919349552.4146333,1997377.73627289,DrDoS_NetBIOS
6,111288,3,0,0.6393078976911016,-0.6934101187971754,-6465599.642212459,1994036.6321225842,TFTP
17,-11382,3,0,1467.141367692073,1473.2844869564617,1474697167.206639,334028.570948499,DrDoS_LDAP
17,-8347,3,0,1478.9712956177623,1473.9488493022034,1159312392.3633916,990251.0866460169,DrDoS_SSDP
17,20157,3,0,1476.5907753093163,1474.9205285032028,2941662411.7651153,2000325.0752193502,DrDoS_MSSQL
17,44957,0,0,1455.993768226201,1467.1455015551444,79276146.50869803,997259.7734381169,DrDoS_SSDP
17,2449,4,0,1365.8495557024064,1473.839253739517,1294995490.2851846,998929.5441824422,DrDoS_SSDP
17,4050,2,0,1472.4911050934068,1478.3050960763862,1477792372.512867,1000494.1489584753,DrDoS_SSDP
17,-55777,193,0,439.9190797874435,535.4785812093446,2266888.029641026,22334.332499739896,DrDoS_DNS
6,24073,2,0,5.440122948811749,4.004791749551579,-1181061.9675060546,1997791.3521363062,TFTP
6,3458674,4,4,556.1122401194872,2.532416037440897,4584978.411254378,-1185.5098314108236,DrDoS_NTP
17,13705,3,0,455.7630209394789,442.35620084060594,1033973.9457630408,9801.295453646233,DrDoS_NetBIOS
6,85696,4,0,3.587791062077148,0.689263199006505,-5704590.660658782,2004320.6261582943,Syn
17,93615,180,0,440.02468356869065,522.9648818946669,2867302.1617624937,133.62840170583695,DrDoS_DNS
17,84705,2,0,1471.093890861993,1469.5043331867237,1466328764.008578,999638.0145106801,DrDoS_DNS
17,75485,4,0,384.9718004539365,322.3498388377832,778323388.2845923,10711.340047476475,DrDoS_UDP
17,29909,2,0,213.52202687928656,225.0754890573522,82868142.11737575,1998502.745994563,DrDoS_SSDP
17,85122,6,0,388.9594565450558,392.15758145482914,787693146.8852344,2004270.7519212544,UDP-lag
17,51263,1,0,1472.4951775935729,1469.7320136349751,1459224789.2204955,997921.6516516713,DrDoS_LDAP
17,46761,2,0,444.99772490723046,441.2453258056533,145825084.38602895,4747.551285304457,DrDoS_MSSQL
17,-9570,2,0,1472.9909063203036,1468.3123555446375,140588520.1387545,670013.3486735888,DrDoS_DNS
17,13988,2,0,229.70499225805221,225.87547690199278,447282551.25486267,2000217.9573673876,DrDoS_SNMP
17,14394,4,0,387.37254145862676,390.6277143209656,773823727.0119537,2004371.5442141918,UDP-lag
17,-3269,3,0,1471.2024707968594,1470.2921448385785,1240735434.9852588,999332.6400145373,DrDoS_SSDP
6,75699,4,0,2.036868668454802,1.1188576653364086,-3707475.6420739293,1991508.5770583907,TFTP
17,-21309,1,0,1466.5987759319485,1470.568956346336,2927411628.1946874,1997724.7466502222,DrDoS_LDAP
17,93729,4,0,388.65365778193325,329.34751655416954,-520907.05603121105,8563.18822034463,UDP-lag
6,116180098,25,2,4.340606270258367,2.067580787518708,-708330.6589163013,-1539.0763899003123,Syn
17,-57875,2,0,230.57669013417066,222.74866456177918,428689196.4227064,1997386.2756954418,DrDoS_SNMP
0,110281891,39,0,-2.2467240920209997,0.8197970834308983,-964281.8709466129,-18243.413343292672,Syn
6,120320,4,2,-1.7780319773636364,-4.453692149231826,-4722140.6840423625,24122.11448536496,TFTP
0,77586201,42,0,2.1733785496792875,1.9862079605372014,1278990.9684606646,-2124.511458521063,BENIGN
17,37684,2,0,389.2964155257901,391.11865669175586,770961500.7325443,6255.011068637412,DrDoS_UDP
6,66076,2,0,-3.40245370324641,-0.15919803087709267,-3557671.937633069,12624.787526199007,BENIGN
17,15358,2,0,435.74373303865184,611.8117635071491,965325874.104237,675310.2314941514,DrDoS_NetBIOS
6,45604,2,0,5.684337542418825,-0.10809744500862258,-2619873.8733136933,18643.619142671087,DrDoS_NTP
17,101727,4,0,1374.7504047116188,1381.765022227227,1203191425.510658,999287.5396748846,DrDoS_SSDP
17,24626,4,0,1400.0504563693792,236.31609484958435,130896130.29416326,1000849.3203527267,DrDoS_SSDP
6,35828,3,0,-4.039926490604322,-1.7142603378651278,2632111978.7977834,1998974.8018642704,TFTP
17,30356,2,0,1471.9872100707203,1472.2462743892147,2906339040.044298,2000290.3187698063,DrDoS_MSSQL
6,48625,2,0,1.9137654598704938,-1.9632647251554551,-4269772.621980298,1997376.8416446317,TFTP
17,13449,1,0,1464.115084947808,1472.083900388517,54633967.27433488,1003270.2820500581,DrDoS_MSSQL
0,112153868,47,0,-4.163750834871115,-0.6020623607806564,-1975169.3947949714,-1496.5929595793605,Syn
6,115148236,20,0,439.0749321683844,-4.8411107044397355,-5555118.727154923,6116.482801618257,Syn
6,98106,3,0,3.3317982019304635,2.1002724939983906,-4862398.726621069,1993062.1036665689,TFTP
6,-9208,0,0,1.7255115772741771,-1.9203364296059116,-2320435.3025544425,1995734.522666502,TFTP
17,-26264,0,0,821.0016499741719,447.41648459672956,952635282.8969177,1999086.6075283664,DrDoS_NetBIOS
6,38118,3,0,6.6043218723975805,1.6185219291119646,2665039.1910815425,2001683.1926116103,TFTP
17,45752,3,0,227.6786346751534,228.8301642429231,450781144.29456127,2003937.5719505325,DrDoS_SNMP
17,-14611,3,0,1471.2856771854886,1471.527223910394,2933604025.8751683,1997780.6573089792,DrDoS_MSSQL
6,33029,3,0,0.8867477757916553,-2.0736741243848544,-2006659.9862319643,1997533.298264352,TFTP
6,3359572,6,2,-7.336376780934404,1.1221510486204627,1875454.9948045737,15915.342603516809,DrDoS_NTP
17,134098,5,0,395.9343338763453,337.8322490037004,-307138.26388661074,2553.849825540584,DrDoS_UDP
17,-58998,4,0,1475.9127410831475,1471.7203010353676,2935346245.9961705,1997551.7355426864,DrDoS_MSSQL
6,29075,1,0,-0.07105405468118121,0.20832862098177019,-2081333.9472505224,1997507.4259346388,TFTP
17,-22409,2,0,1473.3064313392765,1475.292217087501,134557047.2279346,1000217.7346687592,DrDoS_SSDP
17,-9501,192,0,442.1116263564319,443.29877339056947,4148284.647003984,14059.290276697619,DrDoS_DNS
6,129807,5,0,1.7797786440815975,2.2708954436064466,2233096.3812805386,23732.4266154835,BENIGN
17,185817,4,0,386.30312524387307,324.6535152415099,-1005490.4518683769,3370.2842150235256,DrDoS_UDP
17,83806,4,0,1467.4639137916947,1472.2293574480539,2935978733.0160565,1999101.67223596,DrDoS_LDAP
6,12967487,3,0,-4.680077192946593,-2.764157420657919,-5357165.826001013,8934.093516532534,Syn
17,9026,3,0,1472.4609314975032,1469.3098628407492,1461462096.7151792,998120.6865190525,DrDoS_LDAP
17,19631,1,0,390.65264262944686,324.9746339902173,3844069.4873904223,8460.4988503968,DrDoS_UDP
17,18388,0,0,640.5094846989368,446.28796720138297,899677868.6110353,666131.8033032863,DrDoS_NetBIOS
6,77200,2,2,0.0664575474557863,1.9175313856158676,-1122245.6372683991,16086.665295027939,BENIGN
17,29778,4,0,221.07386165421246,226.58673371828706,426602440.1220674,1991538.7388110913,DrDoS_SNMP
17,-1103,2,0,1473.5728997317728,1480.9527892525248,2922568864.8743577,2000981.5780167812,DrDoS_MSSQL
6,108628,4,0,-0.7994121741605288,-0.19526465016384664,-568830.911561727,1995940.6950565632,TFTP
17,42602,3,0,215.55987427400922,227.5653022213508,432431017.08461004,2001086.6908462895,DrDoS_SNMP
17,-5827,4,0,1365.0293439555364,479.3764800140291,2636474516.4122787,1996752.8124100198,DrDoS_MSSQL
17,-10725,3,0,382.8740940545278,325.4574554994918,-795212.63619721,8157.406488159757,DrDoS_UDP
17,120319,2,2,18.192553360386,46.146316731367556,-3075541.9288219446,8523.042793650604,BENIGN
17,46013,1,0,224.97911194911885,223.04540874560814,432891111.56020933,1999388.070711383,DrDoS_SNMP
6,2674,1,0,3.5281054736669355,1.1808209881181255,-1486760.9699511218,2000006.9154760367,TFTP
17,9424,5,0,1387.6474953181375,1358.9655390067405,1143609119.6959703,997920.7900178062,DrDoS_SSDP
6,-11948,4,0,1.4777649103260222,-2.1216127092919073,-9334520.103616318,1996619.6331311916,TFTP
6,112416,5,5,550.0153604767333,1.361885581707684,3266658.8112920644,3901.525188333956,DrDoS_NTP
17,36963,200,0,444.6835027982196,327.5527066575216,4875133.837931722,12556.782850827989,DrDoS_NetBIOS
0,105654875,33,0,-4.286951900609579,1.4205740015994341,-5285989.686244637,-24224.953274915122,BENIGN
6,4717761,7,7,541.6454975505492,1.514562298080133,2826098.9493024936,1595.1230885991627,DrDoS_NTP
6,90519,1,1,-0.47367632623032146,1.7757431625142932,5063644.956958608,13381.830299556328,Syn
17,-27791,2,0,381.18547670322425,397.15340315105584,784897640.5045601,1006699.3632612618,UDP-lag
17,-93885,0,0,224.93852836650564,225.33828625171373,440391806.917007,1997250.1221383929,DrDoS_SNMP
17,2024,2,0,222.54979685023645,223.95193550535407,420956046.9008329,1995526.860174132,DrDoS_SNMP
6,117564060,23,0,-0.6424377185250325,-4.066081043810072,-3720427.5929251937,7726.0064851459465,TFTP
17,70094,204,0,447.93842164958403,440.90024297192736,3058329.4788180566,6586.693116181388,DrDoS_DNS
6,4301071,6,6,400.1017677920161,331.153344367199,5102243.123347741,-9081.502368183817,DrDoS_NTP
6,64296,2,2,-3.1170176019589855,-2.5858433072782048,-5160912.042995335,16500.531642483988,TFTP
0,-158622,31,0,-9.316418195602655,1.8123587988978522,1353237.4615171722,17199.110319958967,BENIGN
17,208874,4,0,382.9443605463219,325.2153695987496,1834007.4166756643,-1000.8270366694796,DrDoS_UDP
6,68887,3,2,1.3744387902351456,0.9868392076971627,-708937.5635186953,21736.30371603515,TFTP
6,13626398,4,0,2.9108608635428017,-0.16950771156548539,454635.1866222258,13619.637018368398,TFTP
17,113957,207,0,440.9007104489272,437.29329595032925,4750146.921686228,-3230.612268089453,DrDoS_DNS
6,118222490,17,0,-5.850874138182891,-6.16560696702878,-2009211.3476851943,2981.3494499971275,Syn
17,-85276,2,0,395.5817083989185,389.4225206133129,789435394.2654041,2001051.0263052597,DrDoS_UDP
6,13621667,4,2,-3.8778757708847507,-1.252122893496581,-6786018.429967599,4054.1005357498116,Syn
17,87323,2,0,383.3927707947481,464.88199673810624,-36429.15046770335,16543.512907456065,DrDoS_UDP
17,-97599,1,0,386.2139065631326,392.8612364339335,771457035.5896665,2004663.512021074,UDP-lag
17,72376,0,2,27.52032436339926,52.558540252020485,-5461678.502771853,14756.03037341639,BENIGN
0,73664777,5,0,-0.4894240524245658,-1.369394715950806,-4296534.403872677,27164.260756158394,BENIGN
17,25630,1,0,1469.5284707942194,1471.6936671206695,1240306824.6240032,1993468.4849454225,DrDoS_MSSQL
0,78153841,6,0,-1.7243912205948961,-1.4887347932882329,1318882.29663003,16383.750144456408,DrDoS_MSSQL
17,-4738,0,0,222.79993916419502,230.70730334935627,442352554.5176997,1996856.3823794036,DrDoS_SNMP
6,-161845,2,0,-5.344011912904878,-2.743111460962528,-1086564.1561555217,-459.9718482346216,BENIGN
6,124595,2,0,-2.256124926882319,-0.36756519351003114,619983.0036769855,1999384.113810794,TFTP
17,52901,201,0,434.8013652278731,443.56428497581385,-2114895.959659065,17972.261971514046,DrDoS_NetBIOS
17,57101,4,0,380.0993456796098,332.9834069341142,-780717.3868004067,32501.838283261157,UDP-lag
17,129113,4,0,386.62292340073856,327.93955249850507,-300265.5591366361,8049.359042833969,UDP-lag
17,177980,4,2,32.39377041527024,34.638477099929645,440146.9833314875,1886.4360592534667,BENIGN
17,-53655,3,0,1472.949987499692,710.330060165812,129411048.57873961,1995580.5749740137,DrDoS_LDAP
6,76597,1,2,0.2814796020388271,2.8487034451451128,-112732.0369969327,19229.253460659165,DrDoS_NTP
6,110711129,27,4,-4.312373903898875,4.24512451623423,636832.4577687447,-6047.115849562659,DrDoS_NTP
17,45513,3,0,453.1443501060436,627.9522855774957,1284538108.9222822,1997254.114210859,DrDoS_NetBIOS
6,131842,6,2,-5.72909763978894,-1.3128129503239843,-5989107.860368731,15404.984118971262,Syn
17,-42668,4,0,225.74547388341122,230.93751971094017,460915765.16740906,2007587.774029041,DrDoS_SNMP
6,113670878,37,0,0.3502501267741507,-0.7730067253864793,506845.55755379354,-4302.92038495883,BENIGN
17,-38676,1,0,447.7486290656091,440.023914876945,927651431.9528188,2004291.326052165,DrDoS_NetBIOS
0,103117869,32,0,-4.468459823850261,1.3572757746627648,1821538.3254071646,-6132.511240727919,BENIGN
6,2443,3,0,-0.5153713558276201,0.706481891218591,-1693473.5901649708,2007466.3875069774,TFTP
6,82757,0,0,-3.0890297283079335,-0.26010034629365497,-5094722.130525145,2001289.4885398368,TFTP
17,12926,3,0,1469.066256630122,1470.532359627864,2928510172.5546074,1997300.9837646855,DrDoS_MSSQL
6,-67912,3,0,-1.4919283374967474,-4.476171833393069,-5560282.650525491,1997560.1103144733,Syn
0,80962735,29,0,1.1410641500835919,4.640639033307043,315796.6995454035,8202.085993029315,BENIGN
17,31140,2,0,1468.4591486282734,1475.1620091150887,2935419986.2832913,1996716.6552050414,DrDoS_LDAP
17,59866,3,0,401.7150907441673,330.5494850182554,-4350818.141843184,-1350.1036696502124,DrDoS_UDP
6,60083,2,2,2.8351264593302052,3.113329630474597,637597.1280412213,29529.887853344968,DrDoS_NTP
17,31237,3,0,386.9013564718096,398.20784136892183,756593132.6651224,2000668.6379797203,UDP-lag
17,66288,3,0,385.5457330652345,327.056919693039,-494759.56037615146,5448.675445638866,UDP-lag
17,39672,2,0,1467.4927633178343,1474.5542432799575,2911926765.687871,1997883.3433433862,DrDoS_MSSQL
17,39911,3,0,1476.2154762098023,1473.5602661016578,2900029164.0452685,1995720.8646407397,DrDoS_LDAP
6,112907546,23,28,-2.525234040977479,-0.5823118545785879,-810562.5447068049,368.95287767506306,BENIGN
17,38405,211,0,230.53432767931358,231.1888069539357,5569660.862695261,26381.91186931428,DrDoS_SNMP
17,68456,1,0,388.3053022179743,436.3009686006904,-4267675.700815371,11117.09672910683,UDP-lag
6,175416,6,0,1365.0192812617095,1356.6228184403803,1087332910.4222891,993025.9902332749,DrDoS_SSDP
17,97198,5,0,386.1549758725144,326.2980434715748,2707146.184079473,2964.5460866857075,UDP-lag
17,-24913,1,0,964.4982510948917,527.4255868055955,934637312.6853904,1999593.5355734,DrDoS_NetBIOS
17,-33034,6,0,1477.8727741306761,1479.9975868625045,1475157797.8630831,994401.6040314157,DrDoS_SSDP
0,110097329,42,0,402.405579704373,3.651681879975484,1195451.0851096816,-18079.07939553241,BENIGN
17,87246,1,2,49.202292336368295,54.294500467900534,-3377975.0275530247,6246.074301361903,BENIGN
17,20537,3,0,1476.399391543246,1470.804136666317,2943303768.0564713,1995180.9255666665,DrDoS_LDAP
17,-21237,1,2,27.105344994723414,234.22160474599062,2431233.5548844906,32275.846763164507,DrDoS_DNS
17,-5357,2,0,437.63278889544085,1468.4838609473686,2926652424.845609,2000335.7610282472,DrDoS_MSSQL
17,-80433,1,0,228.47585963334973,229.51925730662347,226521829.4089942,2011352.7165620262,DrDoS_SNMP
17,13736,1,0,444.5662492889089,442.63976421080304,897220248.3993572,666161.4209557365,DrDoS_NetBIOS
17,46733,2,0,392.4964315622645,395.16334224398577,449815861.60676706,1999705.891957588,DrDoS_SNMP
17,22707,149,0,711.9588534444387,448.87831439033494,1460168885.971861,993131.7872070727,DrDoS_SSDP
17,23908,1,2,28.23588229348979,29.2163764080549,2211932.6971038724,6476.922019444604,BENIGN
17,-38655,3,0,1477.028944268655,1480.2420067505548,1478552466.3122523,1001135.5979789004,DrDoS_SSDP
17,95875,3,0,436.58306511426036,449.9819610097496,904612325.1836683,1992881.584587206,DrDoS_DNS
6,40229,1,1,4.058127467949323,1.9627544592024875,1010167.9382591343,-1482.786422259449,BENIGN
6,108294178,19,0,-4.51014236362491,-5.716719743898861,6015063.614041925,1002262.6583664902,Syn
6,13609099,7,0,-3.422197323865558,0.012165663000110766,-3120510.580363051,19751.775397162157,TFTP
17,-38852,2,0,381.44502154903756,393.189530297382,437022512.8637216,1996922.8492393347,DrDoS_MSSQL
17,141724,211,0,422.5484689476042,28.201683168719985,628422.7624158036,1294.749758308164,DrDoS_DNS
17,34804,2,0,223.5844102045983,227.07277619158336,432505923.75947106,2001423.293826543,DrDoS_SNMP
6,85661,2,0,6.9550695602664865,0.9948798390408464,-4956718.841887221,1995717.3131829975,TFTP
6,111169015,20,0,736.8699378853577,3.778524886651379,-2807628.039231887,-4805.258649318581,BENIGN
6,20192,-1,1,-4.485649215107403,0.16806719430819206,-2065496.1797781454,29328.366465693918,BENIGN
17,-9418,1,0,1344.5653164652529,1371.562888686393,1467001039.0326123,998186.8406687425,DrDoS_SSDP
6,81923,0,2,-1.8697202504743995,2.157491999212793,-915527.9170158745,8312.129686001981,BENIGN
6,157925,2,0,8.961810092905035,6.014477284143363,1502868.783811976,2001042.8701659837,TFTP
6,109928,2,0,-0.5022595278842583,5.001687947389861,2420837.2602558676,27241.972629691925,TFTP
17,-67406,2,0,400.5078831012966,403.4534845598439,760088210.2827786,2003453.5814126225,DrDoS_UDP
6,13190170,25,0,955.2223976522776,1.361184765325912,5027588.220368443,9001.839673068622,BENIGN
17,4741,3,0,1473.6962005270043,1415.5739769385257,1470791000.524614,994438.586944281,DrDoS_SSDP
6,5070348,4,4,-0.5750471827744997,3.4567037628589135,1808791.6846654783,-4140.71753912739,DrDoS_NTP
17,-76817,1,0,1476.8884530132302,1470.189177725728,2927356208.0485578,1994786.704223514,DrDoS_MSSQL
17,96622,3,0,1477.8279336059331,1482.8080097740296,1479035336.7496011,995973.2055615438,DrDoS_SSDP
0,69816435,5,0,0.3681021758790913,1.975076566278171,-1702927.719754053,16469.49898667328,BENIGN
17,-34240,-1,0,896.9786895960883,703.1824296486482,946962424.8278836,2000239.6229537914,DrDoS_NetBIOS
6,90988,4,0,571.4246759112584,0.8208415023494462,-391839.43778753304,4316.618796385873,BENIGN
17,26733,0,0,1466.040460807405,1476.0753674437913,1471683225.8798873,670744.8435364708,DrDoS_MSSQL
17,-44692,3,0,395.3623196157367,394.4602675848981,776747661.3323965,2001495.837433457,DrDoS_UDP
17,-115967,1,0,398.589309238961,389.3105201278249,752389690.3081274,1997450.8553844737,DrDoS_UDP
0,9157,8,3,-4.960161587119378,26.414952896143383,-842858.1369852747,3866.8459803339265,BENIGN
17,-75452,2,0,818.8259789520168,233.0725004887011,442619658.40668947,1996380.9410554837,DrDoS_SNMP
17,-33842,2,0,1473.24096916899,1475.4192559469338,2921771131.875147,1999336.4706045063,DrDoS_MSSQL
17,1828,3,0,1467.9890929264748,1469.1116504000786,2931150543.2661924,2001253.1666840932,DrDoS_MSSQL
17,-19802,3,0,401.81913495054124,396.0643213614671,763604019.0070169,2000273.892440323,DrDoS_NetBIOS
6,18527,0,0,-3.4450728584593486,-4.520688557545795,-448492.54635747825,2000533.3496121971,BENIGN
17,72938,3,0,400.20012760418086,331.93623444091537,-3763238.391260354,1805.085141477788,BENIGN
6,13301692,6,0,-1.5832280922408248,-0.9549535088063688,-5027361.356544279,4786.017963886935,TFTP
0,112273431,227,10,1.8056274840284254,2.3463200182347235,1274485.8056778403,-3458.790333417144,BENIGN
17,51263,4,0,220.2508527628481,225.00843687361797,453820962.4982439,2010483.7624858841,DrDoS_SNMP
6,52159,2,0,3.3381413341905524,-2.0330774569995196,144323.73604127392,2000088.7119277345,Syn
17,-166798,1,0,222.41642619423044,227.3610772345536,439622252.4908017,2003830.053454816,DrDoS_SNMP
6,184767,0,2,0.6584099900896033,5.602086072810126,-1247631.1617998534,24965.89570613022,BENIGN
17,68110,2,0,1469.8464295575943,1470.1642288662292,2913869342.9587116,1997520.4351487786,DrDoS_LDAP
17,6588,2,0,224.52031605435593,226.97031633578294,431122717.06786245,998614.4347418561,DrDoS_SNMP
6,13145658,2,0,-1.671323783063887,1.0109023960451993,-2850067.6084360825,13985.081438055491,TFTP
17,37426,3,0,1469.2170663344543,1369.320460423848,1464483220.6699986,1001056.742020218,DrDoS_SSDP
17,-55893,3,0,387.51859318752423,393.1109231865914,2726011104.5566316,1998494.2632592854,DrDoS_UDP
17,69798,205,0,672.2614452804047,435.70315620872583,3088947.6952184374,2799.552594642865,DrDoS_DNS
17,-34241,3,0,1467.3501891202334,1476.3538781336606,2948304583.851641,1999246.550930802,DrDoS_MSSQL
17,125739,187,0,374.26858096664347,516.8176184073999,730965.2137193412,8039.374628160389,DrDoS_DNS
17,-14675,2,0,1481.2359631313163,1479.1947952668274,2941347147.9504566,1999409.102334365,DrDoS_MSSQL
17,21334,5,0,1466.6696915084572,1469.7226462476258,2919176951.216778,1994629.7335532827,DrDoS_MSSQL
6,12086379,4,0,-4.485577428942273,-5.571752450370073,-8957498.402408725,1995599.482756726,TFTP
6,61989,2,0,1.9291444331455463,1.5940712611238246,-3403705.5279405834,1998052.354648373,BENIGN
6,18034,2,0,2.824120136586577,1.0473767182775626,-560616.4940054431,1997457.6421395685,BENIGN
17,21415,1,0,1468.3043775063502,1471.7260058193524,2924671558.4256625,1999071.1810528943,DrDoS_LDAP
17,59316,5,2,56.99215314816375,4.53326595176011,4115928.927953761,-10572.095548188765,BENIGN
6,16982,2,0,-1.789967518660296,4.3698638564933425,-2239783.290938841,24010.723115874433,TFTP
6,107109,1,2,-0.7416198245952172,2.2186240362437015,-2739970.926161661,27495.91219437927,TFTP
6,25924,4,2,3.8569911214828614,0.36609093155110883,1928879.7453399915,14721.98067791024,BENIGN
17,47996,3,0,386.27855646782706,328.0582364211033,2055980.0236645653,10218.040692764915,DrDoS_LDAP
17,14949,2,0,1472.3582365199873,1477.435079115337,1462266528.28026,998371.6288140038,DrDoS_SSDP
17,7251,197,0,441.6990965821885,436.03776679063304,936321695.8660626,646162.263553894,DrDoS_DNS
17,93730,3,0,1466.7493998751347,1470.139469439112,2936496687.360117,1994921.8301948796,DrDoS_LDAP
6,13218951,4,2,-2.166351962011818,0.10535743167179981,-2453527.522370873,24709.334135275705,TFTP
6,13441384,5,28,38.79187154336551,7.513408105286265,1318648.2988029018,9399.111941240746,BENIGN
6,46767,3,0,3.9374163635534063,5.001504250059411,1675039.0266170038,2004331.852815323,TFTP
17,49263,5,0,381.7114876070292,326.3602229221594,-1430298.7101968785,-1168.6850993266762,DrDoS_UDP
17,-20230,2,0,1471.1384422590809,1476.2488523709917,2917795436.1196604,1993846.1448436845,DrDoS_LDAP
17,-26192,3,0,1474.2737887661388,1475.1954320726074,1467560441.64477,1000073.9994519369,DrDoS_SSDP
0,103519137,37,2,2.6384537087057214,3.000992515885895,-432722.0188686922,5461.464367349404,DrDoS_NTP
17,-613,3,0,385.2043254901354,384.789840381903,778153283.0964694,24864.29700989312,UDP-lag
6,100415,3,2,-1.7440646314342967,4.387996332263376,-5641103.231840474,14541.930864110094,BENIGN
6,116897,2,2,0.6572416460000229,-0.15380634823681427,-3513641.9616313577,29213.47639281997,DrDoS_NTP
17,50263,3,0,1470.588207303726,1471.776730584903,2957680308.5499883,1999229.6288775457,DrDoS_LDAP
6,117163380,21,0,1.5131982946614884,-2.023763117057353,-1644906.995549788,15305.505551509421,Syn
17,20119,2,0,378.1052017099344,387.09235483203105,756309013.9535843,13984.087501356436,UDP-lag
17,-3103,2,0,1471.9403486920542,1469.925815624274,2944519830.076157,1005770.4612255146,DrDoS_MSSQL
6,115259818,15,0,-2.4995605435893986,-1.844553755844299,-6106355.602135579,7979.302820897459,BENIGN
17,2326,2,0,234.2037925440431,238.42294536687675,474981537.37413543,2009829.4037557733,DrDoS_SNMP
6,53379,24,0,-3.933654591274402,1.1160573876574666,-6563196.666539215,11762.302998336323,Syn
6,28133,2,2,0.10136893318173645,-0.8274372956787905,1855978.0142083107,18993.150468321364,BENIGN
17,4555,2,0,1467.9288904873501,1477.0947754069377,1456863428.3486505,1995666.7295820192,DrDoS_SSDP
17,71045,4,0,1472.7493869015493,1468.1991877029914,899922281.8396993,645292.1544685366,DrDoS_DNS
17,87799,205,0,930.6227232426975,323.9994295422631,4556297.672704541,1624.2233143139765,DrDoS_DNS
6,-27575,3,2,1.9375679090694484,1.792202885966805,5478447.476251801,14306.417823159903,BENIGN
6,2354059,6,6,506.46699477319805,2.84537520363269,3640175.578025639,3200.8754725075505,DrDoS_NTP
17,26972,1,0,1466.5441451760885,1465.7188895104114,2922243665.9177356,1999921.6838842134,DrDoS_LDAP
0,106653604,36,0,1.4709190323891925,-0.01745439034299129,-1086697.2940072634,-3382.338639940168,BENIGN
6,26334,2,0,3.6057492443595045,1.3506316856746727,-1394166.546718933,2003140.4112767612,Syn
17,-4634,1,0,399.5188074683931,400.48451252857245,793403132.8444821,1998074.7300174283,DrDoS_UDP
6,-23913,3,0,2.8995722465552145,2.771949388752963,856677.1407260326,11479.400949888097,BENIGN
6,135422,3,19,39.63320288245646,49.49523095461721,7146325.740211438,16697.2225324297,BENIGN
6,13290968,5,8,727.6652554519956,1.4888307285257512,5023904.918752323,15795.672278430156,Syn
17,72780,3,0,383.2478757574005,389.17813415939804,1125876.5588147533,1003430.5570726274,UDP-lag
17,-78146,1,0,457.8526437168923,551.8668804183942,449041832.9482638,1998044.1717114763,DrDoS_NetBIOS
17,39982,3,0,1467.1673791447474,1478.1929714303742,168194441.27861583,992110.9494993354,DrDoS_SSDP
17,15216,190,0,438.5581892823641,435.62926927367687,-562569.5403951015,-124.2672736081895,DrDoS_NetBIOS
6,11117,2,0,1.8715812657628301,-0.31031107905460514,155478.3258940291,6539.326921292077,TFTP
0,114778338,45,0,7.704012195863913,6.967376422084218,858164.4730576843,-23372.279179488603,BENIGN
6,74917,3,0,0.7680304351239048,3.9061183965171016,-219287.54768043035,2004669.0390303296,TFTP
17,106263,208,0,440.1262044088767,432.74727667259054,6181658.25634132,-6447.8196105526295,DrDoS_DNS
17,75804,4,0,447.3920889024318,332.73339143792447,6897349.904762333,18939.825562280115,DrDoS_SNMP
17,25384,200,0,430.7793683600455,417.2170002814448,3988822.274580843,12038.197244398545,DrDoS_DNS
6,114990960,22,0,6.338899317411028,0.9412134939076252,-1559812.5818246698,535.9423285975845,Syn
17,-76329,2,0,1467.1856415805703,1470.619573000748,2950753890.8481355,2000288.0007434129,DrDoS_MSSQL
6,-12284,2,2,0.11353283720584947,0.43517736730837947,2910557.737154782,1999082.7335973335,Syn
6,-23778,2,0,2.5118568663315943,2.556752392572197,1564142.1751166922,2001698.4606848008,TFTP
17,44806,4,0,1412.4348226776797,1473.7217842896025,2679661879.965482,1998838.6483716387,DrDoS_SSDP
17,279883,8,0,393.80852926956703,337.53634250090226,2239672.7469411534,-17128.922113989334,UDP-lag
17,99998,3,0,1474.479988530411,1472.5495406999867,2925035105.9143605,2001245.9101976291,DrDoS_LDAP
17,-5280,2,0,442.690662477993,449.604638705137,1040698294.720043,1005700.1030782141,DrDoS_NetBIOS
6,55669,1,2,0.9959479928609914,-0.010747999188005578,-443659.32023155876,12784.438536292637,BENIGN
17,-26903,3,0,1471.4882112427624,1472.1999787401273,2934857959.6311693,1998904.7017365533,DrDoS_MSSQL
17,-122174,2,0,1471.9016792216476,1479.0817389765527,1462881961.5700111,999615.1194693438,DrDoS_SSDP
17,27714,2,0,1462.869718627325,1468.5548043990054,117550862.99130897,994539.6193774323,DrDoS_LDAP
17,86199,3,0,1464.6754539488797,1467.1765913030056,127616027.33377177,4055.7424660434835,DrDoS_DNS
0,80333722,38,0,3.657559696438247,3.0382080457805207,469749.62097770756,-1659.0730219218658,BENIGN
17,-44811,0,0,392.0516645715109,390.4717423977385,777622665.613575,2002239.381479399,UDP-lag
6,-18830,2,0,4.2607417363424895,2.7148232814583793,-681074.7101185678,15700.862499042196,BENIGN
17,76524,2,0,1412.8092268518935,1412.7184385580179,1350538904.2758443,997508.8535697187,DrDoS_SSDP
6,-17137,3,0,1.1382104074988295,2.8506964505194556,380275.414828392,1999134.1140410218,TFTP
17,-24007,10,0,394.622146981313,231.6867614974122,-2149628.565155197,999445.6484368767,DrDoS_SSDP
17,236426,6,0,388.9129697826119,332.8779952809218,6155494.521089425,5937.811273659072,DrDoS_UDP
6,14593451,7,28,-6.228900083759702,-0.9807622091073314,-6465711.843063322,6235.203371387308,TFTP
17,-35862,1,0,1467.4912933442733,1474.31573268674,1456413985.9181354,995691.9323114723,DrDoS_LDAP
17,-35767,2,0,1475.1592809250233,1471.604565938453,2937123749.00344,1998268.7933615004,DrDoS_LDAP
0,110565281,208,3,-1.4843576860650114,38.13436811836094,-997209.3311746779,-3592.318596385134,BENIGN
17,26250,5,0,1473.8186863329786,1475.1790835017878,2952770311.8314357,1995536.249648131,DrDoS_LDAP
0,102904802,31,0,0.8516009904448476,3.3955084277117296,-4864813.997568588,-4806.4518353849635,BENIGN
17,7242,2,0,1386.1787856708797,1412.4292176309252,1281836386.696163,999406.9296669868,DrDoS_SSDP
17,-28197,3,0,1466.7656354856267,1473.6983710913728,2919033250.368553,1995063.3906872303,DrDoS_LDAP
6,113066,2,0,447.057111288309,446.85941574946634,943778310.0973564,2003968.8759518124,DrDoS_NetBIOS
0,81645739,7,0,-1.6245815312516836,2.2061664800520715,170798.97628701152,7168.524370158273,DrDoS_NTP
6,12565585,6,0,-1.1692158148403817,1.2041245437403334,-548846.9468576484,14885.924789951814,TFTP
17,-117021,2,0,943.3146727763003,533.3407523477779,1018291571.0806469,2001025.0538065562,DrDoS_NetBIOS
6,12886862,30,24,442.1703085203542,1.3258695068520643,-6214904.2884604195,-4060.685132382472,TFTP
17,-802,3,0,396.6448505725032,391.1923366579375,785291605.1407244,2000261.518381326,UDP-lag
17,37874,3,0,1462.756272237859,1476.1736579630217,1464009944.5335839,997347.5299152858,DrDoS_SSDP
17,9857,160,0,226.02299414406957,223.1518642395675,7541437.547024398,37169.339610501775,DrDoS_SNMP
17,59631,3,0,1472.446700697272,1471.5507946273583,140870480.70909655,1008043.0887897601,DrDoS_MSSQL
17,-47321,1,0,382.9191102375556,397.99833515647236,1215448728.6544716,2000186.0087094044,DrDoS_MSSQL
17,14686,2,0,388.4497466332993,401.0742895777475,770803784.394826,1997698.6980746195,DrDoS_MSSQL
0,82102523,207,0,-7.339296731705249,-1.1790369186781866,-3081501.726648991,16571.244954181886,BENIGN
6,13383,1,2,3.9193354657320087,5.89130446160103,1560151.1432064066,39365.47884295984,TFTP
17,51289,4,0,808.1977803653413,231.5823041385215,6473436.300586764,7799.151505426857,DrDoS_SNMP
6,111790340,22,0,930.5505925506925,0.5199575307823929,2384174.290121029,6850.224083384439,BENIGN
17,-59302,2,0,533.4184245819463,555.0055093697753,693492254.5968109,1995749.495837031,DrDoS_NetBIOS
0,79305078,213,0,-0.725452719258906,44.01742614477744,-1628984.6748046314,-5120.997859804238,BENIGN
17,-13686,2,0,223.48683832868213,228.5030275868772,443880860.0001577,2007290.4776183635,DrDoS_SNMP
6,41453,3,3,552.1066845766077,3.019833886293798,2531920.8000140144,18579.971386799,DrDoS_NTP
17,101885,2,0,228.4268934081469,326.9386884031194,5386010.080526202,6760.650808383646,BENIGN
6,2842845,30,7,779.3149084455692,4.246891109115741,-2544279.2211026484,-7060.440378358642,BENIGN
17,75370,2,0,1478.3085919380976,400.59329581560144,2925520726.973741,1996099.9368251432,DrDoS_MSSQL
17,-69273,2,0,443.3371451781881,443.3454561302422,965673476.3198594,2005277.8186151152,DrDoS_NetBIOS
0,-139961,7,0,1.1177069691251085,-0.9173343980899646,2699393.7226579613,2002973.7561010348,TFTP
17,29997,2,0,1469.3542351848748,1473.4130434708397,1469213813.2369533,12825.875185517114,DrDoS_LDAP
6,5936,2,0,2.3623071252194987,-2.3129930145966715,1482339.9286270963,1995475.0191463393,TFTP
17,6324,1,0,982.3467211841044,446.8685949385765,936723998.5756216,2000463.1395884685,DrDoS_NetBIOS
6,44562,3,2,40.80216989539216,4.007414416257405,1819131.9795273282,20194.364262836694,BENIGN
17,-54374,2,0,448.5489586425792,440.02060481569197,919282646.6784405,1999370.2113211607,DrDoS_NetBIOS
0,103874374,38,0,-0.912538318395849,-0.38432184820466986,-949541.4170587498,-9794.868236386606,DrDoS_DNS
17,147543,8,0,387.11641125056934,335.9708721847596,1388685.8800896194,-19639.14534334823,DrDoS_UDP
6,45343,2,2,2.451589470454666,2.852644970154737,-3078978.2811969323,29934.24047666185,DrDoS_NTP
17,73181,1,0,1465.3611557505303,1464.9634560101192,2929279942.113416,1995181.8248329742,DrDoS_LDAP
0,106264128,38,0,4.680380375695444,2.7704065524992654,149915.92844904587,-5652.806549427958,BENIGN
17,59741,1,0,1459.8279484971686,1469.5209670772588,139695527.43641835,23896.52954948454,DrDoS_DNS
17,19869,3,0,229.83968454432528,231.52848666543176,9599026.676839558,32178.35664663517,DrDoS_SNMP
6,66120,4,0,-0.1368571703511019,0.71363336108627,3544782.173041366,20760.449618984996,Syn
6,121771564,5,0,-4.3489387691580434,-1.2939668214912559,-5116979.772997723,1999487.0221817095,Syn
6,114842680,21,8,0.15511000925944624,1.6929621737677385,-3939628.8657400943,1971.432374149672,BENIGN
6,33319,2,0,1.970937562417829,0.3621291832359783,-8142009.734030164,1993092.5591624186,TFTP
17,-34915,0,0,433.83709209937643,443.1035569923014,939993514.5860205,2004538.0981258326,DrDoS_NetBIOS
6,42244,2,0,8.852348802164203,2.650348616979531,2000025.7546047184,1998374.4143795404,TFTP
6,116331590,5,6,-1.1516234752272794,1.5805899796285827,-7273811.360670232,19097.859187291993,Syn
17,-59715,1,0,1471.7680995470791,1468.892881032582,2952226835.9241705,2004217.8608905377,DrDoS_MSSQL
6,6285223,226,34,448.8105916381769,3.206450897687779,-5300451.2485438725,-12361.019896853184,DrDoS_NTP
17,13523,2,0,1469.5805847815245,1473.9001777699348,2914819630.8069196,1994616.109024546,DrDoS_LDAP
17,-41536,2,0,1475.1100946542456,1469.7468524560647,2943002696.6478415,1999231.5277079865,DrDoS_MSSQL
17,-66533,2,0,447.8953978069882,450.3011169408867,918055981.7655948,1999492.0821651248,DrDoS_NetBIOS
17,-69372,3,0,1467.381794127353,1473.4457108947256,1469782874.5526729,998979.7478087139,DrDoS_SSDP
0,261783,9,3,-6.098196878723452,19.674286405797293,-5521834.801065744,-980.9841098210927,DrDoS_NTP
6,-56036,1,0,-2.3073867968478017,1.3235888934284203,-1105968.4612006575,2002459.3126439692,TFTP
6,21128,3,0,0.8593457112009835,3.3463817858530422,-1096451.7890320278,1999216.8661886323,TFTP
6,21524,1,2,3.943465560569785,5.273623737216671,-2277459.4240200464,19680.9015309016,TFTP
6,-59236,2,0,-0.11366895062207562,2.831547442413569,2394263.9113713973,18545.177826988154,TFTP
6,4884287,32,7,583.8792840589729,3.2707797109126915,1633224.8664318442,8955.776901123923,BENIGN
17,-112121,1,0,1470.5490877834168,1473.2453352065263,2937158432.616573,1999808.9956580356,DrDoS_MSSQL
17,57969,5,0,1479.16106667204,1473.9159870293995,1471139964.8191633,996749.5830705487,DrDoS_SSDP
6,117898047,30,2,-5.6711691147786265,-3.084534196524459,-7437082.388291678,-860.5358459002618,Syn
17,97746,4,0,1473.8912488669441,1476.267920335876,90834703.22394618,993976.4734013901,DrDoS_SSDP
17,39086,2,0,228.70507652264658,226.86601633950858,438424297.77700436,2000829.0052483669,DrDoS_SNMP
17,42444,4,0,389.56800621299305,398.771614134116,796457105.4737394,1005482.6448493307,UDP-lag
6,3939583,31,5,590.2785273224354,5.334036256149635,4709318.964703515,-5317.507403948961,BENIGN
6,81174,4,0,2.252508730527547,3.602077182413456,-7604456.531239173,1992376.6344449192,TFTP
17,84784,4,2,32.16359318301514,36.70876389574096,-1034746.957942378,4224.210405025026,BENIGN
17,-95732,195,0,436.37065429875037,433.8422371965135,1526227.254533879,-9793.627692499584,DrDoS_DNS
17,-49112,2,0,228.47502030479603,231.5732112336067,439692528.015161,2002199.3311470153,DrDoS_SNMP
17,78235,203,0,439.99786304584586,443.4072851673732,1517289.2773787186,5295.20636374202,DrDoS_DNS
17,-70284,2,0,395.28914983935186,385.9026281744779,776659115.992072,2000787.7673175843,DrDoS_UDP
0,87518859,40,0,1.3680454561636313,-5.958182138502739,-78102.23754357733,-11315.423900962665,BENIGN
17,42716,2,0,30.22733716802249,321.1339338392211,3757754.0170371355,15161.641155419435,DrDoS_LDAP
0,105536632,32,0,-3.7197834761221347,0.47122359729806396,498065.57255069667,-1863.398916609869,BENIGN
6,12264,1,0,1.6286813775651194,0.611359042400277,-3340387.7425140096,1996434.1902467068,Syn
17,63142,4,0,1472.1352468115167,1377.52613938887,2687472119.578458,1994587.0588577632,DrDoS_MSSQL
17,41890,4,0,223.7769021243952,218.2679291886506,445935371.76648474,2003953.174092138,DrDoS_SNMP
0,119640214,9,3,-2.303999750961952,0.7971696667779983,-4650936.628284815,-5483.7830223554865,DrDoS_NTP
17,82481,5,0,1472.3482934783844,1472.9675428664996,2913712472.947254,1997356.2257712737,DrDoS_MSSQL
6,93775,-1,0,3.6215259517927123,6.228570989731003,3852896.849068585,20226.465934818203,BENIGN
17,16173,5,0,1359.0990866085433,1389.5894326310686,1207040340.0691223,1001285.8026180922,DrDoS_SSDP
6,118332629,31,27,961.8937376420629,1.5028436256688742,-2360128.0982972067,-2321.2231397051055,BENIGN
6,17301,3,2,-0.5633368220667712,4.480370858762174,5306510.6776512815,26379.824659999707,BENIGN
6,113674304,15,0,3.579137918928994,2.152745525780461,-858173.418916493,-5466.50319316567,Syn
6,115930918,4,25,1.970178229704912,-4.188870536501393,-5863641.540487732,15677.36031424773,BENIGN
6,101310,4,2,-2.1065819763534117,-0.3260975407249126,-2431607.0192970596,20112.20075416295,DrDoS_NTP
17,51248,5,0,395.5760655441999,334.45988298445377,-8119696.259555242,-731.7630011658584,DrDoS_UDP
6,94113,3,0,1.8829691950295422,3.3097992371211724,-3707405.8520710003,1996788.8526330772,TFTP
17,33310,4,0,1386.1329407423716,1383.3295703967697,1456693222.8988864,1004261.72018499,DrDoS_SSDP
17,-3915,3,0,1469.3701896355844,1476.2690540023077,2921833228.6464963,1992326.8527112044,DrDoS_LDAP
17,92011,3,0,1464.822202088636,399.12128529414406,-6490065.333008475,996709.0784622561,DrDoS_DNS
17,-22428,0,0,443.82442664757025,445.67555997135344,929470472.597243,8296.803944447985,DrDoS_NetBIOS
6,-501,2,0,-0.7358169074798179,-0.21504232365183423,-2114669.410572634,1997233.3517235955,Syn
6,63993,3,0,-0.15954049203103737,-4.728489190971962,-6560451.235193224,1997038.4366532252,TFTP
17,87788,5,0,221.87852448507343,229.12865485386067,6848256.932471213,31414.39645502514,DrDoS_SNMP
17,38471,2,0,1473.958967797737,1475.692839052597,2945836981.9519176,1997997.0696109901,DrDoS_MSSQL
17,-11651,194,0,429.7228353331099,432.08646492411606,44594.358701950405,9329.007711757398,DrDoS_NetBIOS
17,-9616,3,0,578.939241718795,560.8700616614585,961483063.4577689,1996711.6548720992,DrDoS_NetBIOS
17,59996,1,0,394.09699904006214,399.3536681414041,763141173.5323148,1998671.2690159814,DrDoS_UDP
0,103149739,8,0,0.15890048096413642,0.5186861184005402,-4058946.6863630507,-5002.685318087415,BENIGN
17,132108,6,0,388.004207903971,336.0685725629755,6562878.631494357,7958.820852237625,UDP-lag
6,107930,3,0,0.09806222232020928,1.204314106106033,-5639764.337476591,1993669.0146326541,TFTP
17,-87829,4,0,235.5801417518148,236.09182414058859,220198106.25233802,1005147.4975359848,DrDoS_SNMP
17,46917,196,0,443.2145103133692,438.9615954160582,-4874960.927148283,996365.6836953795,DrDoS_DNS
6,54957,2,0,534.4258048839771,-2.785270662267114,399584.96652339736,19354.719343430304,BENIGN
17,-12331,147,0,447.5699265854769,506.39687756017827,7389323.793486589,11737.403757832963,DrDoS_DNS
6,89704,2,0,-3.0486022338189263,-5.783182765988269,-5821334.303866013,1996367.4077417252,Syn
17,90479,2,0,1473.165667701319,1480.3606341681184,2936175904.269574,1998449.4920364553,DrDoS_MSSQL
6,121021435,35,22,544.358626134862,0.8610362488286392,-5403441.429558508,-17666.16309216116,BENIGN
6,13241657,6,0,-0.46853458152264776,-3.6970273525613204,-932708.0683522818,6235.1759385034,TFTP
0,-166183,7,0,0.11938186359369958,-3.279499255638022,-3594509.785409862,25309.185617540712,Syn
17,10719,2,0,234.5307023668314,243.62642565927018,453324418.56453604,1998802.4973507267,DrDoS_SNMP
17,64625,3,0,1466.9719659014254,1469.6805697144212,2941286067.246461,2004513.1763386438,DrDoS_LDAP
6,82160,5,2,-2.075394767937493,0.4257931725831723,-977381.722919469,9046.021848629654,Syn
6,13049219,33,30,599.8054414727611,3.763632344881901,-2031888.8038676993,1588.6593236161261,BENIGN
6,27528,2,0,2.648722283090138,0.06634693471275027,-2404909.9273689343,2003169.131626675,Syn
6,63231,2,2,-2.8805078950620233,1.1021467413175583,-2060815.686389405,8932.137263142722,BENIGN
17,37047,2,0,1464.9700915586866,1464.9711755992564,64310655.99431205,3159.357679700147,DrDoS_LDAP
17,53744,2,0,389.34522524170654,442.861341956634,2201022.5735786846,9270.294409782295,DrDoS_UDP
17,-8696,4,0,222.90682273820676,224.20344303795594,442552434.2385677,1999873.4715143396,DrDoS_SNMP
17,53451,3,0,1476.4564482734836,1478.4409387105957,2940455205.7256346,1997347.1715252022,DrDoS_MSSQL
17,64089,202,0,442.7480454774274,444.9903823413427,1633912.2644078084,16530.778273978944,DrDoS_NetBIOS
17,22556,3,0,392.1055673547708,396.44541133685505,2924613500.685965,1999915.5923333168,DrDoS_MSSQL
0,110648153,43,0,0.5725765335514623,-0.9111907183357859,-1588070.285587522,-10988.010410154715,BENIGN
6,95767,3,0,-0.31462467970177754,3.5075299370073934,-4510237.834995303,28968.315350983066,TFTP
17,118438,2,0,1472.116450618164,1472.1281136721398,1463921812.8386953,8558.283076318345,DrDoS_LDAP
6,82381,3,2,40.72199112986942,2.52103897566765,4505421.8342616735,13623.863415093367,BENIGN
17,36155,2,0,1476.2349841518062,1479.698265546955,1461015973.1109846,666263.5016359463,DrDoS_MSSQL
17,107222,3,0,219.35739603534998,226.96314473542245,420945771.78389627,1999443.8308911931,DrDoS_SNMP
17,-52317,2,0,965.9634104576243,1475.0696390165494,2931893718.6569076,1996036.3004638914,DrDoS_MSSQL
6,52452,2,0,-2.7682627077349338,1.8016858733376504,1337527.6311992027,2002995.4590817145,TFTP
6,99972,3,0,3.3627521053097085,7.388232760519939,-547002.0749725299,29050.116168054832,TFTP
17,-19550,195,0,442.02821553356426,448.3088861426856,863169.255089842,-2663.958618093462,DrDoS_DNS
17,-56976,1,0,401.6239693918589,399.23964942927694,797533620.5426857,1998231.392643857,DrDoS_MSSQL
17,47240,3,0,1480.6299530051792,1469.9429810673419,2934094076.9040837,1998879.2006440703,DrDoS_LDAP
6,33493,4,0,-1.4064958891479413,0.28822587979075304,-6023440.247040374,1995742.8750210484,TFTP
17,84454,200,0,442.41481461466304,446.5430487151404,5363768.811862003,10878.606426142864,DrDoS_NetBIOS
0,82570573,34,0,-1.0717588200509875,-4.504741416041865,1339297.2062139737,-4610.131722522803,BENIGN
6,107019,4,0,-3.3740302621880125,0.6087512042741382,-1209115.6697218835,2000205.1317910291,Syn
17,-63360,2,0,407.96527073389404,395.41039176973044,784720047.654979,2000763.6147380588,DrDoS_UDP
6,8020,4,0,-3.8020724907569607,-1.1572434436411136,-2938007.843742174,2003589.4051528021,TFTP
6,43894,3,0,-2.148320538439362,0.12254741771784532,-2841111.135252502,2003730.6430430273,TFTP
6,17524,2,0,5.334749104108444,5.774824861549632,-77732.08210496558,2001132.6263484352,TFTP
17,7839,3,0,1365.2690250208216,1365.30877420568,1457778013.2854612,999401.915632829,DrDoS_SSDP
6,107658961,2,1,0.3254413373988154,-1.7483918551679956,7051478.442000085,17340.969516618905,BENIGN
17,55644,4,0,1468.4384786359094,1467.992148064684,950734105.7269102,650478.8119657772,DrDoS_DNS
6,118325180,3,2,3.721233297346448,-1.5723835859296014,-3189496.9245659867,16196.884847224814,Syn
6,120407789,36,28,446.11525875558647,-1.8453009392028532,-3125388.901567786,-16954.70539760955,BENIGN
17,127764,4,0,390.13890196173065,332.79695530942473,-1204404.5761010896,16592.392531235477,UDP-lag
6,118362743,12,0,-1.6199920670998993,-3.115602505511548,-2020685.0925898056,-4364.284569821008,Syn
17,-38316,0,2,1460.2069979286025,1476.3006426570903,1461809449.3602195,1004517.6317563388,BENIGN
6,126902,1,0,1.5248041288922871,1.8655665093406812,1920043.5592528053,18685.85250059768,BENIGN
17,-38724,-2,0,1010.4630102606552,443.5386639000784,1224610660.0833342,1998552.5487283363,DrDoS_NetBIOS
17,-65027,4,0,1474.12804698847,1472.6208312491324,2929367846.7233696,1994282.9177163695,DrDoS_MSSQL
17,155592,6,0,403.89638315084557,337.617028589267,3324760.5992689617,1857.0984669010522,DrDoS_UDP
17,-6210,0,0,1376.8655059743974,1365.9358438602612,1158850931.4063208,1001355.9289720536,DrDoS_SSDP
17,64085,1,0,37.3072380919372,41.78997003944723,114883832.1207864,1002267.7403828385,DrDoS_SSDP
0,120403986,244,48,-4.898823704307025,-0.15600924994340487,-3397534.4811431337,-19003.832093973826,BENIGN
17,-4443,2,0,448.92881832547596,447.0082485123746,1636193.223152575,675143.5487801168,DrDoS_NetBIOS
6,62028,3,0,1.728186582008598,-1.5517433096157947,8486633.083231157,21869.738418430654,TFTP
6,105838313,10,0,-6.473161241365781,-2.2913975121645236,-323361.7553367147,1994845.3817366015,Syn
6,110539,4,2,9.076552517199517,-1.1210160061944339,4951335.126322073,17214.373976565174,BENIGN
17,-38097,2,0,544.4601885558924,662.3757026615128,891339721.241261,1994387.1228408962,DrDoS_NetBIOS
17,-40978,4,0,229.27439641220604,232.63843643141215,441513605.8162926,1996678.4062396372,DrDoS_SNMP
6,108665,2,2,-1.1116316694060313,2.4330864644247514,6182336.293062084,27622.1820050325,DrDoS_NTP
17,-23763,0,0,727.7036474435022,395.0450336241615,775376167.8966599,2002332.1981304954,DrDoS_NetBIOS
6,159746,3,0,6.221640497003731,6.13119901055562,2380847.320154479,1994744.6726708896,TFTP
17,-49372,2,0,226.4716798577681,233.35780369709,471105431.2209031,29095.62587862159,DrDoS_SNMP
6,84254,2,2,43.99095595193803,62.00340362653547,-2025117.0261988833,12044.135164312152,BENIGN
0,108161066,41,0,1.5149701518319034,-0.07158318797256881,-343379.13871527277,-29882.112926388207,BENIGN
0,78936484,33,0,-4.284243428000874,1.2282681273357026,-475227.485941038,1847.0441705653066,BENIGN
17,-34772,1,0,437.0543930274908,451.37909523875425,1221412172.1135807,1003303.0121113342,DrDoS_NetBIOS
6,143943,3,18,2.848785474892065,5.467226116253629,-5482005.64639418,2066.628524049932,BENIGN
6,74468,3,0,3.99118468627775,-1.2294032961953285,1154696.6089473604,2005084.561905191,TFTP
17,60158,1,0,1478.217337890279,1480.9051131918131,2702484024.3916755,1996485.7514454995,DrDoS_LDAP
17,-28469,2,0,1470.390726910084,1470.4080806767242,2916406816.839942,1997134.7666269883,DrDoS_MSSQL
17,126297,4,0,394.70252345206137,330.8844779864372,-2771056.7355816653,-10282.900973706528,DrDoS_UDP
17,82672,3,0,381.9215410005809,335.7888294152767,7259742.010817486,16502.592862750647,UDP-lag
6,115183321,13,0,-3.3465114238185896,2.2696465230814695,-2233771.1506095985,3105.8491177203186,Syn
17,-17190,1,0,389.8705438206687,381.1791840223368,816630473.795036,1998111.6224821226,DrDoS_NetBIOS
6,-67281,2,0,0.47918158074284767,-0.3746468639251912,-1708475.2197176416,2001603.5232854674,TFTP
17,196733,6,0,393.7397651226818,345.65412640882306,-2167743.097261587,-10107.86184834391,DrDoS_UDP
6,67761,3,0,1.1135778095051403,7.232350747053218,2858447.018294704,2003404.3137294187,TFTP
6,-24326,-1,0,-2.7605905613366195,-1.0360561015222374,3042913.404017223,2003074.1696199114,TFTP
6,117441415,18,2,-3.284598524122709,-3.038441659127389,-5395620.654461052,6261.587164060869,Syn
17,49457,204,0,442.56048782764196,435.6237047533796,199178.94676653342,5695.4322150175985,DrDoS_DNS
6,2915280,5,26,61.69097521458221,4.240045174386238,3965268.1485923147,6549.045670142552,BENIGN
17,8955,3,0,891.5862368873325,571.8725841730198,921360897.3151803,2001247.5820857203,DrDoS_NetBIOS
0,89094434,7,0,0.3390044814458001,2.7005856317380608,-4596411.846381116,8920.23745563799,BENIGN
17,-54668,-1,0,439.9273691450389,441.05985418278044,943271158.4300702,2002153.4853138311,DrDoS_NetBIOS
17,-25645,2,0,555.8010229409178,439.36942970664535,923858480.1787243,2003700.128798548,DrDoS_NetBIOS
0,104876687,202,0,445.0067936510125,-4.520850122667757,3981716.5785903204,-8314.846246003664,BENIGN
17,-88849,1,0,231.93665405998897,230.4850314976902,471468674.67642504,2005603.2391286474,DrDoS_SNMP
17,41187,4,0,391.7521860215157,402.48033760708097,1233365909.1449454,998336.8985956782,DrDoS_SSDP
6,87299,1,0,-3.3196566074766234,4.133588366270708,3080014.843266617,2006685.8557874868,TFTP
6,-41570,3,0,2.112880395234381,0.16092198370572602,3040557.0519375615,1998013.27907944,Syn
6,200554,5,2,-1.3424610534662207,0.6857602790385909,-3283092.2974940296,23562.393558283227,TFTP
0,117793031,47,37,-0.977348614425558,1.268332183123774,-7074966.221171184,-24089.907251549037,BENIGN
17,96326,0,2,50.48843134322201,47.00992011028202,912939.5594911196,8583.81948164636,BENIGN
17,79451,1,0,392.83950988010923,820.0411274116111,789108393.5538417,1995277.8242168599,DrDoS_UDP
17,-32224,2,0,390.09940706932406,389.914394853065,760653781.5720056,1996363.00442885,DrDoS_UDP
17,-133174,1,0,374.09604954332144,383.0240706058172,762470211.3030852,2004862.8012876739,UDP-lag
6,20007,3,0,3.37729656441512,1.1089198610811353,-3245312.2846776955,2000199.7922362832,TFTP
6,84761,4,0,2.391845192004043,-4.1003952624940085,1096084.6996678037,25927.55169753858,TFTP
17,269943,8,0,392.06710952425374,332.7280354681107,3063637.4111754373,-10171.628576301999,UDP-lag
17,8231,4,0,1469.138881755953,1474.6507094511671,2931219995.608047,1997230.0388677448,DrDoS_MSSQL
17,-48274,0,0,380.21003538997473,327.8323929049242,-3761458.209339489,641.6917645535104,DrDoS_UDP
0,113468475,7,0,-4.390741114221795,-6.305489606979539,-2318989.0389552843,10325.491878944584,BENIGN
6,138258,2,0,1.6960553612691316,5.726311060543977,-931522.9804179303,1997322.9444147942,TFTP
6,65712,4,0,3.6706718275326438,1.1656245711261077,4955231.287447127,2005344.1818919359,BENIGN
17,1076,1,0,404.8849399473669,400.25789036033956,780349479.6581304,2000489.2650461872,UDP-lag
17,125522,137,0,438.20641900390115,325.77058137411575,5174308.011949108,20282.76052273425,DrDoS_DNS
17,5200,4,0,398.93323993086216,403.9010149046645,775839610.8313868,1991821.7155009122,UDP-lag
17,63308,2,0,1470.1010291654225,1475.3489323227338,2933975440.617627,2000111.0221225284,DrDoS_LDAP
17,59435,2,0,397.78109736248746,400.1572873088696,755467511.9281802,2001260.5084591385,DrDoS_UDP
17,-66121,2,0,1169.7763769055477,607.9583229944955,955718828.2140957,2001151.6366835802,DrDoS_NetBIOS
6,89563,3,0,2.5641751570244686,2.1187557652729585,4657657.988727697,1999522.4431929202,TFTP
17,175741,5,0,387.31141648005377,330.4610960981838,-6136145.1964627225,2537.071873742678,UDP-lag
17,87443,2,0,393.18207139782135,327.35927281584395,-604638.0146798766,1804.5283983180634,UDP-lag
0,-10445,8,3,-4.194600939335914,2.8921042633458747,-128138.04593195906,21188.012194690928,DrDoS_NTP
17,168040,4,0,393.65681116726876,330.28023905745334,-83479.55726925447,1285.5011224577065,DrDoS_UDP
0,112551215,45,0,2.4949594701515365,0.40490667544993686,-4089213.000094817,-22164.329023754355,BENIGN
0,104958629,29,0,-1.64110095872108,4.868829185124848,1484862.8288447573,223.62443188600628,BENIGN
6,120603953,36,2,35.114543455090605,-3.252221751320754,-5485604.126314433,-3020.258069354548,BENIGN
17,-21072,2,0,227.0001245342625,233.75083538445847,442642055.54020524,2003665.1238912567,DrDoS_SNMP
6,199422,3,2,-2.8978209719415187,5.514044590089105,708820.9128957506,37481.0487859578,TFTP
6,-16702,1,1,4.4394684307260235,-0.9102679159028795,792187.0845675683,2591.0320676217852,BENIGN
17,-619,4,0,800.6920523982147,450.54597126574885,-183851.1368470688,674735.7481467446,DrDoS_SSDP
17,-1192,2,0,440.1925272388239,1474.7859427982266,909870549.7791497,1001130.8705672777,DrDoS_NetBIOS
17,70052,3,0,1466.9403004607802,1479.9173752778884,2914819118.1339483,2000315.0192189554,DrDoS_MSSQL
17,-2395,3,0,1473.0276773866208,1473.3152168706335,955817772.5907489,674989.8852291512,DrDoS_MSSQL
6,90988,1,0,1.271109638633917,7.196973739717689,-3852579.795086788,669816.7339931509,BENIGN
17,183888,0,1,13.027387414196063,47.700393312559925,-103284.75219659973,12400.6535011101,BENIGN
17,-1503,2,0,392.34964199834707,389.25979921749826,774636897.3317263,1999635.17649917,DrDoS_UDP
17,-33108,3,0,1464.5563400458448,1471.543929313849,2928783978.5201573,1998331.7344017974,DrDoS_LDAP
6,91416,3,0,-3.7319616595073515,2.1340564249669547,-2708318.47560249,998646.9746484149,TFTP
6,115077407,16,22,-0.18116322465684676,-1.2655168634293377,-3998798.4407618055,13604.981216716145,Syn
6,-23229,4,0,385.66813884637645,-0.07660087778729123,-2886309.288534009,18043.06595611244,TFTP
17,4353,1,0,221.54622299746714,228.1272366759554,128100010.76744065,1003068.7270689737,DrDoS_SNMP
17,-58668,4,0,1469.0229413324491,1480.3536313185023,2951200591.3195,1997669.0890228446,DrDoS_MSSQL
6,13415832,4,0,5.232570228795099,5.574421697488488,4544363.313780599,22138.166011027617,TFTP
6,15231827,5,2,4.012083433601344,0.7249397104533978,-1651366.0603208642,16985.080692314838,TFTP
6,124759,2,2,-2.7689614102408147,6.551475042484786,4689038.5266985325,31227.282240467983,BENIGN
17,10,1,0,224.53384074059687,221.04849827049077,421960351.20822895,1996135.7417960118,DrDoS_SNMP
6,13641538,5,0,-1.5236927454836473,-1.054983566221159,-2870098.9498152267,27980.433522559015,TFTP
17,128360,2,2,23.48817034000924,34.630028719295815,-3218010.9723780584,-2499.7170758368884,BENIGN
17,-82768,3,0,1471.800203922175,1470.6129086846574,2942100773.754112,2002003.7189520046,DrDoS_MSSQL
6,13446842,30,8,537.3859171359074,1.7757128413886647,-2437839.5349817043,-3830.043305312678,Syn
6,-13207,3,1,1.5638554389419952,-0.3135952774721367,672403.4827808327,14666.46171869078,DrDoS_NTP
17,-33822,3,0,610.2931288756645,225.27090182791747,203962613.22565168,1000484.868656674,DrDoS_MSSQL
17,70219,3,0,1475.7333004205927,1478.0361184906017,1210744212.810586,993758.3886390193,DrDoS_MSSQL
6,-24613,2,0,8.016614267715813,0.9723988822776155,-2526130.5992640583,1002900.9886616525,TFTP
6,138124,2,2,-3.2633306600986804,2.081189439873798,-330632.6657380166,2003854.2839149267,TFTP
6,-17828,1,0,0.7311164005024168,-0.7263356520595332,-7377756.591032642,2001692.4116372815,Syn
6,8375478,6,9,1.0116883221699775,5.794715519961952,-6446914.711043668,8184.160335998873,Syn
17,76036,2,0,389.0539328221024,396.1163875432655,752414211.8826134,995413.9017630296,DrDoS_UDP
17,-17582,1,0,445.18633917704756,441.81151895139254,858910316.4342358,1995740.5101310275,DrDoS_NetBIOS
6,5430526,32,8,982.8481343564356,-0.09227357990597045,-2590629.1778555727,7276.035286028268,DrDoS_NTP
17,20198,4,0,1475.5878389393704,1474.4575074530703,1474306121.711965,995603.7101431461,DrDoS_SSDP
17,-33119,4,0,386.3501254975441,395.5751664134983,3008971.8413619827,7740.361968911209,DrDoS_UDP
17,37072,2,0,1465.0958387605824,1474.7145712938204,131055108.37048781,1004912.8550328199,DrDoS_LDAP
17,56941,3,0,392.39820207007017,392.4713968217212,778199144.959879,2003612.1184553136,DrDoS_UDP
17,-10064,3,0,1473.6089434374449,1473.926681028991,2938087392.576378,1993580.5829999032,DrDoS_MSSQL
17,-111068,3,0,394.98002516804706,384.8843152261194,778052016.0171486,2002146.1005079912,DrDoS_UDP
17,-5284,1,0,1470.4787203533726,1473.8001999264159,2923990918.7454143,2002034.7683758885,DrDoS_MSSQL
6,-14861,0,2,0.14742793087534217,0.622543941273327,4191298.6416169032,27576.91947918811,DrDoS_NTP
17,79152,4,0,378.33861292193205,319.62541558016375,-3129522.0802797107,2786.614669057629,DrDoS_SSDP
17,10360,0,0,12.769233877548714,35.72057286460165,-3184284.6850395454,21234.958810840053,BENIGN
6,6609767,38,8,526.5522625646225,-0.5669365540114659,-1936558.3440976061,-14228.539746680162,DrDoS_NTP
6,94675,2,0,4.61837119523079,2.5169797073088698,347340.37164808554,1997337.7462351527,TFTP
17,15008,2,0,397.92227380092953,395.4493494097916,779001045.4693527,1996263.0047270767,UDP-lag
17,64347,215,0,439.49019874789354,814.7028434070361,-1437326.2950687378,-1540.0039101435887,DrDoS_DNS
6,3123214,8,33,523.0573861730536,0.7790259035816359,6241882.197253435,5098.64253136388,BENIGN
17,-41085,0,0,26.062241931999523,35.7744152557127,5982680.515836706,11903.12913034174,DrDoS_DNS
17,80868,3,0,1464.0867744311595,1475.1355746606841,1463120197.8341808,998687.9494574629,DrDoS_LDAP
17,-53751,2,0,380.5095611809593,230.13208511550022,437792902.3665933,1995899.0865971413,DrDoS_SNMP
6,18765,3,0,0.12009487482844095,0.949916486920833,-2669107.4993030243,1996259.1219064486,TFTP
17,111526,2,0,1398.4504418960623,1390.4452383987975,1168149275.3551562,1004511.500506847,DrDoS_SSDP
17,43369,3,0,1470.7485281298161,1471.0553513431084,2916573912.598771,2003191.770205052,DrDoS_MSSQL
17,-25975,3,0,1473.1681938226814,1476.347594951423,943904430.2915386,1003989.0593652504,DrDoS_SSDP
6,-79070,1,0,4.90503178417951,-3.504616571629356,5482126.214675422,14996.947403729184,Syn
17,-23161,2,0,1476.4090626339846,1467.9027930738187,2932495339.398893,2000832.9740017497,DrDoS_MSSQL
17,61900,4,0,1472.5403798561322,1473.9466267655598,2954823896.656567,1999801.9160777389,DrDoS_LDAP
17,-52409,0,0,1471.4765406656688,1476.9285515663871,2948067558.707768,677340.6925552282,DrDoS_LDAP
6,8052180,29,9,-2.7460138469610653,-1.3697118704984388,-7265670.08840548,4028.810304458968,Syn
17,51914,5,0,1474.8404054426235,1469.799784752989,1464414205.2552657,997258.8429577218,DrDoS_DNS
6,98686,1,0,-0.0629561629690616,4.6188998928418075,-4474468.3111095,1999643.0322925176,TFTP
6,13465,1,2,4.414999534291331,-2.156855374121914,3223290.0955681046,2003281.6179889857,BENIGN
17,93431,2,0,1465.584966995223,1465.9017283568164,1460172398.4153652,997266.8742511866,DrDoS_DNS
17,-15455,2,0,454.67356561996456,433.96685294922787,963493336.7255179,2000239.979310612,DrDoS_NetBIOS
6,122197550,26,6,-2.326310697067825,-2.341441976709208,-8176786.629335846,-4649.231956339945,Syn
17,29891,5,0,228.03639042646245,232.0033140504171,425281100.59666,1995447.5098427427,DrDoS_SNMP
6,12521103,2,0,-2.445001845486136,-5.8148229712426875,-4919426.285399037,1998841.076261835,TFTP
17,29263,2,0,378.6462283250796,331.46173038979276,3167969.8418425587,408309.19664000423,DrDoS_UDP
17,40921,2,0,1470.933613958126,1477.0094945298117,1464713895.0442047,999191.8973387877,DrDoS_SSDP
17,74779,4,0,228.8990392019527,232.25178230871248,446861731.1994598,2001531.512152429,DrDoS_SNMP
17,27382,4,0,225.06124978925212,235.46466613168897,2397022.2941313926,15332.534161338412,DrDoS_UDP
6,46138,3,0,758.674367746638,509.60478172980993,438408726.2285119,1991417.9964626005,DrDoS_DNS
17,-51623,2,0,445.60987073782485,443.84135065656767,927583843.9180459,1999448.2605507674,DrDoS_NetBIOS
0,98610529,207,3,-7.209070807658786,-3.330556711365201,-2150830.8321671924,-2074.9405260671756,DrDoS_NTP
17,24084,2,0,1468.5538381781225,1472.3766742826874,1470793718.7817497,999983.3779449286,DrDoS_MSSQL
6,76861,2,0,0.9807803158574587,-1.196635786901575,-384547.4561738083,1994779.7924987462,TFTP
17,48700,3,0,1472.0153587118543,1471.242187886171,1475900737.74942,1002031.3914477762,DrDoS_SSDP
6,115355504,26,0,-1.7539483252644497,0.33137874809329804,-1177865.0485257313,15002.937879273013,Syn
17,-45386,1,0,1464.9507528305537,1468.6178019381189,2929466750.049016,2000356.8518829893,DrDoS_MSSQL
17,-57011,2,0,390.59748918172096,386.6866084576649,769989060.6789889,1999130.3894938405,DrDoS_UDP
17,-62522,4,0,1476.709718271808,1479.7398844560294,1474119316.7207077,996196.0738048728,DrDoS_SSDP
6,32380,2,0,394.30241019191794,0.8055161652429859,-257852.29539508303,2000088.120455612,DrDoS_UDP
17,35250,3,2,1465.5083200182758,1472.2323434235457,1459260180.1638987,998965.363168054,DrDoS_LDAP
6,88122,1,1,1.0546164489179708,-3.004157982891166,-3812706.619028762,6358.440548916349,BENIGN
17,-29519,-1,0,386.10497861586765,825.448599632211,469836229.87099886,2002253.918157915,DrDoS_UDP
0,109121049,40,2,-0.732957526285801,5.595747850943337,-3671284.157093494,-14915.676312660868,BENIGN
17,-16069,155,0,435.4207684536238,438.82594525590457,1426434.7998658866,15861.633637100855,DrDoS_DNS
17,9229769,219,0,401.95355837101675,330.9959783384186,-8372602.345861602,-21972.150987595047,DrDoS_UDP
17,-32070,4,0,392.12783903771344,394.97961311256427,766169982.2545362,1997815.3063747885,UDP-lag
0,106382029,43,0,8.025240248531214,1.6041809219780072,-1262.9074726034887,-23314.856089358753,BENIGN
17,28380,3,0,1472.9803602384507,1468.114002859592,2949860112.82355,1999465.2636732678,DrDoS_MSSQL
6,111039404,18,0,1062.49927492581,0.26719041906176316,612691.2233805769,-2217.2288307848703,BENIGN
17,143360,207,0,432.94463200601206,502.1377206676698,-354449.04108370445,3591.9211257588404,DrDoS_DNS
17,171150,5,2,35.62526267311854,31.46839825255618,-4258681.916822532,-1322.3577620988362,BENIGN
17,166669,3,1,43.13367794688405,47.021852266605734,-1465450.8609798488,-230.45043789705414,BENIGN
17,137497,4,0,393.2949069079489,398.1527876309128,767465906.8287569,2002411.9439844585,UDP-lag
17,-33020,1,0,1344.6767097229501,1410.9494765826503,1330631690.844128,1001208.53178312,DrDoS_SSDP
17,-54531,1,0,1465.028445019712,1474.5444818029862,2921309914.247139,1997587.0158985972,DrDoS_MSSQL
0,72892388,24,0,-1.9266567440371931,4.183543859337271,-220151.8700243968,-5583.710334044616,BENIGN
0,76755842,6,0,2.068266263689135,1.9106043363422567,2758481.4286377747,10675.081282897763,DrDoS_DNS
6,1681,23,0,3.3843539205140907,-0.7575221470399479,-1528578.8712830732,1996745.552573853,DrDoS_NetBIOS
17,59721,2,0,1463.497768572402,1473.011009400062,1458997327.7526207,998913.2545372514,DrDoS_SSDP
17,-48554,2,0,1477.1184382619908,1478.6490660479717,938104165.2498208,671548.3274990689,DrDoS_LDAP
17,221560,202,0,437.8809749713702,559.1282309109444,4108349.733635674,4773.358409881561,DrDoS_DNS
6,77048,3,0,3.556408866915402,2.100495586659949,453094.4380960247,2000512.5630328422,TFTP
17,41597,5,0,388.65302756270137,40.697929433712254,4522533.269287505,-3714.1668036868523,BENIGN
6,49099,2,0,-3.8654895046289868,1.0333551895731292,-4054622.390412336,12238.602258058152,Syn
6,63725,4,0,-1.1367775627324859,-0.6666946619144603,-4757532.805066173,1001616.1219557791,Syn
17,92783,193,0,437.6171284177469,437.2123959495892,4199369.318609462,9299.408929473462,DrDoS_DNS
6,18119,2,0,-0.9096170337604487,4.720803220383021,2355735.9376198263,1995252.4386246984,TFTP
6,45406,4,7,37.540568082666574,3.1786088007319835,5969383.909740209,26979.79164914433,BENIGN
6,21836,3,2,-1.168703368330515,2.859912523455936,2291155.0202460103,19569.4420123521,DrDoS_NTP
6,1247049,5,7,4.478555997639539,3.4003578159135315,1803591.2557549174,-2271.210970971104,DrDoS_NTP
17,-23192,3,0,1374.3200037844504,1468.4237707707725,1472386735.341952,1000163.7965316128,DrDoS_SSDP
17,29765,168,0,433.0614163647781,432.4987005641691,4812680.643272203,669847.42668188,DrDoS_DNS
17,122737,1,1,27.698418165360142,39.479438011549014,-52461.79310210538,4728.486297290253,BENIGN
17,95490,4,0,403.457512731503,399.54965833360984,781409864.6298946,2001760.4452561766,DrDoS_UDP
6,155844,3,2,0.8783081722326818,2.5604115106015146,-7070723.525839279,23326.783780321362,BENIGN
17,26764,205,0,447.56540833946394,227.7769311959867,1674742.704304087,20344.78309681021,DrDoS_SNMP
17,-47409,204,0,437.60428584348443,437.0179456940831,932354410.0588536,9948.504622154607,DrDoS_DNS
17,-58874,2,0,222.3967795512577,228.1283540588705,441996550.2137072,2005344.4369846708,DrDoS_SNMP
6,85696,15,0,-0.34526779263975677,-1.5054838953667251,-2414127.039371146,15365.681170580403,Syn
6,24379,1,0,-3.5029836794492084,-3.0581377754270984,-441439.1928691529,1992892.8746309143,Syn
17,17024,2,0,389.09080909760365,396.46561242066934,775675851.3241687,2003036.4738707715,UDP-lag
6,107516837,17,0,6.955116609307146,2.4095690010075073,-327840.7971977694,850.6408220979465,Syn
17,-13886,1,0,1475.5938422906736,1477.2382615059887,2934844994.8443236,1997571.511156036,DrDoS_MSSQL
17,2243,3,0,395.19313008515576,329.6848372951128,1589537.8680310652,3689.5209738238063,DrDoS_UDP
17,-59563,4,0,1470.354619101708,1477.4436425130111,1464407004.4044042,1000580.1145991036,DrDoS_SSDP
6,-11609,2,0,-0.36296308234440616,0.03736859092212694,-2820586.1638141796,6949.913450901569,BENIGN
6,117274006,16,0,-2.9955665665164037,-0.8145481614216448,-2821272.7900737654,1997289.9431449845,Syn
17,41241,1,0,1463.2018319295776,586.594477445596,450185440.79379743,2000670.6423257925,DrDoS_LDAP
17,90361,3,2,25.5469398576974,25.209368153219902,-1180197.1083159114,11952.981899581879,BENIGN
17,-24475,0,0,441.78350899084126,430.24181282931414,902465405.2423716,1997747.156933485,DrDoS_NetBIOS
17,2565,3,0,1472.9449244652665,1476.0975254695022,2919059723.2964177,2002956.983624882,DrDoS_MSSQL
17,89491,2,0,389.73733807741667,403.2367756885488,463455661.2742404,2000732.0193126544,DrDoS_MSSQL
6,3240917,34,32,565.5304810395054,3.3310574446959635,2006927.247730901,-6265.352237762225,BENIGN
17,60409,3,0,1480.7629343878461,1480.7359872588886,1463125789.384565,993327.5260092482,DrDoS_LDAP
0,109973071,40,0,3.489210710811794,-1.3900683012383872,-4813638.062113126,-6483.2166938094415,BENIGN
6,26628,2,0,4.537977480867903,1.4286685248707862,583254.4040970852,2003528.2004179533,TFTP
17,22941,3,0,392.1408197212658,388.46761111148163,2767212953.4159737,1996309.680255823,UDP-lag
17,27676,1,0,387.2967010137078,818.0804826965557,178891143.9763703,996469.2451111103,DrDoS_UDP
17,93218,4,0,380.05925925671255,391.02821365454065,783563627.7277123,2001935.1489941927,UDP-lag
17,184582,204,0,446.8127359823714,439.8551268864253,10514778.884502936,13266.448456142436,DrDoS_DNS
17,109043,4,0,1386.270786366515,1402.8616185299165,1243312961.7162323,997396.1508981262,DrDoS_SSDP
